# 3ds Max Wavefront OBJ Exporter v0.99 - (c)2007 guruware
# File Created: 27.10.2024 19:17:59

mtllib AlaDerecha.mtl

#
# object AlaDerecha
#

v  -0.7419 0.6441 0.6143
v  -0.6901 0.7068 0.5496
v  -0.6712 0.5131 0.3915
v  -0.7118 0.4483 0.4652
v  -0.7624 0.4007 0.5094
v  -0.7885 0.5900 0.6640
v  -0.8143 0.7807 0.8100
v  -0.7610 0.8339 0.7578
v  -0.7007 0.8961 0.6906
v  -0.7639 1.1541 0.9561
v  -0.7657 1.0087 0.8716
v  -0.8278 0.9578 0.9387
v  -0.8347 1.1051 1.0406
v  -0.6937 1.2035 0.8554
v  -0.7003 1.0647 0.7883
v  -0.5861 1.1189 0.7125
v  -0.3592 1.1084 0.7243
v  -0.3707 0.9496 0.6322
v  -0.5936 0.9669 0.6126
v  -0.5754 1.2441 0.7743
v  -0.3640 1.2501 0.7325
v  -0.3704 0.7598 0.5036
v  -0.3575 0.5404 0.3911
v  -0.5563 0.5653 0.3545
v  -0.5786 0.7716 0.4928
v  0.3349 0.2483 0.0310
v  0.3744 0.4530 0.1430
v  0.4848 0.4602 0.0616
v  0.4416 0.2515 -0.0449
v  0.4116 0.0631 -0.1302
v  0.3042 0.0675 -0.0638
v  0.1441 0.0874 0.0147
v  0.1692 0.2596 0.1220
v  0.1984 0.4601 0.2415
v  0.4125 0.6506 0.2608
v  0.4512 0.8340 0.3661
v  0.5888 0.8201 0.2866
v  0.5347 0.6529 0.1796
v  0.2192 0.6663 0.3555
v  0.2409 0.8636 0.4625
v  -0.0677 0.6962 0.4814
v  -0.0734 0.4866 0.3583
v  -0.0553 0.8930 0.6055
v  1.5459 0.0154 -0.3915
v  1.4938 -0.1630 -0.4546
v  1.4816 -0.1336 -0.5064
v  1.5337 0.0499 -0.4382
v  1.6070 0.2590 -0.3504
v  1.6181 0.2188 -0.3099
v  1.5830 0.1896 -0.2624
v  1.4902 0.0072 -0.3638
v  1.4338 -0.1672 -0.4227
v  -0.2142 0.2322 0.9827
v  -0.2340 0.0255 0.8783
v  -0.1312 0.0720 0.7683
v  -0.1035 0.2763 0.8776
v  -0.0721 0.4771 0.9847
v  -0.1979 0.4383 1.0829
v  -0.2964 0.3608 1.1925
v  -0.3288 0.1723 1.0739
v  -0.3641 -0.0117 0.9464
v  0.1256 0.6734 0.9839
v  0.2801 0.6764 0.9016
v  0.3224 0.8059 0.9922
v  0.1686 0.7990 1.0776
v  -0.0387 0.6568 1.0783
v  -0.0062 0.7940 1.1620
v  0.0841 0.4958 0.8865
v  0.2369 0.4957 0.8058
v  -0.1797 0.6210 1.1764
v  -0.1372 0.7414 1.2785
v  -0.2320 0.6374 1.4036
v  -0.2681 0.5297 1.2976
v  -0.5064 0.1526 1.0672
v  -0.4717 0.3295 1.2001
v  -0.6436 0.3543 1.1283
v  -0.6654 0.1945 0.9748
v  -0.6824 0.0510 0.8219
v  -0.5406 -0.0138 0.9303
v  -1.1183 2.1477 2.2372
v  -1.0523 2.0214 2.0085
v  -1.1368 1.9698 2.0443
v  -1.1887 2.1004 2.2545
v  -1.2582 2.2426 2.4573
v  -1.2052 2.2974 2.4464
v  -1.1289 2.3375 2.4409
v  -1.0362 2.1834 2.2280
v  -0.9563 2.0604 1.9869
v  -0.5631 1.3358 0.8186
v  -0.3598 1.3407 0.7548
v  -0.6834 1.3028 0.9061
v  -0.6724 1.3830 0.9467
v  -0.5451 1.4040 0.8613
v  -0.3471 1.4002 0.7904
v  -0.5220 1.4708 0.9108
v  -0.4995 1.5169 0.9733
v  -0.3105 1.4808 0.9064
v  -0.3291 1.4516 0.8385
v  -0.6569 1.4631 0.9921
v  -0.6410 1.5240 1.0430
v  -0.7625 1.2553 1.0123
v  -0.7646 1.3364 1.0521
v  -0.8405 1.2060 1.1058
v  -0.8449 1.2827 1.1531
v  -0.7681 1.4198 1.0910
v  -0.7722 1.4903 1.1349
v  -0.8522 1.3597 1.1986
v  -0.8641 1.4290 1.2498
v  -0.0414 1.0836 0.6690
v  -0.0564 1.2509 0.6290
v  0.2648 1.2238 0.5201
v  0.2718 1.0492 0.5531
v  -0.0632 1.3562 0.6330
v  -0.0570 1.4144 0.6779
v  0.2462 1.4178 0.5583
v  0.2484 1.3445 0.5116
v  -0.0433 1.4417 0.7427
v  -0.0311 1.4483 0.8132
v  0.2688 1.4489 0.7102
v  0.2564 1.4486 0.6335
v  0.4950 0.9990 0.4479
v  0.5036 1.1588 0.4408
v  0.6630 1.1047 0.3580
v  0.6442 0.9596 0.3605
v  2.3309 1.0465 -0.0996
v  2.3860 0.9533 0.0095
v  2.3225 0.8976 -0.0340
v  2.2672 0.9917 -0.1264
v  2.2011 1.1207 -0.1221
v  2.1908 1.0585 -0.1367
v  2.2234 1.1645 -0.0943
v  2.3575 1.0946 -0.0661
v  2.4131 1.0038 0.0430
v  2.2478 1.1959 -0.0553
v  2.2689 1.2146 -0.0098
v  2.3349 1.1787 0.0294
v  2.3688 1.1368 -0.0265
v  2.3769 1.1222 0.1111
v  2.4147 1.0568 0.0754
v  2.1615 0.8365 0.0371
v  2.0291 0.7870 -0.0051
v  2.0242 0.8435 -0.0493
v  2.1808 0.8758 -0.0450
v  2.2927 0.8465 0.0695
v  2.2109 0.8436 0.1538
v  2.1105 0.8228 0.1100
v  1.9972 0.7669 0.0619
v  -0.2073 0.6944 1.4733
v  -0.1091 0.8051 1.3497
v  0.0118 0.8758 1.2283
v  0.0499 0.8856 1.3054
v  -0.0855 0.8349 1.4108
v  -0.1993 0.7400 1.5245
v  1.3237 0.9726 0.0352
v  1.4524 0.9596 -0.0223
v  1.3696 0.8062 -0.1399
v  1.2590 0.8151 -0.0864
v  1.1505 0.8207 -0.0305
v  1.2054 0.9809 0.0919
v  1.2257 1.1599 0.1290
v  1.3585 1.1504 0.0660
v  1.5143 1.1229 0.0208
v  1.3856 1.2712 0.0779
v  1.5509 1.2365 0.0321
v  1.2434 1.2903 0.1285
v  1.2741 1.3636 0.1768
v  1.4190 1.3407 0.1245
v  1.5849 1.3061 0.0645
v  1.0048 0.8817 0.8732
v  1.1621 0.8999 0.7584
v  1.2164 0.9470 0.8276
v  1.0582 0.9259 0.9649
v  0.9093 0.9362 1.0634
v  0.8729 0.8797 0.9718
v  0.8317 0.8728 0.8753
v  0.9459 0.8878 0.7795
v  1.0953 0.8995 0.6748
v  1.0782 1.0307 1.0001
v  1.2319 1.0276 0.8467
v  1.2209 1.1073 0.8292
v  1.0585 1.1336 0.9685
v  0.9169 1.1561 1.0819
v  0.9290 1.0435 1.1066
v  0.8901 1.2342 1.0296
v  1.0304 1.2069 0.9190
v  0.9921 1.2710 0.8574
v  0.8571 1.3003 0.9709
v  1.1944 1.1733 0.7860
v  1.1618 1.2408 0.7315
v  -0.0815 0.8822 1.4631
v  -0.2054 0.8014 1.5807
v  0.0668 0.9227 1.3618
v  0.0697 0.9756 1.4002
v  -0.0899 0.9400 1.5038
v  -0.2217 0.8785 1.6295
v  -0.1038 1.0035 1.5332
v  0.0615 1.0354 1.4197
v  0.0489 1.0996 1.4196
v  -0.1125 1.0753 1.5476
v  -0.2445 1.0466 1.6979
v  -0.2387 0.9582 1.6685
v  -0.9975 1.9079 1.7725
v  -0.9211 1.7754 1.5768
v  -1.0227 1.7214 1.6494
v  -1.0903 1.8457 1.8300
v  -0.8835 1.9453 1.7394
v  -0.7944 1.7993 1.5313
v  -0.7729 1.9603 1.7257
v  -0.6710 1.7993 1.5073
v  -0.8610 2.0923 1.9782
v  -0.6835 2.1568 1.9214
v  -0.5873 1.9882 1.6785
v  -0.4848 1.8126 1.4533
v  -0.2403 2.0601 1.5530
v  -0.1624 1.8564 1.3349
v  -0.3224 2.2674 1.7818
v  0.0622 2.4372 1.5621
v  0.1210 2.1935 1.3463
v  0.1701 1.9530 1.1461
v  0.4454 2.2984 1.1878
v  0.4729 2.0234 1.0166
v  0.4043 2.5748 1.3820
v  0.6777 2.6690 1.2595
v  0.7020 2.3725 1.0788
v  0.7046 2.0824 0.9131
v  2.6307 2.6573 0.5398
v  2.7140 2.6393 0.4746
v  2.8243 3.0706 0.6292
v  2.8141 3.0663 0.7011
v  2.7831 3.0698 0.7572
v  2.5839 2.6667 0.5668
v  2.4470 2.2125 0.4693
v  2.4995 2.2171 0.4382
v  2.5431 2.2195 0.3809
v  1.2361 2.3030 1.2046
v  1.1475 2.0135 1.0796
v  1.3862 2.0293 0.9452
v  1.4955 2.3648 1.0408
v  1.5955 2.6932 1.1928
v  1.3026 2.6049 1.3495
v  1.0281 2.5554 1.4640
v  0.9882 2.2745 1.3173
v  0.9322 2.0103 1.1829
v  -0.1701 1.8828 1.9489
v  -0.3662 1.7821 2.0819
v  -0.3324 1.6212 1.9423
v  -0.1581 1.7029 1.8000
v  0.0326 1.7615 1.6850
v  0.0432 1.9549 1.8407
v  0.0300 2.1508 2.0094
v  -0.1992 2.0573 2.1258
v  -0.4158 1.9407 2.2547
v  1.6536 2.5754 0.6857
v  1.4295 2.5321 0.7761
v  1.4633 2.8771 0.9653
v  1.7170 2.9324 0.8786
v  1.9973 3.0125 0.7535
v  1.9100 2.6262 0.5761
v  1.8516 2.2005 0.4977
v  1.6196 2.1725 0.5952
v  1.4056 2.1616 0.6444
v  -0.5141 1.5893 2.3065
v  -0.7673 1.4816 2.4033
v  -0.7297 1.3923 2.2657
v  -0.4689 1.4604 2.1782
v  -0.5754 1.7300 2.4670
v  -0.8165 1.5918 2.5701
v  2.2821 1.1787 0.2077
v  2.2436 1.1603 0.2718
v  2.2911 1.0701 0.2595
v  2.3525 1.0869 0.1877
v  2.2913 1.2028 0.1511
v  2.2456 1.3036 0.1907
v  2.2354 1.2785 0.2390
v  2.2057 1.2523 0.2929
v  1.4521 1.3811 0.1855
v  1.6222 1.3544 0.1175
v  1.3037 1.3956 0.2448
v  1.3287 1.4024 0.3154
v  1.4798 1.3973 0.2489
v  1.6573 1.3681 0.1864
v  -0.1189 1.1600 1.5266
v  -0.1145 1.2418 1.5142
v  -0.2420 1.2348 1.6749
v  -0.2330 1.1493 1.7039
v  0.0314 1.1640 1.3892
v  0.0367 1.2344 1.3894
v  -0.1478 1.5248 1.6590
v  -0.3009 1.4668 1.8125
v  -0.2721 1.3436 1.7176
v  -0.1268 1.3743 1.5653
v  0.0220 1.3934 1.4336
v  0.0193 1.5650 1.5343
v  -0.7820 1.5344 1.1859
v  -0.8045 1.5798 1.2700
v  -0.6620 1.5963 1.1745
v  -0.6394 1.5564 1.0911
v  -0.8841 1.4829 1.3128
v  -0.9150 1.5396 1.3961
v  -0.8515 1.6603 1.4069
v  -0.7143 1.6728 1.3370
v  -0.9598 1.6175 1.5085
v  -0.4919 1.5448 1.0378
v  -0.5135 1.5821 1.1391
v  -0.3171 1.5404 1.1073
v  -0.3004 1.4986 0.9892
v  -0.5782 1.6632 1.3083
v  -0.3862 1.6565 1.2627
v  -0.0200 1.4545 0.8947
v  -0.0309 1.5207 0.9989
v  0.2610 1.5505 0.8390
v  0.2754 1.4669 0.7699
v  -0.0878 1.6708 1.1429
v  0.2192 1.7276 0.9663
v  0.5285 1.5019 0.6805
v  0.5256 1.5791 0.7492
v  0.7289 1.6171 0.6742
v  0.7201 1.5559 0.5985
v  0.7036 1.5373 0.5395
v  0.5185 1.4752 0.6242
v  0.4995 1.7729 0.8580
v  0.7120 1.8211 0.7644
v  2.2383 1.3578 0.2604
v  2.2840 1.5036 0.2899
v  2.2457 1.4848 0.3368
v  2.2039 1.3326 0.3081
v  2.2541 1.3756 0.2107
v  2.3004 1.5123 0.2384
v  2.3861 1.8077 0.3571
v  2.3388 1.7944 0.4023
v  2.3954 1.8207 0.2989
v  0.9890 1.3671 0.8515
v  0.8411 1.3961 0.9463
v  1.1649 1.3348 0.7348
v  1.1979 1.4776 0.7698
v  1.0117 1.5098 0.8863
v  0.8624 1.5342 0.9947
v  1.2783 1.7219 0.8465
v  1.0652 1.7397 0.9619
v  0.8838 1.7562 1.0613
v  -0.1106 1.2954 1.5288
v  -0.2546 1.2828 1.6751
v  0.0339 1.2949 1.3989
v  -0.4282 1.3368 2.0587
v  -0.6895 1.2914 2.1527
v  -0.6527 1.2033 2.0621
v  -0.3947 1.2369 1.9648
v  -2.3864 2.4891 3.8775
v  -2.4216 2.5049 3.8494
v  -2.3976 2.5367 3.8729
v  -2.3684 2.5327 3.8991
v  -2.3265 2.5316 3.9474
v  -2.3496 2.4836 3.9263
v  -2.3810 2.4393 3.9278
v  -2.4204 2.4497 3.8768
v  -2.4423 2.4682 3.8550
v  -2.5351 2.4942 3.9452
v  -2.5301 2.4710 3.8950
v  -2.5111 2.4141 3.9438
v  -2.5184 2.4499 3.9954
v  -2.4580 2.3835 4.0088
v  -2.4670 2.4192 4.0643
v  -2.4719 2.5377 4.0508
v  -2.4381 2.5756 4.0474
v  -2.4682 2.5801 4.0004
v  -2.4989 2.5496 3.9885
v  -2.4237 2.5197 4.1237
v  -2.3901 2.5678 4.1202
v  -2.3605 2.5777 3.9247
v  -2.3113 2.5794 3.9821
v  -2.4104 2.5657 3.8806
v  -2.4308 2.5913 3.9128
v  -2.3740 2.6078 3.9654
v  -2.3175 2.6167 4.0300
v  -2.2968 2.4862 3.9878
v  -2.2767 2.5357 4.0113
v  -2.2120 2.5482 4.0565
v  -2.2365 2.4964 4.0433
v  -2.2605 2.4440 4.0530
v  -2.3286 2.4406 3.9977
v  -2.3553 2.3947 4.0277
v  -2.3842 2.3593 4.0820
v  -2.4173 2.3922 3.9529
v  -2.2800 2.3955 4.0863
v  -2.2927 2.3572 4.1398
v  -2.3984 2.3833 4.1508
v  -2.2974 2.3605 4.2158
v  -2.2863 2.4167 4.2754
v  -2.3872 2.4407 4.2012
v  -2.3555 2.5034 4.2146
v  -2.3200 2.5578 4.2015
v  -2.2593 2.4881 4.2853
v  -2.2311 2.5495 4.2654
v  -2.2849 2.6019 4.1610
v  -2.3517 2.6064 4.0849
v  -2.2067 2.5955 4.2195
v  -2.1925 2.6202 4.1592
v  -2.2574 2.6130 4.1021
v  -2.2588 2.5779 4.0510
v  -2.1932 2.6044 4.0923
v  -2.1699 2.5125 4.0498
v  -2.1517 2.5753 4.0615
v  -2.0946 2.5918 4.0684
v  -2.1111 2.5335 4.0432
v  -2.1203 2.4649 4.0480
v  -2.1876 2.4531 4.0647
v  -2.1977 2.4012 4.1014
v  -2.1212 2.4100 4.0923
v  -2.1152 2.3882 4.1555
v  -2.1986 2.3684 4.1579
v  -2.1881 2.3706 4.2284
v  -2.1717 2.4191 4.2843
v  -2.0993 2.3992 4.2175
v  -2.0793 2.4380 4.2682
v  -2.1519 2.4870 4.2978
v  -2.1342 2.5488 4.2812
v  -2.0615 2.4977 4.2938
v  -2.0502 2.5613 4.2820
v  -2.1239 2.6225 4.1806
v  -2.1244 2.5981 4.2398
v  -2.0497 2.6102 4.2403
v  -2.0587 2.6354 4.1811
v  -2.1370 2.6242 4.1122
v  -2.0779 2.6346 4.1166
v  -2.0625 1.9315 4.0844
v  -2.1009 1.9888 4.0724
v  -2.0212 2.0342 4.0586
v  -1.9801 1.9806 4.0734
v  -1.9461 1.9451 4.1208
v  -2.0305 1.8972 4.1353
v  -2.0860 1.8758 4.1479
v  -2.1342 1.8884 4.1081
v  -2.1759 1.9500 4.0899
v  -1.9941 2.1535 4.0181
v  -2.0099 2.1950 4.0899
v  -1.9563 2.2572 4.0593
v  -1.9281 2.2045 4.0035
v  -1.8632 2.1537 4.0288
v  -1.9368 2.0934 4.0473
v  -2.0726 2.0973 4.0349
v  -2.0883 2.1377 4.1053
v  -2.0200 2.2232 4.1550
v  -1.9921 2.2033 4.2240
v  -1.9209 2.2556 4.2065
v  -1.9567 2.2781 4.1352
v  -2.0955 2.1624 4.1701
v  -2.0792 2.1562 4.2406
v  -1.9567 2.1675 4.2696
v  -1.8849 2.2289 4.2606
v  -2.0439 2.1219 4.2943
v  -1.9993 2.0673 4.3109
v  -1.9169 2.1207 4.2898
v  -1.8399 2.1875 4.2902
v  -1.8775 2.0684 4.2801
v  -1.7890 2.1316 4.2843
v  -1.9571 2.0071 4.3085
v  -1.9317 1.9593 4.2588
v  -1.8478 2.0222 4.2418
v  -1.7541 2.0840 4.2349
v  -1.8353 1.9924 4.1767
v  -1.8584 2.0074 4.1069
v  -1.7828 2.0873 4.0991
v  -1.7438 2.0576 4.1622
v  -1.9282 1.9371 4.1898
v  -1.8962 2.0467 4.0681
v  -1.8231 2.1238 4.0653
v  -2.0618 2.4192 4.0820
v  -2.0635 2.4811 4.0403
v  -2.0154 2.4903 4.0371
v  -2.0150 2.4217 4.0761
v  -2.0040 2.4038 4.1472
v  -2.0544 2.4003 4.1496
v  -2.0371 2.4130 4.2125
v  -1.9838 2.4144 4.2147
v  -1.9601 2.4549 4.2714
v  -2.0150 2.4475 4.2683
v  -1.9965 2.5101 4.3013
v  -1.9872 2.5793 4.2843
v  -1.9409 2.5225 4.3040
v  -1.9312 2.5957 4.2814
v  -1.9890 2.6262 4.2359
v  -2.0009 2.6524 4.1751
v  -1.9327 2.6449 4.2267
v  -1.9454 2.6734 4.1605
v  -2.0208 2.6500 4.1098
v  -1.9679 2.6693 4.0886
v  -1.9873 2.6240 4.0372
v  -2.0380 2.6092 4.0625
v  -2.0543 2.5520 4.0421
v  -2.0023 2.5613 4.0276
v  -1.9666 2.4183 4.0828
v  -1.9501 2.4035 4.1566
v  -1.9647 2.4841 4.0327
v  -1.9324 2.4517 4.0168
v  -1.9275 2.4084 4.0924
v  -1.8998 2.4046 4.1678
v  -1.9306 2.3202 4.1137
v  -1.9262 2.2900 4.0284
v  -1.8767 2.3035 4.1903
v  -1.8560 2.3432 4.1762
v  -1.9224 2.3420 4.0988
v  -1.9109 2.3233 3.9859
v  -1.8260 2.3889 4.2282
v  -1.7826 2.4257 4.2611
v  -1.8334 2.4606 4.2604
v  -1.8672 2.4185 4.2250
v  -1.8542 2.3860 4.1653
v  -1.8131 2.3441 4.2356
v  -1.7399 2.3554 4.2634
v  -1.9244 2.4200 4.2213
v  -1.8968 2.4624 4.2715
v  -1.8356 2.2908 4.2486
v  -1.7820 2.2610 4.2789
v  -1.8778 2.5310 4.3053
v  -1.8700 2.6087 4.2794
v  -1.8120 2.5275 4.2912
v  -1.8023 2.6135 4.2749
v  -1.8718 2.6654 4.2128
v  -1.8872 2.7023 4.1361
v  -1.8069 2.6860 4.2008
v  -1.8285 2.7417 4.1149
v  -1.9302 2.3956 4.0022
v  -1.9072 2.3772 4.0929
v  -1.7211 2.2116 4.2683
v  -1.6728 2.1610 4.2236
v  -1.6029 2.2589 4.2088
v  -1.6638 2.3084 4.2448
v  -1.4930 2.3394 4.1381
v  -1.4912 2.3234 4.0636
v  -1.3539 2.4073 4.0706
v  -1.3911 2.4574 4.1336
v  -1.4597 2.5072 4.1834
v  -1.5333 2.3828 4.1928
v  -1.5734 2.2123 4.1435
v  -1.6250 2.2310 4.0513
v  -1.6531 2.1236 4.1478
v  -1.7188 2.1664 4.0843
v  -1.7098 2.2284 3.9919
v  -1.7635 2.1860 4.0349
v  -1.8145 2.2056 3.9963
v  -1.7750 2.2376 3.9327
v  -1.8825 2.2412 3.9851
v  -1.8613 2.2622 3.9369
v  -1.8384 2.2804 3.8773
v  -1.7719 2.2454 3.8617
v  -1.8913 2.3470 3.8968
v  -1.8710 2.3640 3.8148
v  -1.8134 2.2931 3.8051
v  -1.7542 2.2469 3.7960
v  -1.7823 2.2994 3.7268
v  -1.7295 2.2497 3.7240
v  -1.8385 2.3675 3.7273
v  -1.7950 2.3628 3.6432
v  -1.7446 2.2999 3.6512
v  -1.6948 2.2538 3.6548
v  -1.6225 2.1721 3.7041
v  -1.6233 2.2152 3.7069
v  -1.5923 2.2114 3.6471
v  -1.6107 2.1536 3.6566
v  -1.6372 2.0852 3.7043
v  -1.6517 2.1551 3.7410
v  -1.6552 2.2074 3.7575
v  -1.6655 2.2409 3.7167
v  -1.6920 2.2381 3.7788
v  -1.6310 2.2448 3.6513
v  -1.4529 1.9866 3.4042
v  -1.5083 2.0007 3.5176
v  -1.5395 2.0582 3.4926
v  -1.4874 2.0349 3.3708
v  -1.4304 2.0015 3.2281
v  -1.3727 1.9701 3.2731
v  -1.3197 1.9756 3.3472
v  -1.4009 1.9698 3.4578
v  -1.4542 1.9729 3.5529
v  -1.4985 1.9554 3.6390
v  -1.5277 1.9228 3.7202
v  -1.6049 1.9780 3.7036
v  -1.5609 1.9970 3.6154
v  -1.5921 2.0689 3.5979
v  -1.4338 1.9546 3.6767
v  -1.4579 1.9126 3.7452
v  -1.3951 1.9792 3.6037
v  -1.3459 2.0221 3.6719
v  -1.3788 1.9873 3.7307
v  -1.4005 1.9390 3.7862
v  -1.4694 2.3099 4.0008
v  -1.5790 2.2740 3.9824
v  -1.5308 2.2564 3.9435
v  -1.4398 2.2877 3.9590
v  -1.3429 2.3455 3.9450
v  -1.3458 2.3762 4.0020
v  -1.6549 2.2509 3.9474
v  -1.7024 2.2473 3.8951
v  -1.6489 2.2251 3.8729
v  -1.6005 2.2504 3.9105
v  -1.5686 2.2015 3.9095
v  -1.5578 2.2261 3.9181
v  -1.4960 2.2268 3.9416
v  -1.4842 2.1941 3.9415
v  -1.7093 2.2417 3.8386
v  -1.6754 2.2083 3.8159
v  -1.6930 2.1497 3.8053
v  -1.6719 2.0642 3.7987
v  -1.6833 2.0540 3.9021
v  -1.6604 2.1558 3.8771
v  -1.5808 2.0881 3.9621
v  -1.5785 2.1546 3.9236
v  -1.4769 2.0922 3.9912
v  -1.4805 2.1517 3.9526
v  -1.6219 1.9482 3.7932
v  -1.6177 1.9084 3.8791
v  -1.5369 1.8663 3.7987
v  -1.5411 1.8048 3.8745
v  -1.6096 1.8544 3.9578
v  -1.5948 1.8028 4.0343
v  -1.6090 1.8819 4.0492
v  -1.6446 1.9492 3.9907
v  -1.5507 1.7613 3.9501
v  -1.5590 1.7476 4.0063
v  -1.3546 1.9101 3.8948
v  -1.3593 1.8412 3.9560
v  -1.4052 1.8087 3.8990
v  -1.4044 1.8750 3.8393
v  -1.3639 1.9879 3.8462
v  -1.3524 2.0391 3.9120
v  -1.3452 1.9525 3.9666
v  -1.3500 1.8894 3.9993
v  -1.4656 1.8563 3.8153
v  -1.4647 1.7813 3.8751
v  -1.3835 1.9843 4.0282
v  -1.3839 1.8829 4.0544
v  -1.3859 2.0799 3.9793
v  -1.4657 1.9971 4.0501
v  -1.4508 1.8876 4.0909
v  -1.4748 1.7120 3.9480
v  -1.4143 1.7547 3.9759
v  -1.4390 1.7360 4.0366
v  -1.5046 1.6974 4.0424
v  -1.5658 1.9927 4.0256
v  -1.5457 1.8872 4.0852
v  -1.5346 1.7770 4.1059
v  -1.4398 1.7898 4.0810
v  -1.3866 1.8058 4.0251
v  -0.4415 0.4843 1.3228
v  -0.4162 0.5834 1.4392
v  -0.6017 0.5932 1.3918
v  -0.6210 0.4929 1.2712
v  -0.3998 0.6343 1.5139
v  -0.3932 0.6740 1.5721
v  -0.5834 0.6915 1.5284
v  -0.5891 0.6483 1.4685
v  -0.7159 0.6692 1.4336
v  -0.7398 0.6081 1.3502
v  -0.7003 0.7179 1.4994
v  -0.8012 0.7316 1.4971
v  -0.8207 0.6779 1.4185
v  -0.8500 0.6114 1.3276
v  -0.5849 0.7522 1.6009
v  -0.3959 0.7315 1.6427
v  -0.4031 0.8076 1.7125
v  -0.5899 0.8225 1.6775
v  -0.6956 0.7801 1.5742
v  -0.7973 0.7852 1.5823
v  -0.6972 0.8493 1.6492
v  -0.7954 0.8585 1.6463
v  -0.5946 0.8926 1.7519
v  -0.4095 0.8900 1.7721
v  -0.4062 0.9833 1.8328
v  -0.5972 0.9612 1.8259
v  -0.7006 0.9169 1.7174
v  -0.7076 0.9812 1.7794
v  -0.8040 0.9903 1.7527
v  -0.7965 0.9286 1.7002
v  -0.3743 1.1879 1.9162
v  -0.6211 1.1379 1.9980
v  -0.6006 1.0806 1.9439
v  -0.3711 1.1418 1.8906
v  -0.3867 1.0745 1.8740
v  -0.5961 1.0242 1.8903
v  -0.7195 1.0411 1.8354
v  -0.7475 1.1041 1.8911
v  -0.8542 1.1086 1.8576
v  -0.8182 1.0472 1.8036
v  -0.7699 0.5058 1.2255
v  -0.7961 0.3726 1.0795
v  -0.8849 0.5132 1.2114
v  -0.9446 0.3885 1.0713
v  -0.9275 0.2276 0.9101
v  -0.8097 0.2184 0.9309
v  -0.9285 0.0900 0.7859
v  -0.8220 0.0706 0.8015
v  -1.0189 0.4162 0.9832
v  -0.9848 0.4943 0.9284
v  -0.9504 0.3298 0.7893
v  -0.9918 0.2676 0.8497
v  -0.9345 0.1754 0.6663
v  -0.9739 0.1306 0.7268
v  -0.9396 0.6125 1.3157
v  -0.9488 0.5338 1.2284
v  -1.0200 0.6097 1.2814
v  -1.0024 0.5037 1.1758
v  -1.0415 0.5468 1.1035
v  -1.0183 0.6333 1.0546
v  -1.0820 0.6571 1.2178
v  -1.0728 0.7463 1.1604
v  -0.9327 0.7444 1.5100
v  -1.0448 0.7972 1.4781
v  -1.0356 0.7075 1.3880
v  -0.9378 0.6742 1.4211
v  -0.9815 0.7310 1.0456
v  -0.9367 0.8260 1.0373
v  -0.9088 0.6624 0.8901
v  -0.9407 0.5771 0.9115
v  -1.0455 0.8447 1.1424
v  -1.0104 0.9790 1.1588
v  -0.8874 0.9001 0.9959
v  -0.9144 1.0465 1.1041
v  -0.8645 0.7267 0.8555
v  -1.1059 0.8354 1.2564
v  -1.1058 0.7616 1.3257
v  -1.1110 0.8557 1.4125
v  -1.1161 0.9189 1.3301
v  -1.0832 0.8952 1.2172
v  -1.0860 0.9707 1.2546
v  -0.9324 1.1538 1.1736
v  -1.0221 1.1009 1.2328
v  -1.0262 1.1843 1.2971
v  -0.9306 1.2316 1.2355
v  -0.9333 0.8102 1.5843
v  -1.0539 0.8665 1.5461
v  -0.9386 0.8708 1.6498
v  -1.0631 0.9244 1.6027
v  -1.0904 1.0462 1.3047
v  -1.0982 1.1205 1.3631
v  -1.1226 0.9879 1.3869
v  -1.1295 1.0488 1.4391
v  -1.1104 0.9288 1.4720
v  -1.1165 0.9865 1.5229
v  -0.9453 0.9300 1.7076
v  -1.0712 0.9825 1.6577
v  -0.9511 0.9896 1.7579
v  -1.0753 1.0402 1.7123
v  -1.1247 1.0432 1.5792
v  -1.1284 1.0997 1.6384
v  -1.1353 1.1619 1.5629
v  -1.1353 1.1079 1.4991
v  -1.1024 1.1885 1.4288
v  -1.0202 1.2553 1.3685
v  -1.1032 1.2365 1.4976
v  -1.0270 1.3193 1.4609
v  -0.9307 1.3057 1.2954
v  -0.9400 1.3735 1.3571
v  -1.1242 1.1544 1.6978
v  -1.1135 1.2102 1.7584
v  -1.1200 1.2596 1.6764
v  -1.1299 1.2076 1.6246
v  -1.0714 1.0971 1.7659
v  -1.0667 1.1565 1.8204
v  -0.9543 1.0522 1.8015
v  -0.9668 1.1138 1.8448
v  -1.1083 1.2545 1.5615
v  -1.0889 1.3010 1.5819
v  -0.8031 1.1776 1.9517
v  -0.9287 1.1821 1.9212
v  -0.8637 1.2528 2.0321
v  -1.0448 1.2753 1.9798
v  -0.9605 1.4298 1.4272
v  -0.9902 1.4873 1.5105
v  -1.0282 1.3830 1.5318
v  -1.0464 1.4370 1.6160
v  -0.9981 1.1763 1.8893
v  -1.0677 1.2236 1.8821
v  -1.0812 1.3460 1.6396
v  -1.0889 1.4009 1.7218
v  -1.1129 1.3110 1.7409
v  -1.1180 1.3704 1.8206
v  -1.1077 1.2695 1.8271
v  -1.1119 1.3345 1.9099
v  -0.9037 1.3315 2.1343
v  -1.0583 1.3661 2.0873
v  -0.9335 1.4170 2.2496
v  -1.0751 1.4498 2.2000
v  -1.0276 1.5596 1.6117
v  -1.0782 1.6522 1.7399
v  -1.0718 1.5055 1.7141
v  -1.1068 1.5925 1.8368
v  -1.1075 1.4705 1.8180
v  -1.1325 1.5559 1.9358
v  -1.1324 1.4421 1.9173
v  -1.1495 1.5270 2.0324
v  -1.1225 1.4089 2.0088
v  -1.1363 1.4924 2.1223
v  -0.9651 1.5087 2.3726
v  -1.0941 1.5379 2.3231
v  -1.0056 1.6208 2.5258
v  -1.1233 1.6467 2.4715
v  -1.1321 1.7673 1.9108
v  -1.1792 1.8956 2.1044
v  -1.1411 1.7010 1.9984
v  -1.1815 1.8273 2.1775
v  -1.1517 1.6600 2.0835
v  -1.1791 1.7828 2.2494
v  -1.1665 1.6254 2.1666
v  -1.1848 1.7432 2.3214
v  -1.1519 1.5843 2.2486
v  -1.1745 1.6960 2.3972
v  -1.2885 2.1761 2.4800
v  -1.2271 2.0319 2.2950
v  -1.2308 1.9666 2.3545
v  -1.2940 2.1129 2.5252
v  -1.9120 2.5152 3.9636
v  -1.9508 2.5524 4.0000
v  -1.9426 2.6250 3.9902
v  -1.8770 2.6125 3.9048
v  -1.8689 2.4682 3.7488
v  -1.8230 2.5711 3.7723
v  -1.7866 2.5484 3.6750
v  -1.8219 2.4524 3.6552
v  -1.8947 2.4691 3.8462
v  -1.9225 2.6978 4.0466
v  -1.8738 2.7310 4.0098
v  -1.9187 2.4364 3.9236
v  -1.7862 2.7659 3.7871
v  -1.8679 2.8307 3.7185
v  -1.8474 2.7797 3.6822
v  -1.7831 2.6997 3.7752
v  -1.8077 2.7246 3.8964
v  -1.7817 2.8103 3.8897
v  -1.7985 2.8486 3.7974
v  -1.8870 2.8933 3.7514
v  -1.8026 2.9193 3.8127
v  -1.8770 2.9573 3.7591
v  -1.7736 2.8838 3.8910
v  -1.7683 2.9394 3.8950
v  -1.7912 2.9850 3.8392
v  -1.8552 3.0445 3.7698
v  -1.8868 3.1149 3.3661
v  -1.8602 3.0966 3.3137
v  -1.9824 2.9951 3.2917
v  -2.0106 3.0145 3.3530
v  -2.0324 3.0251 3.4224
v  -1.9093 3.1203 3.4270
v  -1.7621 3.1925 3.4633
v  -1.7411 3.1879 3.4092
v  -1.7212 3.1755 3.3609
v  -1.6424 2.8953 3.0090
v  -1.7005 2.7702 2.9481
v  -1.7529 2.8157 2.9925
v  -1.6741 2.9356 3.0638
v  -1.5785 3.0278 3.1413
v  -1.5639 2.9862 3.0828
v  -1.5452 2.9297 3.0203
v  -1.6077 2.8438 2.9540
v  -1.6484 2.7214 2.9055
v  -1.5609 2.7758 2.8977
v  -1.5877 2.6596 2.8604
v  -1.5139 2.8615 2.9531
v  -1.4844 2.8092 2.9105
v  -1.5012 2.7335 2.8561
v  -1.4972 2.5842 2.7927
v  -1.7253 2.6525 2.9255
v  -1.7244 2.5523 2.9326
v  -1.8001 2.6048 2.9769
v  -1.7886 2.7015 2.9762
v  -1.6618 2.6020 2.8847
v  -1.6519 2.5030 2.9001
v  -1.7064 2.4801 2.9604
v  -1.6601 2.4501 2.9928
v  -1.7343 2.4636 3.0364
v  -1.7819 2.5187 2.9982
v  -1.6271 2.4575 2.9452
v  -1.6114 2.4460 2.9713
v  -1.5923 2.5442 2.8450
v  -1.5760 2.4525 2.8671
v  -1.4981 2.4599 2.7831
v  -1.4831 2.3819 2.8076
v  -1.3794 2.3290 2.6564
v  -1.3855 2.2588 2.6832
v  -1.3615 2.4023 2.6471
v  -1.7513 2.4948 3.1512
v  -1.6655 2.5351 3.1954
v  -1.7517 2.5727 3.2500
v  -1.8411 2.5363 3.2139
v  -1.9025 2.5614 3.1696
v  -1.8249 2.5021 3.0992
v  -1.6545 2.4710 3.0848
v  -1.5629 2.5136 3.1327
v  -1.2255 1.9218 2.4235
v  -1.2823 2.0723 2.5952
v  -1.2128 1.8855 2.4989
v  -1.2648 2.0389 2.6757
v  -1.1563 1.8541 2.9533
v  -1.2412 1.9616 2.8720
v  -1.1610 1.8021 2.6557
v  -1.0730 1.7317 2.7517
v  -0.8822 1.7341 2.7904
v  -0.9971 1.9152 3.0386
v  -1.1972 1.8458 2.5767
v  -1.2494 1.9980 2.7550
v  -1.2615 1.9390 3.1203
v  -1.1908 1.9556 3.2192
v  -1.3374 1.9876 3.0725
v  -1.3759 2.2194 2.7500
v  -1.4430 2.3724 2.8716
v  -1.3485 2.1911 2.8274
v  -1.3207 2.4595 2.9784
v  -1.5356 2.4407 2.9296
v  -1.5401 2.4468 2.9698
v  -1.5850 2.4520 3.0164
v  -1.4516 2.5059 3.0473
v  -1.3863 2.3425 3.1413
v  -1.4402 2.3078 3.2547
v  -1.4412 2.3973 3.2540
v  -1.4598 2.4778 3.2591
v  -1.4864 2.5115 3.1973
v  -1.3321 2.4774 3.1519
v  -1.4042 2.2468 3.1433
v  -1.4373 2.2299 3.2624
v  -1.3795 2.2333 3.0115
v  -1.3703 2.1599 3.0368
v  -1.4062 2.1553 3.1338
v  -1.4536 2.1522 3.2577
v  -1.3909 2.0631 3.0905
v  -1.3285 2.0851 2.9673
v  -1.4617 2.0723 3.2314
v  -1.3291 2.1335 2.8893
v  -2.1498 2.0507 4.0520
v  -2.2219 2.0135 4.0831
v  -2.2061 2.0575 4.1275
v  -2.1605 2.0894 4.1201
v  -2.0151 1.8935 4.2028
v  -2.0169 1.9163 4.2697
v  -2.1013 1.8880 4.2713
v  -2.0951 1.8656 4.2034
v  -2.1296 2.0796 4.3093
v  -2.1913 2.0236 4.3082
v  -2.1329 1.9973 4.3281
v  -2.0784 2.0249 4.3257
v  -2.1650 2.1098 4.2470
v  -2.2362 2.0534 4.2470
v  -2.1682 2.1070 4.1793
v  -2.2241 2.0538 4.1782
v  -2.0395 1.9659 4.3173
v  -2.1208 1.9446 4.3126
v  -2.2048 1.9504 4.2892
v  -2.2705 1.9706 4.2346
v  -2.2389 1.9180 4.2102
v  -2.1900 1.8913 4.2461
v  -2.2642 1.9891 4.1534
v  -2.2401 1.9131 4.1452
v  -2.1723 1.8737 4.1764
v  -2.5027 2.5509 3.8767
v  -2.4649 2.5303 3.8450
v  -2.4910 2.4593 3.8485
v  -2.4660 2.4154 3.8960
v  -2.5106 2.5536 3.9320
v  -2.5137 2.5120 3.9871
v  -2.4576 2.5991 3.9594
v  -2.4060 2.6096 4.0148
v  -1.5762 2.5479 3.2550
v  -1.5161 2.4867 3.3115
v  -1.5790 2.5077 3.3873
v  -1.6404 2.5994 3.3217
v  -1.7781 2.4387 3.5699
v  -1.7465 2.3548 3.5677
v  -1.7462 2.5348 3.5923
v  -1.6956 2.5274 3.5209
v  -1.7142 2.4288 3.5034
v  -1.6925 2.3460 3.4998
v  -1.5180 2.3911 3.3174
v  -1.4962 2.3145 3.3327
v  -1.5680 2.3295 3.3838
v  -1.5796 2.4081 3.3815
v  -1.6482 2.4189 3.4409
v  -1.6330 2.3385 3.4390
v  -1.6418 2.5164 3.4515
v  -1.5788 2.1428 3.5738
v  -1.5364 2.1291 3.4705
v  -1.5626 2.2036 3.5628
v  -1.5186 2.2115 3.4603
v  -1.4879 2.1747 3.3590
v  -1.5385 2.2677 3.4124
v  -1.4777 2.2470 3.3525
v  -1.5951 2.2792 3.4694
v  -1.5756 2.2442 3.5147
v  -1.6256 2.2566 3.5441
v  -1.6505 2.2858 3.5250
v  -1.5057 2.1008 3.3566
v  -1.5891 2.2447 3.5824
v  -1.6533 2.2514 3.5930
v  -1.7000 2.2946 3.5853
v  -1.6239 3.2487 3.3390
v  -1.7018 3.1612 3.3219
v  -1.6449 3.2657 3.3785
v  -1.5681 3.3429 3.4089
v  -1.5494 3.3273 3.3632
v  -1.5270 3.3127 3.3230
v  -1.6016 3.2317 3.3067
v  -1.6806 3.1427 3.2903
v  -1.7777 2.6716 3.7204
v  -1.7644 2.6477 3.6286
v  -1.8306 2.7509 3.6254
v  -1.8193 2.7212 3.5462
v  -1.7412 2.6368 3.5432
v  -1.7070 2.6340 3.4606
v  -1.8035 2.7057 3.4597
v  -1.7983 2.6692 3.3773
v  -1.6756 2.6216 3.3838
v  -1.7896 2.6181 3.3089
v  -1.9318 2.6629 3.4152
v  -1.9123 2.6239 3.3448
v  -1.9559 2.6966 3.4914
v  -2.0598 2.7262 3.4273
v  -2.0195 2.6896 3.3580
v  -1.9873 2.6490 3.2959
v  -1.9519 2.6092 3.2339
v  -1.8895 2.5804 3.2789
v  -1.7798 3.0319 3.2040
v  -1.8928 2.9299 3.1638
v  -1.9240 2.9526 3.2025
v  -1.8065 3.0536 3.2375
v  -1.6581 3.1214 3.2618
v  -1.6175 3.1080 3.2336
v  -1.7490 3.0062 3.1660
v  -1.8543 2.8999 3.1199
v  -1.9952 2.6740 3.1960
v  -2.0037 2.7592 3.1686
v  -1.9566 2.7206 3.1132
v  -1.9457 2.6309 3.1344
v  -2.0305 2.7097 3.2514
v  -2.0355 2.7888 3.2176
v  -1.9539 2.9746 3.2434
v  -1.8335 3.0759 3.2723
v  -2.0599 2.7470 3.3074
v  -2.0959 2.7858 3.3717
v  -2.0922 2.8480 3.3293
v  -2.0623 2.8173 3.2685
v  -1.8600 2.7573 3.0402
v  -1.8839 2.6649 3.0423
v  -1.9233 2.8074 3.1067
v  -1.8052 2.8600 3.0571
v  -1.9676 2.8419 3.1554
v  -1.9973 2.8658 3.2012
v  -1.8704 2.5726 3.0604
v  -2.0269 2.8900 3.2460
v  -2.0586 2.9154 3.2987
v  -0.6511 1.8775 2.6903
v  -0.5026 2.0937 2.4768
v  -0.6073 2.2353 2.7038
v  -0.7354 2.0237 2.9246
v  -0.2695 2.2259 2.3414
v  -0.0168 2.3447 2.2115
v  -0.0739 2.5205 2.4197
v  -0.3566 2.3793 2.5609
v  -0.4398 2.5123 2.7454
v  -0.7013 2.3536 2.8991
v  -0.1167 2.6602 2.6083
v  -0.1443 2.7602 2.7528
v  -0.5027 2.6142 2.8820
v  -0.7730 2.4487 3.0358
v  1.0529 2.8333 1.6627
v  1.3430 2.8907 1.5674
v  1.6655 2.9798 1.4427
v  1.7182 3.2249 1.7145
v  1.3801 3.1327 1.8145
v  1.0859 3.0666 1.8911
v  2.9772 3.4337 0.9279
v  2.9602 3.4191 0.9903
v  2.9591 3.4508 0.8661
v  3.1329 3.7745 1.1048
v  3.1539 3.7347 1.1723
v  3.1054 3.7147 1.2343
v  1.7742 3.2398 1.1176
v  1.4892 3.1754 1.1983
v  1.5151 3.4281 1.4532
v  1.8272 3.5090 1.3741
v  2.1643 3.6328 1.2503
v  2.0809 3.3485 0.9868
v  0.3474 2.8198 1.6216
v  0.2914 3.0281 1.8677
v  0.5844 3.1260 1.7481
v  0.6317 2.9216 1.4951
v  -0.0060 2.6625 1.8025
v  -0.0711 2.8652 2.0361
v  -0.9438 2.2124 2.2223
v  -1.0318 2.3591 2.4332
v  -0.8329 2.4285 2.3844
v  -0.7597 2.2886 2.1666
v  -0.4051 2.4561 2.0122
v  -0.4753 2.6281 2.2340
v  -0.5250 2.7891 2.4293
v  -0.5611 2.9111 2.5805
v  -0.1483 3.1645 2.3909
v  -0.1177 3.0392 2.2363
v  -0.8971 2.5875 2.5709
v  -0.9435 2.7129 2.7135
v  -1.2218 2.5158 2.6261
v  -1.3095 2.4690 2.6348
v  -1.3997 2.6389 2.7680
v  -1.2903 2.6882 2.7953
v  -1.1071 2.5208 2.6256
v  -1.1509 2.6387 2.7790
v  -0.6896 3.2890 3.0354
v  -0.7113 3.3350 3.0719
v  -0.2899 3.5870 2.9364
v  -0.2628 3.5378 2.8991
v  -0.2415 3.4893 2.8574
v  -0.6876 3.2680 2.9697
v  -1.0971 3.1268 3.0379
v  -1.0852 3.1213 3.1110
v  -1.0911 3.1516 3.1519
v  0.0998 3.7657 2.7652
v  0.0730 3.8167 2.8176
v  0.3525 4.0006 2.7294
v  0.3872 3.9385 2.6695
v  0.3962 3.9006 2.6301
v  0.1085 3.7340 2.7265
v  2.1350 4.6742 2.0235
v  2.1485 4.6153 1.9929
v  1.7206 4.4201 2.1416
v  1.7042 4.4783 2.1874
v  1.3659 4.3030 2.2675
v  1.3379 4.3644 2.3017
v  1.2678 4.4820 2.3514
v  1.6395 4.6075 2.2458
v  2.0786 4.7994 2.1021
v  1.5170 3.6327 2.4643
v  1.4786 3.5954 2.3662
v  1.8223 3.7227 2.2734
v  1.8506 3.7554 2.3654
v  1.8496 3.8192 2.4385
v  1.5280 3.7039 2.5419
v  1.3026 3.5783 2.6730
v  1.2886 3.4663 2.5797
v  1.2231 3.4418 2.4527
v  -0.5275 2.6767 2.9630
v  -0.7961 2.5157 3.1056
v  -0.1535 2.8154 2.8317
v  -0.1563 2.8652 2.8953
v  -0.5144 2.7014 3.0397
v  -0.7930 2.5281 3.1825
v  -0.5276 2.8766 3.3392
v  -0.2152 3.1097 3.1867
v  -0.2434 3.1630 3.2257
v  -0.2794 3.2437 3.2599
v  -0.5790 2.9959 3.3867
v  -0.5603 2.9280 3.3488
v  -0.8214 2.8065 3.4581
v  -0.7935 2.7310 3.4681
v  -0.7725 2.6749 3.4617
v  -0.4560 2.6822 3.1632
v  -0.7662 2.5396 3.2733
v  -0.0991 2.8550 3.0355
v  -0.1093 2.9443 3.1478
v  -0.4456 2.7331 3.2755
v  -0.7407 2.5650 3.3652
v  -0.4888 2.8151 3.3179
v  -0.7532 2.6184 3.4247
v  -0.1785 3.0473 3.1508
v  -0.8296 2.1585 3.1131
v  -1.0159 2.0533 3.2452
v  -0.8735 2.2590 3.2452
v  -1.0298 2.1638 3.4060
v  -0.9023 2.3134 3.3280
v  -0.8873 2.3467 3.2513
v  -0.9336 2.3617 3.3978
v  -0.9479 2.4280 3.4530
v  -1.0257 2.2883 3.5652
v  -1.0343 2.2220 3.5060
v  -0.9359 2.4721 3.5121
v  -0.9286 2.5358 3.5677
v  -1.0302 2.4404 3.6517
v  -1.0371 2.3591 3.6053
v  -1.3468 1.9917 3.5269
v  -1.2793 2.0084 3.4413
v  -1.2461 2.0640 3.5398
v  -1.3055 2.0453 3.6057
v  -1.1734 2.0237 3.3474
v  -1.1713 2.1038 3.4748
v  -1.4156 2.2505 3.9312
v  -1.3319 2.2893 3.9011
v  -1.3983 2.1991 3.9236
v  -1.3032 2.2007 3.8647
v  -1.1485 2.1696 3.5660
v  -1.1262 2.2307 3.6290
v  -1.1960 2.2014 3.6921
v  -1.2228 2.1398 3.6223
v  -1.2460 2.2673 3.8205
v  -1.2451 2.1859 3.7666
v  -1.2297 2.2310 3.7821
v  -1.1884 2.2533 3.7287
v  -1.1930 2.3124 3.7620
v  -1.2676 2.1129 3.6980
v  -1.3055 2.0921 3.7628
v  -1.3494 2.0533 3.8046
v  -1.3335 2.1133 3.8870
v  -1.3921 2.1449 3.9402
v  -1.1207 2.2902 3.6754
v  -1.1246 2.3686 3.7053
v  3.6242 4.5061 1.7991
v  3.6659 4.5785 1.8860
v  3.5851 4.5055 1.9638
v  3.5322 4.4065 1.8499
v  3.4533 4.3352 1.7277
v  3.5821 4.4700 1.7135
v  3.6491 4.5475 1.6986
v  3.7103 4.5874 1.7420
v  3.7421 4.6412 1.8044
v  3.5587 4.4915 1.6478
v  3.6523 4.5773 1.6484
v  3.4828 4.3795 1.6392
v  3.4740 4.4389 1.5735
v  3.5463 4.5296 1.5886
v  3.6336 4.6029 1.5862
v  3.7353 4.6293 1.6763
v  3.7138 4.6625 1.6099
v  3.7650 4.7291 1.6535
v  3.7765 4.6872 1.7292
v  3.7336 4.8186 1.8430
v  3.7229 4.7662 1.8955
v  3.7494 4.7063 1.8594
v  3.7781 4.7569 1.7796
v  3.7623 4.8089 1.7016
v  3.7123 4.8829 1.7634
v  3.6725 4.7123 1.5489
v  3.6020 4.6507 1.5339
v  3.5496 4.6785 1.5172
v  3.5818 4.7400 1.5190
v  3.5957 4.7961 1.5322
v  3.7075 4.7750 1.5795
v  3.7001 4.8434 1.6183
v  3.6467 4.9105 1.6606
v  3.5904 4.8535 1.5550
v  3.5661 4.8948 1.5925
v  3.4575 4.8904 1.5892
v  3.4401 4.8336 1.5336
v  3.4481 4.7790 1.5016
v  3.2984 4.7520 1.4670
v  3.2891 4.8290 1.5042
v  3.3117 4.8992 1.5857
v  0.0996 3.7110 2.6476
v  0.0730 3.7023 2.5439
v  -0.2799 3.4829 2.6558
v  -0.2536 3.4805 2.7617
v  0.3876 3.8651 2.5631
v  0.3630 3.8426 2.4704
v  -0.5917 2.9685 2.6703
v  -0.6203 3.0053 2.7256
v  -0.1894 3.2588 2.5347
v  -0.1718 3.2281 2.4800
v  -0.9694 2.7619 2.7979
v  -1.0096 2.7983 2.8419
v  -1.1537 2.6925 2.8396
v  -1.2100 2.7275 2.8612
v  -0.7116 3.2744 2.8707
v  -1.1252 3.1259 2.9378
v  -0.7216 3.2429 2.7822
v  -1.1218 3.0620 2.8639
v  -1.3150 3.0178 2.9736
v  -1.3995 2.9591 2.9855
v  -1.4155 3.0266 3.0389
v  -1.3153 3.0679 3.0446
v  -1.2924 2.9506 2.9336
v  -1.3622 2.8786 2.9436
v  -0.7095 3.1822 2.7506
v  -1.0978 2.9964 2.8447
v  -0.2707 3.4214 2.6013
v  -0.2383 3.3491 2.6013
v  -0.6902 3.1206 2.7399
v  -1.0837 2.9353 2.8394
v  -1.0543 2.8671 2.8425
v  -1.2472 2.7933 2.8975
v  -1.3428 2.7791 2.8904
v  -1.2668 2.8673 2.9138
v  -1.4289 2.7520 2.8580
v  -1.4376 2.8333 2.9280
v  -1.2589 2.9165 2.9123
v  -1.4628 2.9135 2.9830
v  -1.4862 2.9828 3.0420
v  -0.6573 3.0615 2.7432
v  -0.2078 3.2958 2.5847
v  -1.7107 2.9721 3.1184
v  -1.6019 3.0611 3.1883
v  -1.5774 3.2116 3.2782
v  -1.5017 3.2943 3.2857
v  -1.4719 3.2692 3.2582
v  -1.5491 3.1969 3.2552
v  -1.4926 3.0423 3.1047
v  -1.4087 3.0627 3.1143
v  -1.4928 3.0827 3.1671
v  -1.3895 3.1146 3.1814
v  -1.3046 3.0766 3.1212
v  -1.2937 3.1082 3.1671
v  -1.5203 3.1592 3.2234
v  -1.4286 3.2062 3.2186
v  -1.4133 3.1657 3.2030
v  -1.5083 3.1234 3.2014
v  -1.5136 3.1959 3.2382
v  -1.4433 3.2436 3.2369
v  -1.2946 3.1768 3.2000
v  -1.2681 3.1492 3.1882
v  -1.1088 3.2629 3.2244
v  -1.0944 3.2074 3.1866
v  -1.4021 3.3784 3.2974
v  -1.3696 3.3416 3.2617
v  -1.4305 3.4041 3.3470
v  -1.2651 3.5527 3.3751
v  -1.2305 3.5153 3.3196
v  -1.1926 3.4679 3.2851
v  -1.3216 3.2575 3.2265
v  -1.3416 3.2994 3.2425
v  -1.1641 3.4194 3.2729
v  -1.1411 3.3671 3.2717
v  -1.3092 3.2148 3.2126
v  -1.1221 3.3132 3.2562
v  -0.8968 3.7132 3.3244
v  -0.9498 3.7750 3.3315
v  -0.9982 3.8231 3.3841
v  -0.6910 4.1517 3.4167
v  -0.6345 4.1035 3.3537
v  -0.5737 4.0425 3.3384
v  -0.3370 3.6708 3.0086
v  -0.7388 3.4033 3.1201
v  -0.7727 3.4846 3.1774
v  -0.3936 3.7710 3.1067
v  -0.8092 3.5589 3.2341
v  -0.4523 3.8693 3.2122
v  -0.8414 3.6202 3.2877
v  -0.5036 3.9508 3.2977
v  -0.8662 3.6665 3.3206
v  -0.5359 3.9979 3.3370
v  -0.3571 4.4424 3.4279
v  -0.1536 4.7430 3.4794
v  -0.0700 4.6726 3.4388
v  -0.2897 4.3833 3.3874
v  -0.4129 4.4862 3.5072
v  -0.2145 4.7896 3.5759
v  0.0089 3.9195 2.9192
v  -0.0670 4.0467 3.0579
v  0.1749 4.2812 3.0130
v  0.2689 4.1257 2.8468
v  -0.1329 4.1739 3.2156
v  0.1096 4.4323 3.2157
v  -0.1937 4.2820 3.3380
v  0.0456 4.5634 3.3693
v  -0.2397 4.3389 3.3846
v  -0.0091 4.6277 3.4277
v  0.9805 5.8363 3.4683
v  1.0740 5.7431 3.4681
v  0.7321 5.4850 3.4880
v  0.6342 5.5704 3.4983
v  0.5392 5.6430 3.5673
v  0.8784 5.9234 3.5190
v  1.2946 6.2464 3.4837
v  1.4009 6.1517 3.4333
v  1.4919 6.0466 3.4447
v  1.0957 5.6783 3.4246
v  0.7726 5.4169 3.4668
v  1.5036 5.9761 3.3876
v  1.5334 5.8526 3.2702
v  1.1088 5.5930 3.2941
v  0.7875 5.3434 3.3409
v  0.2516 4.4389 3.8009
v  -0.0807 4.1020 3.8251
v  -0.0558 4.0609 3.7285
v  0.2796 4.4078 3.6828
v  -0.1033 4.1365 3.9292
v  0.2266 4.4573 3.9341
v  -0.4360 3.7418 3.9466
v  -0.4216 3.7002 3.8527
v  -0.4286 3.6773 3.7649
v  -0.6785 3.3659 3.8520
v  -0.6690 3.3397 3.7845
v  -0.6999 3.3999 3.9225
v  -0.8824 3.1220 3.9036
v  -0.8546 3.1007 3.8481
v  -0.8404 3.0815 3.7932
v  -0.5937 3.1061 3.4532
v  -0.3083 3.3737 3.3360
v  -0.3308 3.4990 3.4425
v  -0.6167 3.2179 3.5237
v  -0.8360 2.9884 3.5726
v  -0.8221 2.9063 3.5070
v  -0.6750 3.3318 3.7252
v  -0.6678 3.3153 3.6669
v  -0.3949 3.6272 3.6383
v  -0.4125 3.6516 3.7039
v  -0.8464 3.0700 3.7427
v  -0.8607 3.0616 3.6897
v  -0.6424 3.2806 3.5991
v  -0.8546 3.0380 3.6307
v  -0.3641 3.5804 3.5473
v  -1.1505 2.7540 3.9015
v  -1.1587 2.7002 3.8672
v  -1.0855 2.7951 3.8298
v  -1.0764 2.8245 3.8630
v  -1.0685 2.8657 3.8920
v  -1.1236 2.8391 3.9211
v  -1.1870 2.8311 3.9637
v  -1.2108 2.7259 3.9582
v  -1.2449 2.6288 3.9203
v  -0.9288 2.6221 3.5906
v  -0.9497 2.7184 3.5592
v  -1.0381 2.7000 3.6561
v  -1.0172 2.5544 3.6799
v  -0.9988 2.8539 3.5828
v  -0.9564 2.8143 3.5328
v  -0.9773 2.9263 3.8521
v  -0.9736 2.9070 3.8103
v  -1.0025 2.9464 3.8915
v  -1.0832 2.4751 3.7592
v  -1.0851 2.5835 3.7635
v  -1.1493 2.5130 3.8500
v  -1.1763 2.4036 3.8063
v  -1.0922 2.6467 3.7594
v  -1.0817 2.7484 3.6953
v  -1.0863 2.7508 3.7512
v  -1.1292 2.6360 3.7952
v  -1.1928 2.5616 3.8907
v  -1.2870 2.5170 4.0090
v  -1.2444 2.4630 3.9642
v  -1.2412 2.4132 3.9168
v  -1.0850 2.7660 3.7953
v  -1.1556 2.6595 3.8290
v  -1.2611 2.3430 3.8511
v  -0.9857 2.8948 3.7657
v  -0.9974 2.8832 3.7181
v  -1.0110 2.8770 3.6526
v  -1.0550 2.9605 3.9289
v  -0.9337 3.1519 3.9490
v  -1.0226 3.1677 3.9619
v  -1.1262 2.9635 3.9520
v  -0.8316 3.5213 3.9869
v  -0.7570 3.4515 3.9848
v  -0.5144 3.8223 3.9890
v  -0.6018 3.9072 3.9898
v  -0.8777 3.5839 4.0011
v  -0.9079 3.6349 4.0418
v  -1.0193 3.4190 4.0053
v  -1.0356 3.2959 3.9753
v  -0.6494 3.9621 4.0294
v  -0.6924 4.0092 4.0747
v  -0.1760 4.2076 3.9945
v  0.1565 4.5211 4.0428
v  0.0500 4.6160 4.0312
v  -0.2735 4.2974 3.9805
v  -0.3334 4.3462 4.0289
v  -0.0208 4.6613 4.0622
v  -0.1127 4.6924 4.1271
v  -0.4034 4.3865 4.0858
v  1.1806 5.9017 4.0825
v  0.8731 5.6803 4.0383
v  0.9458 5.5764 4.0084
v  1.2687 5.8013 4.0504
v  1.6255 6.0687 4.1079
v  1.5192 6.1569 4.1388
v  1.3175 6.2366 4.1819
v  1.0106 5.9916 4.1398
v  0.7299 5.7746 4.0944
v  0.8151 5.9795 3.6119
v  0.7820 5.9920 3.7204
v  1.1778 6.3089 3.7069
v  1.2315 6.2877 3.6015
v  0.4854 5.6891 3.6538
v  0.4537 5.7050 3.7474
v  -0.4475 4.5078 3.5829
v  -0.7193 4.1707 3.5033
v  -0.7427 4.1840 3.5847
v  -0.4834 4.5271 3.6539
v  -0.2866 4.8217 3.7193
v  -0.2513 4.8085 3.6520
v  -1.4536 3.4241 3.4001
v  -1.2910 3.5799 3.4392
v  -1.4684 3.4391 3.4552
v  -1.3042 3.5952 3.5048
v  -1.0324 3.8548 3.4579
v  -1.0482 3.8671 3.5371
v  -1.4762 3.4552 3.5080
v  -1.3090 3.6056 3.5581
v  -1.5831 3.3641 3.4625
v  -1.5981 3.4059 3.5260
v  -1.4712 3.4712 3.5600
v  -1.3005 3.6000 3.6132
v  -1.6657 3.2862 3.4275
v  -1.6933 3.3063 3.4799
v  -1.0558 3.8715 3.6024
v  -1.0691 3.8757 3.6616
v  -0.7970 4.2081 3.7287
v  -0.7605 4.1901 3.6604
v  -1.5137 3.4894 3.6169
v  -1.4519 3.4936 3.6123
v  -1.3712 3.6485 3.7334
v  -1.3147 3.6102 3.6691
v  -1.1435 3.1858 3.9737
v  -1.1660 3.0638 3.9419
v  -1.0857 3.3696 4.0232
v  -1.1335 3.3759 4.0669
v  -1.2178 3.1642 4.0025
v  -1.2578 3.0273 3.9594
v  -1.3014 2.9356 4.0015
v  -1.3153 3.0112 3.9909
v  -1.3537 2.9939 4.0141
v  -1.3235 2.9067 4.0164
v  -1.2800 2.8646 4.0158
v  -1.2596 2.9296 3.9951
v  -1.1980 2.9452 3.9718
v  -1.2368 2.8390 3.9963
v  2.8798 6.8970 3.6328
v  2.8200 6.8415 3.5681
v  2.7302 6.9688 3.5804
v  2.8102 7.0083 3.6401
v  2.6325 7.0399 3.6675
v  2.7295 7.0673 3.7115
v  2.8015 7.0615 3.7391
v  2.8695 7.0148 3.7130
v  2.9085 6.9361 3.6878
v  2.8111 6.8696 4.0133
v  2.8788 6.9261 3.9387
v  2.8184 6.9951 3.9601
v  2.7369 6.9822 3.9961
v  2.6176 6.9347 4.0370
v  2.7221 6.8043 4.0700
v  2.7794 6.6813 3.9524
v  2.8442 6.7684 3.9192
v  2.8858 6.8358 3.9028
v  2.6998 7.0378 3.9326
v  2.6915 7.0727 3.8674
v  2.5647 7.0405 3.8604
v  2.5718 7.0045 3.9539
v  2.8161 7.0357 3.9062
v  2.8077 7.0601 3.8570
v  2.9177 6.9757 3.8320
v  2.9109 6.9584 3.8759
v  2.9036 6.8292 3.8444
v  2.9137 6.8363 3.7891
v  2.8023 7.0679 3.7976
v  2.6965 7.0814 3.7916
v  2.5832 7.0492 3.7677
v  2.9067 6.9996 3.7814
v  2.9245 6.8836 3.7367
v  2.8901 6.7926 3.6812
v  2.8374 6.7169 3.6267
v  2.8617 6.7335 3.7538
v  2.8110 6.6419 3.7195
v  2.8452 6.7310 3.8296
v  2.7827 6.6423 3.8249
v  -1.2973 3.6497 4.4652
v  -1.3663 3.6712 4.4785
v  -1.4633 3.3631 4.3264
v  -1.3954 3.3388 4.3132
v  -1.3385 3.3186 4.2774
v  -1.2379 3.6295 4.4316
v  -1.1163 4.0027 4.6020
v  -1.1736 4.0188 4.6562
v  -1.2468 4.0425 4.6880
v  -1.4507 3.6726 4.4651
v  -1.5420 3.3669 4.3130
v  -1.3427 4.0522 4.6871
v  -1.4475 4.0799 4.6579
v  -1.5434 3.6950 4.4281
v  -1.6303 3.3928 4.2760
v  -1.4574 3.1132 4.1757
v  -1.5212 3.1306 4.1913
v  -1.5500 2.9706 4.0797
v  -1.4924 2.9580 4.0657
v  -1.4396 2.9547 4.0454
v  -1.4053 3.1047 4.1415
v  -1.5894 3.1401 4.1809
v  -1.6043 2.9817 4.0791
v  -1.6720 3.1714 4.1529
v  -1.6862 2.9964 4.0524
v  -1.3656 2.8671 4.0420
v  -1.3229 2.8003 4.0465
v  -1.3942 2.9707 4.0306
v  -1.4234 2.8370 4.0689
v  -1.3941 2.7315 4.0958
v  -1.6791 2.8778 4.0514
v  -1.7517 2.9541 3.9603
v  -1.7613 2.8842 3.9955
v  -1.7925 2.8284 4.0092
v  -1.7018 2.7976 4.0956
v  -1.8268 2.7751 4.0042
v  -1.7741 2.7746 4.1095
v  -1.3585 2.5729 4.0661
v  -1.3013 2.6631 4.0362
v  -1.4128 2.6211 4.1540
v  -1.2687 2.7471 4.0142
v  -1.7403 2.7046 4.1993
v  -1.7306 2.6084 4.2709
v  -1.6411 2.6046 4.2562
v  -1.6810 2.7200 4.1976
v  -1.4965 2.8349 4.0695
v  -1.5651 2.8482 4.0678
v  -1.5745 2.7633 4.1189
v  -1.4926 2.7503 4.1320
v  -1.6039 2.4264 4.2327
v  -1.6811 2.4683 4.2655
v  -1.5443 2.5492 4.2282
v  -1.7492 2.5041 4.2771
v  -1.5855 2.6989 4.2093
v  -1.6366 2.7369 4.1822
v  -1.6322 2.7796 4.0991
v  -1.5037 2.6612 4.1964
v  -1.6199 2.8631 4.0621
v  -1.7771 3.0423 3.8947
v  -1.7638 3.1246 3.9754
v  -1.8197 3.2355 3.8888
v  -1.8232 3.1307 3.8212
v  -1.7742 3.3302 3.5755
v  -1.7139 3.4412 3.6166
v  -1.6579 3.4206 3.5718
v  -1.7327 3.3189 3.5277
v  -1.7840 3.1830 3.5203
v  -1.8018 3.1745 3.5915
v  -1.8331 3.2881 3.6666
v  -1.8053 3.3526 3.6301
v  -1.8370 3.4055 3.7351
v  -1.7750 3.4444 3.6761
v  -1.8293 3.2111 3.7377
v  -1.8533 3.1165 3.6775
v  -1.8560 3.3303 3.8116
v  -1.6535 3.5478 3.6568
v  -1.5692 3.6966 3.7481
v  -1.4843 3.6517 3.7414
v  -1.5800 3.5168 3.6255
v  -1.7452 3.2694 4.0770
v  -1.7903 3.3852 3.9834
v  -1.7114 3.4863 4.2064
v  -1.7412 3.5980 4.1070
v  -1.8110 3.4746 3.9004
v  -1.7987 3.5374 3.8131
v  -1.7531 3.6764 4.0163
v  -1.7221 3.7180 3.9211
v  -1.7319 3.5563 3.7272
v  -1.6573 3.7226 3.8200
v  -1.6247 3.7855 4.3556
v  -1.6583 3.8927 4.2578
v  -1.5293 4.1685 4.5803
v  -1.5675 4.2694 4.4800
v  -1.5469 3.9863 3.9881
v  -1.4376 4.3536 4.2044
v  -1.3373 4.3145 4.1507
v  -1.4511 3.9443 3.9330
v  -1.6106 3.9899 4.0859
v  -1.5128 4.3600 4.2992
v  -1.6491 3.9607 4.1699
v  -1.5485 4.3296 4.3893
v  -1.4350 4.6420 4.9155
v  -1.4771 4.7267 4.8114
v  -1.3431 4.5631 4.9774
v  -1.2658 4.9790 5.3066
v  -1.3670 5.0628 5.2399
v  -1.4005 5.1367 5.1197
v  -1.3418 4.8033 4.4688
v  -1.2745 5.2108 4.7012
v  -1.1615 5.2006 4.6181
v  -1.2318 4.7745 4.4083
v  -1.4282 4.8026 4.5769
v  -1.3524 5.1921 4.8360
v  -1.4616 4.7745 4.6976
v  -1.3881 5.1708 4.9825
v  -0.7789 6.3272 5.8683
v  -0.6777 6.6388 6.0972
v  -0.7896 6.6993 5.9972
v  -0.8669 6.3755 5.7838
v  -0.9750 6.0982 5.6305
v  -0.8994 6.0498 5.7160
v  -0.7999 6.0097 5.7626
v  -0.6738 6.2847 5.9182
v  -0.5373 6.5849 6.1407
v  -0.9081 6.5063 5.5521
v  -0.9985 6.2354 5.3996
v  -1.0111 6.1708 5.5269
v  -0.9266 6.4449 5.6823
v  -0.8458 6.7671 5.8714
v  -0.8229 6.8282 5.7291
v  -0.8267 6.5392 5.4060
v  -0.7293 6.8761 5.5876
v  -0.5735 6.8613 5.5237
v  -0.6754 6.4998 5.3405
v  -0.7919 6.2023 5.1720
v  -0.9196 6.2490 5.2581
v  1.3699 0.9163 0.6522
v  1.3060 0.9118 0.5732
v  1.5455 0.9152 0.4762
v  1.6014 0.9286 0.5474
v  1.6513 0.9568 0.6118
v  1.4240 0.9556 0.7177
v  1.4322 1.0989 0.7187
v  1.4439 1.0268 0.7403
v  1.6805 1.0200 0.6517
v  1.6740 1.0995 0.6422
v  1.3993 1.1577 0.6682
v  1.6306 1.1615 0.5829
v  1.6041 1.2386 0.5576
v  1.3675 1.2291 0.6181
v  2.5395 3.9463 1.9754
v  2.5565 4.0010 2.0335
v  2.1924 3.8481 2.1643
v  2.1903 3.7912 2.1075
v  1.8163 3.6743 2.2015
v  1.8040 3.5911 2.1020
v  2.1732 3.7046 2.0150
v  2.5133 3.8521 1.8915
v  2.2710 1.2383 0.0810
v  2.2294 1.3177 0.1203
v  2.2192 1.2570 0.0097
v  2.1671 1.3182 0.0442
v  2.1482 0.9569 -0.1095
v  2.1018 1.0528 -0.1156
v  2.0148 0.9055 -0.0834
v  1.9909 0.9982 -0.0986
v  2.2286 1.3800 0.1412
v  2.1730 1.3778 0.0876
v  2.2048 1.5160 0.1306
v  2.2668 1.5167 0.1721
v  3.5050 4.5749 1.5326
v  3.4614 4.6338 1.4965
v  3.4180 4.4839 1.4982
v  3.3081 4.5403 1.4873
v  3.3480 4.4138 1.4614
v  3.4130 4.3598 1.5416
v  3.3235 4.2473 1.4820
v  3.2651 4.2996 1.4152
v  3.1523 4.3092 1.4300
v  3.2276 4.4390 1.4690
v  3.4489 4.7078 1.4839
v  3.3058 4.6555 1.4610
v  3.5363 4.9397 1.7098
v  3.4072 4.9218 1.7519
v  3.5145 4.9601 1.9436
v  3.6142 4.9109 1.8470
v  2.5142 6.8770 4.0803
v  2.4016 6.8173 4.1281
v  2.5538 6.6542 4.1294
v  2.6351 6.7308 4.1078
v  2.6429 6.5225 4.0098
v  2.7157 6.5991 3.9862
v  2.4385 6.9677 3.9709
v  2.4236 6.9819 3.8326
v  2.2351 6.9793 3.8050
v  2.3166 6.9709 4.0004
v  2.7777 6.6512 3.5837
v  2.7367 6.5855 3.5307
v  2.6703 6.7172 3.4754
v  2.7467 6.7824 3.5290
v  2.7665 6.5618 3.6847
v  2.7147 6.4647 3.6445
v  2.7266 6.5622 3.8207
v  2.6641 6.4893 3.8266
v  3.6100 4.6323 2.0561
v  3.6833 4.6707 1.9580
v  3.6695 4.7717 1.9789
v  3.5873 4.7936 2.1122
v  3.6502 4.8544 1.9368
v  3.5900 4.9082 2.0438
v  1.4877 4.8766 2.4099
v  1.1173 4.7194 2.5003
v  0.9561 4.9878 2.7522
v  1.3177 5.1819 2.6825
v  1.7887 5.3622 2.6602
v  1.9462 5.0593 2.3327
v  1.1801 5.4329 3.0057
v  0.8400 5.2064 3.0636
v  1.6441 5.6311 3.0062
v  0.9305 0.3245 0.0614
v  1.0130 0.5560 0.1703
v  0.8295 0.5068 0.3309
v  0.7516 0.2898 0.2208
v  0.6854 0.0643 0.1197
v  0.8474 0.0963 -0.0481
v  1.0347 0.1339 -0.1899
v  1.1250 0.3709 -0.0850
v  1.2322 0.5896 0.0423
v  1.0817 0.6783 -0.1608
v  1.1909 0.6726 -0.2197
v  1.1123 0.5026 -0.3414
v  1.0051 0.5115 -0.2819
v  1.2991 0.6608 -0.2715
v  1.2185 0.4860 -0.3924
v  1.5094 0.0830 -0.4655
v  1.4495 -0.1017 -0.5358
v  1.4004 -0.0661 -0.5663
v  1.4717 0.1197 -0.4937
v  1.5595 0.3280 -0.3978
v  1.5878 0.2926 -0.3737
v  1.7311 0.4468 -0.2553
v  1.7093 0.4809 -0.2829
v  1.6736 0.5142 -0.3057
v  1.7828 0.6807 -0.2060
v  1.8206 0.6482 -0.1840
v  1.8400 0.6159 -0.1596
v  1.9149 0.7937 -0.1190
v  1.8833 0.8398 -0.1341
v  1.9276 0.7471 -0.0959
v  1.9299 0.7033 -0.0560
v  1.8211 0.5947 -0.1234
v  1.8830 0.7015 -0.0070
v  1.7705 0.5908 -0.0941
v  1.7113 0.4231 -0.2148
v  1.6639 0.4116 -0.1884
v  1.2588 0.8902 0.5103
v  1.1999 0.8421 0.4270
v  1.4350 0.8464 0.3283
v  1.4975 0.8897 0.4156
v  1.0506 0.8663 0.6187
v  0.9961 0.8091 0.5485
v  1.1090 0.7338 0.3005
v  0.9137 0.6888 0.4426
v  1.3421 0.7470 0.1932
v  3.1744 4.0869 1.2772
v  3.0779 4.0892 1.2866
v  3.2407 4.0463 1.3219
v  3.0816 3.8126 1.0517
v  3.0003 3.8351 1.0316
v  1.9628 3.0920 1.3242
v  2.0460 3.3337 1.6109
v  1.8605 2.8010 1.0553
v  2.1421 2.8793 0.9728
v  2.2543 3.2028 1.2190
v  2.3458 3.4789 1.4801
v  2.1207 3.5443 1.8449
v  1.7687 3.4333 1.9379
v  2.4445 3.6890 1.7207
v  2.9371 3.4739 0.8161
v  2.8915 3.5129 0.7623
v  2.8058 3.0954 0.5699
v  2.7628 3.1360 0.5030
v  2.3645 1.8286 0.2288
v  2.2998 1.8326 0.1899
v  2.4601 2.2527 0.2195
v  2.5229 2.2342 0.2941
v  2.6875 2.6669 0.3880
v  2.6150 2.7002 0.3252
v  1.7249 2.4562 0.8767
v  1.5988 2.0843 0.7835
v  1.8274 2.1359 0.6501
v  1.9767 2.5277 0.7654
v  1.7269 4.3819 2.0352
v  1.7526 4.3248 1.9526
v  1.4217 4.1903 2.0900
v  1.3948 4.2398 2.1827
v  2.1437 4.5713 1.8913
v  2.1436 4.5175 1.7879
v  2.3818 1.0081 0.1725
v  2.3754 0.9438 0.1499
v  2.3016 0.9889 0.2517
v  2.2854 0.9222 0.2333
v  2.3529 0.8912 0.1135
v  2.2623 0.8743 0.1980
v  2.1607 1.2375 -0.0424
v  2.0902 1.2695 -0.0219
v  2.1151 1.1923 -0.0784
v  2.0316 1.2145 -0.0722
v  2.0941 1.1307 -0.1040
v  2.0084 1.1295 -0.0994
v  1.4930 1.7327 0.7193
v  1.4079 1.4651 0.6594
v  1.6327 1.4600 0.5607
v  1.7205 1.7490 0.6108
v  1.3718 1.3214 0.6283
v  1.6012 1.3146 0.5511
v  1.5724 1.8063 0.4824
v  1.3842 1.8108 0.5281
v  1.7849 1.8082 0.4073
v  1.7122 1.5314 0.2856
v  1.5201 1.5473 0.3492
v  1.3506 1.5649 0.3934
v  1.4955 1.4351 0.2849
v  1.3396 1.4501 0.3443
v  1.6792 1.4086 0.2273
v  2.6486 6.9100 3.5398
v  2.5383 6.9804 3.6294
v  2.5617 6.8492 3.5118
v  2.4418 6.9188 3.5930
v  2.4618 6.9887 3.7346
v  2.3339 6.9542 3.6899
v  1.3796 5.5588 3.7677
v  1.3823 5.5877 3.8717
v  1.0769 5.3522 3.8486
v  1.0816 5.3095 3.7366
v  1.0705 5.2744 3.6265
v  1.3825 5.5118 3.6754
v  1.7567 5.7701 3.7278
v  1.7502 5.8108 3.8190
v  1.7553 5.8304 3.9344
v  1.3526 5.6614 4.0127
v  1.0358 5.4333 3.9889
v  1.7182 5.9199 4.0745
v  2.0941 4.1389 2.4156
v  1.6930 4.0381 2.4991
v  1.7416 3.9695 2.4923
v  2.1327 4.0781 2.3968
v  2.5518 4.2379 2.2761
v  2.5140 4.3036 2.2994
v  2.4359 4.4380 2.3594
v  2.0208 4.2626 2.4740
v  1.6139 4.1633 2.5400
v  1.8585 4.5220 2.6031
v  2.2857 4.7003 2.5434
v  2.0733 5.0605 2.7335
v  1.6597 4.8473 2.7928
v  1.2867 4.6926 2.8458
v  1.4584 4.4072 2.6521
v  3.4246 4.2872 1.6129
v  3.3380 4.1849 1.5433
v  3.3700 4.2337 1.6827
v  3.2880 4.1340 1.6067
v  3.2622 3.9920 1.3865
v  3.2093 3.9551 1.4490
v  1.8702 3.7672 1.6071
v  2.2391 3.8853 1.5004
v  1.5454 3.6456 1.7020
v  1.5715 3.8069 1.9003
v  1.8989 3.9657 1.7853
v  2.2843 4.0894 1.6791
v  1.9140 4.0537 1.8872
v  1.5724 3.9124 1.9860
v  1.5575 3.9815 2.0143
v  1.9006 4.1148 1.9315
v  2.2935 4.2496 1.7986
v  2.3016 4.1899 1.7629
v  3.2111 5.4067 2.3252
v  3.4408 5.1109 2.1919
v  3.3640 5.1192 2.1242
v  3.1717 5.4394 2.2787
v  3.0179 5.9185 2.4648
v  3.0371 5.8061 2.5747
v  2.9835 5.7202 2.6144
v  3.1783 5.3462 2.3663
v  3.3854 5.0371 2.2547
v  3.5504 4.9720 2.1166
v  3.5019 4.8870 2.1819
v  3.4858 5.0129 2.0287
v  2.1936 4.0052 2.3901
v  2.6030 4.1578 2.2689
v  1.8012 3.8960 2.4721
v  2.2335 3.9322 2.3385
v  2.6303 4.0792 2.2191
v  2.2140 3.8967 2.2433
v  2.6033 4.0295 2.1272
v  1.7792 4.2819 1.9150
v  1.8138 4.2400 1.9143
v  1.4905 4.1040 2.0297
v  1.4554 4.1460 2.0455
v  2.1635 4.4527 1.7445
v  2.2015 4.3901 1.7583
v  1.8621 4.1861 1.9399
v  2.2543 4.3257 1.8010
v  1.5273 4.0484 2.0256
v  2.8435 6.0471 3.0196
v  2.7863 6.2098 2.8773
v  2.8737 6.1521 2.9542
v  2.7506 6.4000 3.3040
v  2.6522 6.4528 3.2348
v  2.7040 6.2930 3.3715
v  2.6546 6.6124 3.3882
v  2.7273 6.5229 3.4631
v  2.7051 6.4044 3.5492
v  1.4880 5.1536 3.0609
v  1.1529 4.9387 3.1061
v  1.8699 5.4211 3.0131
v  1.7936 5.6048 3.3956
v  1.3915 5.3596 3.3555
v  1.0784 5.1121 3.3611
v  1.3797 5.4494 3.5604
v  1.7852 5.6797 3.6316
v  1.0653 5.2099 3.5215
v  2.2120 7.0032 4.0319
v  1.9734 7.0607 4.1336
v  1.9716 6.8828 4.1763
v  2.2468 6.8726 4.1543
v  2.1066 7.0193 3.8728
v  1.8863 7.1447 3.9965
v  0.7231 6.0056 3.8024
v  0.5932 6.0490 3.9305
v  0.9649 6.3652 3.9118
v  1.1152 6.3222 3.7851
v  0.3865 5.7287 3.8215
v  0.2633 5.7808 3.9330
v  -0.4810 6.2112 5.6702
v  -0.4920 6.2149 5.8133
v  -0.6140 5.9312 5.6532
v  -0.5918 5.9045 5.5101
v  -0.5797 5.8760 5.3755
v  -0.4594 6.1912 5.5409
v  -0.2580 6.5172 5.7481
v  -0.2935 6.5221 5.8710
v  -0.3183 6.5111 6.0162
v  -0.5677 6.2380 5.9073
v  -0.4093 6.5317 6.1206
v  -0.6923 5.9603 5.7519
v  1.8307 0.9314 0.4374
v  1.7793 0.9131 0.3805
v  1.9811 0.8805 0.3018
v  2.0301 0.9068 0.3451
v  2.0648 0.9392 0.3852
v  1.8731 0.9547 0.4905
v  1.8733 1.1640 0.5313
v  2.0631 1.1505 0.4410
v  2.0317 1.2312 0.4462
v  1.8401 1.2384 0.5134
v  1.9140 1.0824 0.5590
v  2.0927 1.0648 0.4295
v  2.5394 3.3166 1.1075
v  2.4095 2.9692 0.8761
v  2.6256 3.0359 0.8047
v  2.7816 3.3817 1.0425
v  2.9199 3.6556 1.3029
v  2.6446 3.6139 1.3510
v  2.9892 4.1672 2.0208
v  2.9247 4.1293 1.9170
v  3.2127 4.2387 1.8210
v  3.3018 4.2708 1.9427
v  3.3548 4.3646 2.0643
v  3.0331 4.2331 2.1299
v  2.1035 1.3779 0.0746
v  2.0045 1.3809 0.1000
v  2.0542 1.5071 0.1678
v  2.1431 1.5112 0.1314
v  2.0787 1.3305 0.0400
v  1.9791 1.3374 0.0619
v  3.1980 4.6198 1.4978
v  3.0339 4.5645 1.5934
v  3.0170 4.6533 1.5916
v  3.1867 4.7187 1.4952
v  3.1877 4.5172 1.5022
v  3.0282 4.4666 1.5749
v  2.8014 3.5270 0.7591
v  2.6478 3.5103 0.7914
v  2.7660 3.8239 1.0560
v  2.9179 3.8387 1.0348
v  2.6632 3.1502 0.5084
v  2.5196 3.1258 0.5670
v  2.3403 6.7119 4.1594
v  2.2046 6.5919 4.1348
v  2.3300 6.4507 4.1245
v  2.4742 6.5776 4.1372
v  2.4122 6.3312 4.0133
v  2.5651 6.4507 4.0222
v  3.5311 4.5845 2.1134
v  3.4923 4.7295 2.1596
v  3.3430 4.6176 2.2304
v  3.3637 4.4968 2.1533
v  3.5102 4.4457 2.0154
v  2.2968 5.6454 3.0455
v  2.4387 5.3586 2.6227
v  2.7636 5.5718 2.6117
v  2.6080 5.8758 3.0280
v  2.4916 6.1047 3.4094
v  2.2211 5.8275 3.4545
v  1.3107 0.4005 -0.1472
v  1.2087 0.1750 -0.2587
v  1.3610 0.2040 -0.2806
v  1.4708 0.4044 -0.1514
v  1.5954 0.5789 -0.0160
v  1.4344 0.5889 -0.0024
v  2.0336 0.8262 0.1843
v  1.9282 0.7839 0.1264
v  2.1153 0.8627 0.2240
v  1.9089 0.8506 0.2579
v  1.8169 0.8042 0.1942
v  2.1613 0.8931 0.2637
v  2.1882 0.9305 0.2984
v  1.7209 0.8832 0.3287
v  1.6462 0.8312 0.2547
v  2.2104 0.9881 0.3201
v  2.2095 1.0629 0.3318
v  2.0893 0.9941 0.4115
v  2.1752 1.1498 0.3459
v  2.1431 1.2361 0.3622
v  1.9070 1.0050 0.5364
v  2.1428 1.3088 0.3730
v  2.1922 1.4554 0.4047
v  2.0871 1.4322 0.4959
v  2.0332 1.2936 0.4550
v  1.8382 1.3007 0.5125
v  1.8859 1.4374 0.5572
v  2.5435 2.6596 0.5821
v  2.3911 2.2056 0.4847
v  2.7365 3.0628 0.7807
v  2.4475 2.6316 0.6163
v  2.2848 2.1917 0.5093
v  2.9077 3.4067 1.0192
v  3.0503 3.6919 1.2673
v  2.2427 2.5804 0.6898
v  2.0826 2.1648 0.5730
v  3.2961 4.2081 1.7182
v  3.2197 4.1098 1.6365
v  3.3591 4.2915 1.7729
v  3.1559 4.1634 1.7638
v  3.0885 4.0683 1.6783
v  3.4512 4.3437 1.8904
v  2.8879 4.0646 1.8610
v  2.8338 3.9809 1.7690
v  1.5939 0.9358 -0.0724
v  1.7241 0.9075 -0.1125
v  1.6250 0.7444 -0.2072
v  1.5012 0.7763 -0.1773
v  1.6739 1.0901 -0.0196
v  1.8089 1.0632 -0.0700
v  1.7141 1.2106 -0.0332
v  1.8520 1.1847 -0.0905
v  1.7522 1.2821 -0.0046
v  1.8917 1.2596 -0.0580
v  1.9406 1.1520 -0.1052
v  1.9026 1.0289 -0.0909
v  1.9719 1.2349 -0.0707
v  1.8192 0.8762 -0.1290
v  1.7186 0.7142 -0.2185
v  1.7937 1.3285 0.0511
v  1.9381 1.3068 0.0009
v  1.8311 1.3506 0.1162
v  1.8555 1.3925 0.1560
v  1.9006 1.5154 0.2223
v  2.0266 1.2847 -0.0105
v  2.6741 4.3137 1.6233
v  2.9879 4.3834 1.5511
v  2.9271 4.2708 1.4790
v  2.6406 4.2036 1.5593
v  2.6922 4.3746 1.6538
v  2.6831 4.4608 1.6948
v  2.6453 4.5389 1.6661
v  3.1387 4.4287 1.4971
v  3.0757 4.2919 1.4554
v  2.1591 2.6748 0.4644
v  2.3729 2.7061 0.3806
v  2.2488 2.2545 0.2838
v  2.0675 2.2328 0.3782
v  2.2842 3.0757 0.6527
v  2.3963 3.4348 0.8839
v  2.5023 3.7350 1.1474
v  2.5118 2.7167 0.3267
v  2.3673 2.2607 0.2317
v  2.6517 4.7263 1.8199
v  3.0741 4.8775 1.7699
v  3.0094 4.7875 1.6443
v  2.6160 4.6657 1.7045
v  2.6639 4.8426 1.8977
v  3.1365 4.9614 1.8923
v  2.6614 4.8894 1.9220
v  2.5961 5.0012 2.0081
v  3.0598 5.1096 2.0393
v  3.1407 5.0021 1.9451
v  3.3777 4.9643 1.9191
v  3.3816 5.0136 1.9956
v  3.2864 5.1223 2.1074
v  3.2957 4.9050 1.7659
v  3.1946 4.8794 1.5972
v  1.9829 6.2345 3.4088
v  2.3357 6.5138 3.3414
v  2.3567 6.3518 3.1985
v  2.0113 6.0872 3.2751
v  1.9597 6.3409 3.4531
v  2.3366 6.5989 3.4158
v  1.8645 6.4594 3.4336
v  1.7445 6.5635 3.4683
v  2.1364 6.7836 3.5130
v  2.2563 6.6939 3.4598
v  2.4603 6.7987 3.4885
v  2.5414 6.6937 3.4462
v  2.3393 6.8752 3.5585
v  2.5440 6.6118 3.3567
v  2.5586 6.4379 3.2107
v  1.6495 6.6208 3.5723
v  1.5595 6.6621 3.6636
v  1.9177 6.8791 3.6972
v  2.0237 6.8409 3.6057
v  1.4877 6.6691 3.7458
v  1.3303 6.6792 3.9122
v  1.6343 6.9099 3.9472
v  1.8250 6.8971 3.7757
v  2.0050 7.0035 3.8044
v  2.1087 6.9643 3.7380
v  1.7832 7.0299 3.9515
v  2.2223 6.9219 3.6533
v  -0.5782 7.1931 5.7987
v  -0.4458 7.2006 5.7317
v  -0.6767 7.1536 5.9150
v  -0.5237 7.4079 6.0672
v  -0.4575 7.4574 5.9611
v  -0.3466 7.4780 5.8919
v  -0.6979 7.0963 6.0487
v  -0.5243 7.3501 6.1741
v  -0.6479 7.0314 6.1759
v  -0.4777 7.2948 6.2723
v  -0.5208 6.9704 6.2566
v  -0.3691 7.2430 6.3393
v  -0.3802 6.9192 6.2818
v  -0.2499 7.1949 6.3672
v  -0.2672 6.8718 6.2508
v  -0.1823 6.8458 6.1648
v  -0.0862 7.1230 6.2658
v  -0.1539 7.1439 6.3462
v  -0.1349 6.8552 6.0429
v  -0.1294 6.8832 5.9252
v  -0.0418 7.1844 6.0593
v  -0.0505 7.1443 6.1607
v  1.8314 6.4371 4.1354
v  2.0768 6.6608 4.1387
v  1.8276 6.7345 4.1656
v  1.6143 6.4966 4.2148
v  1.9486 6.3634 4.1081
v  2.0522 6.2258 4.0763
v  2.1153 6.1099 3.9741
v  2.2065 6.7723 4.1667
v  1.9379 6.8320 4.1682
v  2.1142 6.0909 3.8512
v  2.1170 6.0606 3.7463
v  2.4318 6.2722 3.7490
v  2.4225 6.3055 3.8706
v  2.1533 5.9726 3.6399
v  2.4504 6.2124 3.6270
v  2.6257 6.2379 3.3841
v  2.6103 6.3358 3.5950
v  2.6049 6.3838 3.7114
v  2.5854 6.4201 3.8532
v  2.9474 4.5107 2.2974
v  3.2826 4.7115 2.2790
v  3.1604 4.8759 2.3062
v  2.8400 4.6708 2.3107
v  2.9998 4.4274 2.2748
v  3.0334 4.3274 2.2195
v  3.4289 4.8258 2.2115
v  3.3135 4.9812 2.2800
v  3.1226 5.2980 2.3781
v  2.9274 5.6695 2.6207
v  2.9683 5.1967 2.3804
v  2.7748 5.9800 3.0344
v  2.6536 4.9824 2.3999
v  2.6747 6.1747 2.8726
v  2.8578 5.8739 2.4562
v  2.6232 5.8034 2.4550
v  2.4598 6.1062 2.8638
v  3.0917 5.4450 2.2582
v  2.8602 5.4185 2.1995
v  2.4373 5.2677 2.2413
v  2.2385 5.6108 2.5433
v  2.0908 5.8905 2.9334
v  1.4087 0.0058 -0.3693
v  1.3584 -0.1750 -0.4220
v  1.4871 0.1976 -0.2651
v  1.2907 -0.0073 -0.3661
v  1.2514 -0.1974 -0.4132
v  1.5901 0.4001 -0.1589
v  1.7027 0.5842 -0.0555
v  1.1451 -0.0463 -0.3389
v  0.9776 -0.0914 -0.2662
v  0.9458 -0.2863 -0.3131
v  1.1117 -0.2417 -0.3825
v  1.6185 0.5513 -0.3232
v  1.5367 0.5908 -0.3268
v  1.5140 0.3695 -0.4240
v  1.4412 0.4158 -0.4423
v  1.3343 0.4584 -0.4326
v  1.4226 0.6329 -0.3124
v  1.5504 0.7245 0.1447
v  1.7123 0.7093 0.1032
v  1.8162 0.7087 0.0431
v  3.1483 3.9290 1.4815
v  3.0232 3.8802 1.5288
v  2.7546 3.8213 1.5953
v  2.5894 3.9901 1.3956
v  2.8580 4.0769 1.3036
v  3.0060 4.0878 1.2892
v  1.9864 1.8137 0.3185
v  2.1523 1.8170 0.2515
v  2.2420 1.8255 0.2086
v  2.2751 1.7785 0.4390
v  2.1691 1.7591 0.4970
v  1.9643 1.7536 0.5457
v  3.1754 4.7984 1.5223
v  3.0039 4.7115 1.6034
v  2.6215 4.5987 1.6649
v  -1.9252 3.1031 3.4922
v  -1.9503 3.0873 3.5564
v  -2.0523 3.0322 3.4891
v  -2.0441 3.0538 3.5398
v  -1.9896 2.7283 3.5730
v  -2.1153 2.7607 3.5113
v  -2.0255 2.7614 3.6607
v  -2.1612 2.8030 3.6004
v  -2.1560 2.8240 3.4517
v  -2.2107 2.8671 3.5377
v  -2.1858 2.9285 3.4864
v  -2.1407 2.8850 3.4058
v  -2.1679 2.8603 3.6775
v  -2.0348 2.8287 3.7229
v  -2.0388 2.8982 3.7658
v  -2.1342 2.9043 3.7269
v  -2.2210 2.9211 3.6210
v  -2.1630 2.9680 3.6997
v  -2.1478 3.0260 3.6442
v  -2.1960 2.9765 3.5637
v  -2.0287 3.0647 3.7303
v  -2.0397 2.9871 3.7732
v  -1.9934 3.0883 3.6396
v  -2.1076 3.0428 3.5824
v  -2.1391 3.0009 3.5167
v  -2.1253 2.9727 3.4452
v  -2.0935 2.9429 3.3699
v  -1.2826 3.1497 4.0342
v  -1.1940 3.3655 4.1127
v  -1.3343 3.1355 4.0699
v  -1.2473 3.3733 4.1855
v  -1.2966 3.3226 4.2321
v  -1.3704 3.1169 4.1052
v  -1.0909 4.0191 4.5389
v  -1.1982 3.6383 4.3795
v  -1.1543 3.6849 4.3424
v  -1.0659 4.0524 4.4774
v  -0.9451 3.6787 4.0915
v  -0.9926 3.7029 4.1470
v  -0.7545 4.0588 4.1436
v  -0.8268 4.0922 4.2190
v  -1.0505 3.6938 4.2056
v  -0.9015 4.0909 4.2845
v  -0.9675 4.0815 4.3497
v  -1.0921 3.7045 4.2690
v  -1.0930 3.7894 4.3385
v  -1.0170 4.0928 4.4203
v  0.7050 6.0623 4.3064
v  0.9580 6.3250 4.3202
v  0.5987 6.3824 4.5599
v  0.3849 6.1104 4.5258
v  0.1628 5.8965 4.4576
v  0.4525 5.8519 4.2471
v  -0.4307 6.1735 5.4587
v  -0.3672 6.1672 5.3559
v  -0.1663 6.4962 5.5649
v  -0.2260 6.5060 5.6765
v  -0.5645 5.8605 5.2920
v  -0.5171 5.8712 5.1934
v  0.1542 6.1498 4.7277
v  -0.0416 5.9242 4.6462
v  0.3494 6.4273 4.7978
v  0.1635 6.4557 5.0553
v  -0.0261 6.1659 4.9412
v  -0.2090 5.9297 4.8289
v  -0.0183 6.4759 5.3368
v  -0.2167 6.1688 5.1666
v  -0.3852 5.9050 5.0239
v  1.2062 6.5937 4.3693
v  1.3764 6.8420 4.3589
v  0.9085 6.9605 4.6184
v  0.7705 6.6992 4.5806
v  -0.1020 6.8864 5.8562
v  -0.0395 6.8788 5.7317
v  0.0472 7.2089 5.8528
v  -0.0149 7.2029 5.9923
v  0.1126 6.8531 5.4605
v  0.3188 6.8060 5.1439
v  0.4611 7.1060 5.2297
v  0.2249 7.1748 5.5628
v  0.5098 6.7585 4.8549
v  0.6517 7.0366 4.9238
v  1.4614 6.9750 4.3418
v  0.9732 7.1311 4.6401
v  0.9688 7.0921 4.6294
v  1.4521 6.9545 4.3433
v  0.7324 7.1986 4.9667
v  0.5647 7.2867 5.2943
v  0.7674 7.3038 4.9883
v  0.6074 7.4201 5.3207
v  1.4538 7.0938 4.3339
v  0.9761 7.2622 4.6455
v  1.3706 7.1181 4.2572
v  0.8757 7.2761 4.5821
v  0.7204 7.4183 4.9540
v  0.5568 7.5518 5.2925
v  0.6074 7.4274 4.9017
v  0.4292 7.5596 5.2351
v  1.3148 7.0717 4.2552
v  0.8041 7.2510 4.5409
v  1.1999 6.9849 4.2413
v  0.6858 7.1617 4.4793
v  0.5183 7.3902 4.8470
v  0.4027 7.2687 4.7827
v  0.2400 7.3343 5.1186
v  0.3413 7.4808 5.1867
v  -0.2469 7.1813 5.5988
v  -0.4019 6.8393 5.3938
v  -0.4931 6.8600 5.4776
v  -0.3603 7.2084 5.6883
v  -0.2499 7.4837 5.8600
v  -0.1255 7.4612 5.7569
v  0.9374 6.7890 4.1616
v  0.4769 6.9611 4.3994
v  0.6346 6.4912 4.1352
v  0.2724 6.6368 4.3935
v  0.2148 7.0518 4.6960
v  0.0567 6.7092 4.6642
v  -0.0756 6.7359 4.9418
v  0.0700 7.0912 5.0163
v  -0.0824 7.1296 5.3531
v  -0.2471 6.7898 5.1987
v  0.0736 7.3837 5.4944
v  -0.6045 6.4903 5.2856
v  -0.7232 6.1845 5.1034
v  -0.5373 6.4792 5.1987
v  -0.6599 6.1716 5.0147
v  0.3218 6.1780 4.1291
v  0.0301 6.3166 4.3585
v  0.0277 5.9172 4.0822
v  -0.1938 6.0322 4.3030
v  -0.1499 6.3798 4.5886
v  -0.3378 6.0866 4.5028
v  -0.4498 6.1171 4.6825
v  -0.2843 6.4148 4.8044
v  -0.4206 6.4498 5.0239
v  -0.5630 6.1472 4.8636
v  -0.1382 5.6933 4.0756
v  -0.2504 5.5305 4.0463
v  -0.4119 5.6282 4.2114
v  -0.3256 5.8024 4.2570
v  0.0523 5.5793 3.9355
v  -0.0835 5.4305 3.9228
v  -0.4482 5.8636 4.4306
v  -0.5214 5.6973 4.3681
v  -0.6061 5.7420 4.5152
v  -0.5420 5.8991 4.5911
v  -1.1579 4.7555 4.3658
v  -1.2693 4.3026 4.1079
v  -1.0763 5.1724 4.5735
v  -1.0070 5.1582 4.5028
v  -1.0960 4.7577 4.3063
v  -1.1961 4.3164 4.0771
v  -1.1379 4.1061 3.8911
v  -1.2845 3.9655 3.8870
v  -1.0971 4.3676 4.0448
v  -1.0001 4.4867 4.0427
v  -0.9797 4.3605 3.9448
v  -0.9239 4.2890 3.8625
v  -1.1351 3.9527 3.7852
v  -1.1065 3.8920 3.7133
v  -0.8579 4.2400 3.7931
v  -1.3780 3.9239 3.9021
v  -0.9198 0.3962 0.7578
v  -0.8901 0.4683 0.7305
v  -0.8956 0.2663 0.5514
v  -0.9010 0.2242 0.6284
v  -0.8355 0.5289 0.7054
v  -0.8182 0.3424 0.5424
v  -0.9052 0.1033 0.5538
v  -0.9394 0.0660 0.5924
v  -0.8953 0.1290 0.4901
v  -0.9202 0.0129 0.5080
v  -0.9024 0.0422 0.4503
v  -0.9581 -0.0157 0.5462
v  1.1354 1.2981 0.1535
v  1.0382 1.2982 0.1584
v  1.0641 1.4013 0.1816
v  1.1631 1.3807 0.1927
v  1.1170 1.1660 0.1712
v  1.0226 1.1644 0.1965
v  1.1960 1.4097 0.2719
v  1.1060 1.4404 0.2789
v  1.1392 1.4269 0.3817
v  1.2245 1.4046 0.3564
v  0.1930 0.8716 1.1408
v  0.3533 0.8713 1.0565
v  0.3711 0.9254 1.0955
v  0.2052 0.9278 1.1857
v  1.1257 3.8455 2.0828
v  1.0790 3.9451 2.0882
v  1.2642 4.0060 2.0903
v  1.3015 3.9329 2.0773
v  1.3296 3.8528 2.0693
v  1.1547 3.7532 2.0792
v  1.3312 3.7830 2.0301
v  1.1379 3.7006 2.0248
v  1.3171 3.7008 1.9319
v  1.1205 3.6310 1.9372
v  0.2159 3.0667 2.7239
v  0.2136 3.0154 2.6550
v  0.5524 3.1581 2.5250
v  0.5574 3.2098 2.5925
v  0.2151 2.9539 2.5778
v  0.5477 3.0946 2.4500
v  0.2206 1.1887 1.2669
v  0.2175 1.2519 1.2689
v  0.2397 1.1320 1.2955
v  0.4229 1.1589 1.2013
v  0.4042 1.2151 1.1748
v  0.3993 1.2774 1.1844
v  0.1705 5.5199 3.8495
v  0.2468 5.4852 3.7927
v  0.0978 5.3331 3.8091
v  0.0269 5.3680 3.8587
v  -0.9833 5.8620 5.6133
v  -1.0508 5.9027 5.5268
v  -1.1421 5.7615 5.4675
v  -1.0708 5.7194 5.5665
v  -0.9613 5.6675 5.6197
v  -0.8891 5.8189 5.6690
v  -0.7726 5.7586 5.6616
v  -0.8308 5.5978 5.6100
v  -0.7339 5.5474 5.4933
v  -0.6931 5.7238 5.5489
v  -0.6632 5.6875 5.4048
v  -0.6457 5.6586 5.2697
v  -0.6879 5.5069 5.3411
v  -0.6858 5.4915 5.1971
v  -0.6336 5.6544 5.1890
v  -0.6820 5.5022 5.1164
v  -0.6388 5.5194 5.0345
v  -0.5892 5.6693 5.1004
v  0.8927 5.0156 3.5165
v  0.8910 5.0662 3.6071
v  0.7750 4.9065 3.6031
v  0.7852 4.8713 3.5232
v  0.7894 4.8139 3.4185
v  0.9038 4.9350 3.3915
v  1.3801 3.9733 2.6082
v  1.1465 3.9188 2.7167
v  1.1941 3.8299 2.6900
v  1.4284 3.8924 2.5873
v  1.3065 4.0965 2.6525
v  1.0838 4.0367 2.7686
v  1.4927 3.7961 2.5856
v  1.2689 3.7099 2.7192
v  -0.7370 4.4748 4.3782
v  -0.5919 4.8003 4.4561
v  -0.6973 4.8014 4.5501
v  -0.8266 4.4676 4.4534
v  -0.6375 4.4689 4.2928
v  -0.4658 4.7872 4.3499
v  -0.5155 4.4332 4.1847
v  -0.2894 4.7475 4.2191
v  0.9578 4.7808 3.1787
v  0.8229 4.6744 3.2319
v  0.8997 4.4670 3.0412
v  1.0563 4.5650 2.9516
v  1.1833 4.3162 2.7666
v  0.9930 4.2374 2.8802
v  0.0442 0.2951 0.7799
v  0.1918 0.2922 0.7032
v  0.0036 0.0934 0.6680
v  0.1417 0.0913 0.5914
v  1.0915 0.9877 0.1456
v  0.9895 0.9881 0.1929
v  1.0297 0.8245 0.0366
v  0.9144 0.8285 0.0974
v  0.6956 0.4997 -0.0924
v  0.6284 0.4870 -0.0462
v  0.6847 0.6717 0.0712
v  0.7546 0.6784 0.0267
v  0.7521 0.8259 0.1827
v  0.8260 0.8288 0.1425
v  0.8417 0.6807 -0.0228
v  0.7782 0.5085 -0.1444
v  0.9054 0.9782 0.2317
v  0.8277 0.9641 0.2678
v  0.8492 1.1230 0.2570
v  0.9327 1.1475 0.2211
v  0.7472 0.9534 0.3047
v  0.6799 0.8212 0.2266
v  0.7715 1.1003 0.3033
v  0.9593 0.6789 -0.0882
v  0.8881 0.5123 -0.2112
v  0.6180 0.6620 0.1189
v  0.5635 0.4728 0.0018
v  0.4886 0.0676 -0.1843
v  0.5190 0.2609 -0.1021
v  0.5837 0.2725 -0.1490
v  0.5517 0.0756 -0.2309
v  0.6290 -0.4370 -0.5684
v  0.5542 -0.4353 -0.5195
v  0.5870 -0.3453 -0.4904
v  0.6607 -0.3477 -0.5346
v  0.6275 0.2737 0.3467
v  0.5372 0.2681 0.4463
v  0.4759 0.0539 0.3457
v  0.5696 0.0511 0.2509
v  0.7021 0.4835 0.4562
v  0.6076 0.4747 0.5547
v  0.4618 0.2633 0.5292
v  0.3878 0.2632 0.5992
v  0.3180 0.0702 0.4736
v  0.3943 0.0605 0.4162
v  0.5245 0.4702 0.6343
v  0.4410 0.4738 0.6969
v  0.3016 0.2774 0.6499
v  0.3504 0.4851 0.7488
v  0.2388 0.0833 0.5274
v  0.5825 0.6591 0.7269
v  0.4917 0.6621 0.7872
v  0.6760 0.6603 0.6540
v  0.7419 0.7937 0.7438
v  0.6384 0.7988 0.8099
v  0.5426 0.7981 0.8729
v  0.3972 0.6692 0.8420
v  0.4425 0.8026 0.9294
v  0.9062 0.8503 0.7236
v  0.7892 0.8618 0.8057
v  0.8533 0.7937 0.6565
v  0.6796 0.8772 0.8654
v  0.7199 0.8833 0.9403
v  0.6075 0.9204 0.9777
v  0.5778 0.8755 0.9274
v  0.7800 0.6651 0.5620
v  1.3085 3.5620 1.7432
v  1.1284 3.5078 1.7609
v  1.3065 3.3644 1.5074
v  1.1466 3.3303 1.5328
v  0.4992 0.9215 1.0320
v  0.4771 0.8687 0.9927
v  1.3024 3.1252 1.2590
v  1.2948 2.8378 1.0269
v  1.1701 2.8108 1.0682
v  1.1605 3.0972 1.2923
v  1.0357 3.0607 1.3343
v  1.0088 3.2882 1.5731
v  1.0595 2.7781 1.1146
v  0.9543 2.7460 1.1586
v  0.9228 3.0185 1.3824
v  0.8887 3.2360 1.6273
v  0.5321 2.9691 2.3169
v  0.2179 2.8402 2.4388
v  0.2331 2.6750 2.2638
v  0.5074 2.8044 2.1343
v  0.8028 2.9844 1.4207
v  0.8421 2.7206 1.1921
v  0.7602 3.1957 1.6699
v  0.2552 2.4790 2.0630
v  0.4978 2.5960 1.9336
v  0.2670 2.2688 1.8631
v  0.4844 2.3695 1.7361
v  0.6523 2.6718 1.8502
v  0.6747 2.8881 2.0552
v  0.6313 2.4315 1.6535
v  0.7453 2.4720 1.5962
v  0.7660 2.7240 1.7931
v  0.7907 2.9471 2.0032
v  0.8811 2.7759 1.7361
v  0.8611 2.5107 1.5414
v  0.9099 3.0029 1.9538
v  1.2784 2.5053 0.8329
v  1.1714 2.4801 0.8847
v  1.2644 2.1536 0.6794
v  1.1691 2.1366 0.7319
v  1.0714 2.4519 0.9402
v  0.9656 2.4319 0.9790
v  1.0689 2.1241 0.7802
v  0.9598 2.1200 0.8120
v  0.8524 2.1105 0.8503
v  0.8567 2.4138 1.0130
v  0.2727 2.0425 1.7133
v  0.2454 1.8311 1.5598
v  0.4362 1.8984 1.4415
v  0.4672 2.1318 1.5830
v  0.6065 2.1827 1.5014
v  0.5757 1.9370 1.3680
v  0.6811 1.9671 1.3071
v  0.7176 2.2145 1.4446
v  1.2244 4.0682 2.1200
v  1.1881 4.1239 2.1840
v  1.0310 4.0405 2.1333
v  0.9950 4.1159 2.2235
v  0.8307 2.2445 1.3912
v  0.7885 1.9931 1.2522
v  1.1623 4.1722 2.2917
v  1.1220 4.2528 2.3669
v  0.9733 4.1687 2.3418
v  0.9465 4.2281 2.4358
v  0.8057 4.1448 2.3813
v  0.8036 4.1136 2.2467
v  0.6605 4.0389 2.3228
v  0.6780 4.0651 2.4408
v  0.6863 4.0931 2.5270
v  0.8112 4.1639 2.4908
v  0.2520 1.0664 1.3070
v  0.2534 1.0002 1.2954
v  0.4256 1.0128 1.2054
v  0.4318 1.0868 1.2175
v  0.5404 3.9477 2.4001
v  0.5628 3.9741 2.4989
v  0.5629 4.0192 2.5649
v  0.7479 1.2514 0.2457
v  0.8385 1.2675 0.1967
v  0.6403 1.2554 0.3156
v  0.6245 1.4071 0.3135
v  0.7338 1.4152 0.2275
v  0.8408 1.4214 0.1805
v  0.2372 0.9487 1.2521
v  0.4007 0.9623 1.1549
v  0.9368 1.2858 0.1682
v  0.9558 1.4162 0.1713
v  0.4928 1.4614 0.5293
v  0.4750 1.4029 0.4439
v  0.6555 1.5266 0.4098
v  0.7780 1.5648 0.3247
v  0.8393 1.5621 0.4744
v  0.9502 1.5359 0.4335
v  0.8981 1.5512 0.2840
v  0.4804 1.2973 0.4097
v  1.0650 1.8206 0.6284
v  1.0693 1.5826 0.5360
v  0.9691 1.6052 0.5766
v  0.9610 1.8291 0.6677
v  1.1653 1.8130 0.5924
v  1.1634 1.5656 0.4927
v  1.0102 1.4958 0.2780
v  1.0485 1.4765 0.4071
v  0.8557 1.8332 0.7092
v  0.8655 1.6223 0.6178
v  1.2394 1.4492 0.3967
v  1.2452 1.5643 0.4455
v  1.1563 1.4629 0.4311
v  1.0637 1.4943 0.4676
v  0.9637 1.5373 0.4993
v  1.2561 1.8161 0.5517
v  0.8563 1.5665 0.5372
v  0.2116 1.3167 1.2753
v  0.3968 1.3421 1.1926
v  0.2080 1.4254 1.3119
v  0.3932 1.4594 1.2162
v  0.4016 1.6658 1.2992
v  0.2205 1.6121 1.4152
v  -0.0008 5.2397 3.7074
v  0.0436 5.2334 3.6159
v  -0.0626 5.1360 3.5761
v  -0.1045 5.1433 3.6766
v  -0.1260 5.1341 3.7562
v  -0.0310 5.2329 3.7822
v  0.1358 5.3289 3.7358
v  0.1775 5.3189 3.6509
v  -0.0528 4.9435 3.4622
v  0.0284 5.0732 3.4667
v  0.1431 4.9690 3.4551
v  0.0573 4.8503 3.4517
v  -0.1374 5.0054 3.5633
v  0.4093 5.3904 3.5407
v  0.3281 5.4457 3.6306
v  0.5090 5.3068 3.5161
v  0.3534 5.1862 3.5082
v  0.2551 5.2694 3.5502
v  0.2376 5.0766 3.4838
v  0.1313 5.1743 3.5131
v  0.2869 5.4687 3.7157
v  -0.1726 5.0158 3.6642
v  -0.1899 5.0107 3.7441
v  0.8097 5.2865 3.9689
v  0.8890 5.1526 3.8746
v  0.7087 5.4351 3.9767
v  0.5444 5.3097 3.9931
v  0.6590 5.1565 3.9889
v  0.7611 4.9974 3.9051
v  0.9008 5.0973 3.7342
v  0.8026 4.9152 3.7544
v  0.0643 3.6211 3.2155
v  0.0967 3.4788 3.1139
v  0.4621 3.6558 3.0211
v  0.4173 3.8144 3.1285
v  0.3719 4.0016 3.2686
v  0.0359 3.7737 3.3499
v  0.1294 3.3969 3.0605
v  0.1630 3.3366 3.0195
v  0.5215 3.5170 2.9123
v  0.4961 3.5734 2.9681
v  0.9824 3.8468 2.8015
v  0.8420 3.7691 2.8499
v  0.8885 3.6922 2.8372
v  1.0394 3.7617 2.8050
v  0.9296 3.9542 2.8537
v  0.7972 3.8665 2.9019
v  0.6049 3.9521 3.0500
v  0.6644 3.7790 2.9475
v  0.7279 4.0483 3.0027
v  0.6557 4.2630 3.1441
v  0.5403 4.1609 3.1867
v  0.7045 3.6894 2.8976
v  0.7387 3.6236 2.8593
v  1.4209 3.3295 2.0248
v  1.4524 3.4738 2.1847
v  1.1712 3.3574 2.2625
v  1.1267 3.2480 2.0937
v  0.8536 4.1436 2.9584
v  0.7732 4.3643 3.1030
v  0.7150 3.0520 2.2446
v  0.7451 3.1717 2.3853
v  0.8292 3.1185 2.1939
v  0.8699 3.2263 2.3482
v  1.4676 3.5468 2.2884
v  1.1941 3.4145 2.3659
v  1.0196 3.3284 2.4111
v  0.9929 3.2834 2.3113
v  1.0547 3.3420 2.4999
v  0.9238 3.2805 2.5267
v  0.8931 3.2696 2.4403
v  0.9494 3.1772 2.1496
v  0.2486 3.2020 2.0802
v  0.2227 3.3237 2.2436
v  0.5292 3.3994 2.1511
v  0.5492 3.2876 1.9767
v  0.7614 3.2220 2.4688
v  0.7776 3.2568 2.5430
v  0.9816 3.4576 1.7990
v  0.9631 3.5794 1.9656
v  0.8571 3.4030 1.8533
v  0.8372 3.5206 2.0218
v  0.2070 3.3866 2.3283
v  0.1915 3.4231 2.3723
v  0.5128 3.5170 2.2832
v  0.5220 3.4642 2.2368
v  0.6951 3.5949 2.1799
v  0.7038 3.5384 2.1495
v  0.8282 3.6530 2.1060
v  0.8322 3.5973 2.0849
v  0.7092 3.4691 2.0750
v  0.7275 3.3575 1.9006
v  0.6360 4.4275 2.7538
v  0.7401 4.2745 2.6177
v  0.6277 4.1959 2.6450
v  0.5313 4.3391 2.7798
v  0.4266 4.5154 2.9736
v  0.5241 4.6132 2.9529
v  0.6235 4.7212 2.9086
v  0.7434 4.5219 2.6950
v  0.8579 4.3540 2.5533
v  0.9702 3.6525 2.0349
v  0.9794 3.7039 2.0633
v  0.4241 4.2539 2.8026
v  0.5140 4.1192 2.6715
v  0.3231 4.4225 2.9871
v  1.0876 4.3115 2.4037
v  1.0232 4.4072 2.4647
v  0.9160 4.2744 2.4859
v  0.7932 4.1995 2.5499
v  0.6728 4.1275 2.5772
v  0.8916 4.6040 2.6131
v  0.7592 4.8263 2.8527
v  0.2112 3.2580 2.9872
v  0.5804 3.4187 2.8892
v  0.2716 3.1558 2.9768
v  0.6352 3.2990 2.8590
v  0.5506 4.0569 2.6039
v  1.1274 3.3569 2.6445
v  1.1340 3.4947 2.7435
v  0.9953 3.4325 2.7817
v  0.9898 3.2953 2.6742
v  0.2624 3.0841 2.8589
v  0.6264 3.1997 2.7411
v  0.8496 3.2479 2.6963
v  0.8598 3.3693 2.8187
v  0.8008 3.5132 2.8430
v  0.9540 3.5717 2.8360
v  0.0702 3.6441 2.4463
v  0.3490 3.7973 2.3501
v  0.3922 3.6969 2.2851
v  0.1125 3.5497 2.4159
v  1.1002 3.6367 2.7993
v  0.8321 4.0293 2.1260
v  0.8910 3.9051 2.0724
v  0.7352 3.8414 2.1433
v  0.6788 3.9607 2.2036
v  0.1601 3.4773 2.4058
v  0.4596 3.5998 2.2845
v  0.6550 3.6786 2.2034
v  0.5941 3.7777 2.2195
v  0.7913 3.7359 2.1212
v  0.5392 3.8894 2.2778
v  0.3103 5.0089 3.4756
v  0.2158 4.9072 3.4537
v  0.4224 5.1155 3.4944
v  0.4721 5.0387 3.3912
v  0.3587 4.9411 3.3777
v  0.2671 4.8398 3.3722
v  0.9478 3.7905 2.0661
v  0.1841 4.7290 3.3793
v  0.1257 4.7991 3.4433
v  0.6622 5.0191 3.1382
v  0.6026 5.1574 3.3846
v  0.5322 4.9047 3.1656
v  0.4305 4.7969 3.1834
v  0.3449 4.6895 3.2002
v  0.5724 5.2292 3.5111
v  -0.0411 4.0300 3.6625
v  -0.0296 3.9874 3.5902
v  0.2922 4.3132 3.5296
v  0.2926 4.3712 3.6114
v  -0.0014 3.9003 3.4782
v  0.3175 4.1841 3.3997
v  0.2520 4.5875 3.2091
v  0.7045 4.5687 3.2720
v  0.6781 4.7057 3.4411
v  0.5677 4.6039 3.4615
v  0.5896 4.4665 3.3006
v  0.4655 4.5601 3.5750
v  0.4593 4.5007 3.4834
v  0.5741 4.6576 3.5562
v  0.5766 4.6796 3.6365
v  0.4652 4.5868 3.6549
v  0.4808 4.3610 3.3339
v  0.0256 5.3000 4.1843
v  0.1350 5.4736 4.1869
v  -0.1059 5.5128 4.3632
v  -0.1989 5.3389 4.3513
v  -0.2816 5.1731 4.3522
v  -0.0651 5.1307 4.2008
v  0.1457 5.0802 4.1015
v  0.2433 5.2504 4.0779
v  0.3601 5.4226 4.0620
v  0.6764 4.7597 3.5358
v  0.6725 4.7845 3.6153
v  -0.1527 4.9628 4.2221
v  -0.3601 5.0068 4.3587
v  0.0539 4.9071 4.1372
v  0.6386 5.5270 4.0015
v  0.4744 5.3810 4.0164
v  0.5118 5.5986 4.0543
v  0.2686 5.6574 4.2056
v  0.0087 5.6960 4.4038
v  -0.5181 4.5458 3.7187
v  -0.3242 4.8419 3.7776
v  -0.5723 4.5770 3.7901
v  -0.3953 4.8871 3.8489
v  -0.3234 5.3943 4.0342
v  -0.3855 5.2794 4.0158
v  -0.5373 5.3747 4.1653
v  -0.4757 5.4889 4.1889
v  -0.1654 5.2981 3.9200
v  -0.2295 5.1825 3.9037
v  -0.2127 5.0169 3.8141
v  -0.1518 5.1381 3.8263
v  -0.2880 5.0626 3.8913
v  -0.6713 4.6367 3.8801
v  -0.7749 4.6989 3.9816
v  -0.6669 5.0587 4.0983
v  -0.5316 4.9738 3.9621
v  -0.4409 5.1600 4.0068
v  -0.5907 5.2548 4.1525
v  -0.0746 5.2464 3.8476
v  -0.8061 5.9548 5.0009
v  -0.8963 5.8143 4.8983
v  -1.0128 5.8576 4.9892
v  -0.8934 5.9835 5.0852
v  -0.7274 5.9414 4.8902
v  -0.7919 5.7868 4.7828
v  -0.9679 5.6979 4.7902
v  -1.0085 5.5637 4.7157
v  -1.1361 5.6161 4.7681
v  -1.1011 5.7542 4.8663
v  -0.8430 5.6431 4.7148
v  -0.8917 5.5099 4.6623
v  -0.6403 5.9267 4.7459
v  -0.6970 5.7682 4.6529
v  -0.9956 4.4257 4.6923
v  -0.9746 4.4468 4.6204
v  -0.8812 4.7913 4.7514
v  -0.9133 4.7811 4.8228
v  -0.9200 4.7840 4.9097
v  -0.9993 4.4142 4.7719
v  -1.0338 5.4130 4.6706
v  -0.9373 5.3745 4.6136
v  -1.1450 5.4563 4.7086
v  -0.8392 5.0062 4.9144
v  -0.8013 5.0139 4.8441
v  -0.7395 5.1811 4.9109
v  -0.7804 5.1707 4.9825
v  -0.7804 5.1633 5.0678
v  -0.8482 5.0093 5.0013
v  -0.8017 4.7986 4.6537
v  -0.9113 4.4597 4.5369
v  -1.2284 4.5177 4.9916
v  -1.1191 4.4844 4.9572
v  -0.9905 4.8617 5.2150
v  -1.1209 4.9067 5.3085
v  -1.0393 4.4373 4.8783
v  -0.9279 4.8127 5.0628
v  -0.6876 5.3533 4.9725
v  -0.7346 5.3406 5.0471
v  -0.7156 5.3208 5.1337
v  -1.2532 5.6726 5.2834
v  -1.3326 5.5503 5.2042
v  -1.3572 5.5230 5.3625
v  -1.2585 5.6462 5.4211
v  -1.1556 5.7969 5.3574
v  -1.1467 5.8345 5.2401
v  -1.2295 5.7002 5.1503
v  -1.2867 5.5672 5.0578
v  -1.3572 5.4031 5.1272
v  -1.3075 5.4180 4.9776
v  -1.3904 5.3740 5.2817
v  -1.0080 6.0240 5.1804
v  -1.1051 5.8646 5.1077
v  -1.0703 6.0107 5.3108
v  -1.1854 5.7379 5.0056
v  -1.2344 5.6038 4.9013
v  -1.0716 5.9565 5.4264
v  -0.4951 5.3658 4.6645
v  -0.4261 5.5417 4.7018
v  -0.5495 5.5350 4.8824
v  -0.6067 5.3635 4.8317
v  -0.6568 5.1889 4.7861
v  -0.5455 5.1907 4.6408
v  -1.2514 5.4514 4.8219
v  -0.7181 5.0205 4.7328
v  -0.6072 5.0218 4.6088
v  -0.1811 5.7197 4.5813
v  -0.2834 5.5332 4.5343
v  -0.3343 5.7235 4.7547
v  -0.3628 5.3575 4.5107
v  -0.4310 5.1892 4.4988
v  -0.4834 5.7021 4.9395
v  -0.8522 5.3693 4.4950
v  -0.9179 5.1549 4.4061
v  -0.7958 5.4949 4.5476
v  -0.7106 5.4790 4.4197
v  -0.7626 5.3548 4.3758
v  -0.8273 5.1463 4.3000
v  -0.4982 5.0210 4.4887
v  -0.7409 5.6218 4.5983
v  -0.6515 5.5987 4.4698
v  -0.8529 4.7471 4.0718
v  -0.7535 5.1143 4.2058
v  -0.9258 4.7738 4.1540
v  -0.6847 5.3168 4.2707
v  -0.6337 5.4389 4.2983
v  -1.0130 4.7705 4.2342
v  -0.5733 5.5550 4.3354
v  0.7933 1.0599 1.1482
v  0.6767 1.0757 1.1612
v  0.6640 0.9907 1.1250
v  0.7769 0.9653 1.1028
v  0.7877 1.1648 1.1331
v  0.6742 1.1686 1.1556
v  0.5657 1.0874 1.1769
v  0.5624 1.1697 1.1710
v  0.5543 1.0096 1.1513
v  0.7509 0.9083 1.0246
v  0.6396 0.9381 1.0586
v  0.5281 0.9629 1.0921
v  0.5429 1.2278 1.1357
v  0.6579 1.2369 1.1225
v  0.6344 1.2962 1.0701
v  0.5220 1.2880 1.1031
v  0.5452 1.6968 1.2349
v  0.5299 1.4913 1.1453
v  0.6468 1.5126 1.1051
v  0.6582 1.7210 1.1866
v  0.7451 1.3068 1.0417
v  0.7302 1.3977 1.0094
v  0.7497 1.5308 1.0621
v  0.6298 1.3843 1.0564
v  0.7686 1.2418 1.0920
v  0.5253 1.3661 1.1156
v  0.7593 1.7458 1.1316
v  0.3530 5.2198 4.0355
v  0.2586 5.0483 4.0735
v  0.3384 4.9921 4.0745
v  0.4270 5.1585 4.0212
v  0.7084 4.7768 3.7747
v  0.6064 4.6645 3.7928
v  0.6624 4.8550 3.9380
v  0.5668 4.7236 3.9637
v  0.2426 4.8211 4.1101
v  0.3620 4.7060 4.1069
v  0.4494 4.6071 3.9713
v  0.4694 4.8565 4.0895
v  0.1625 4.8737 4.1038
v  0.5587 5.0092 4.0441
v  0.4840 4.5723 3.8033
v  -1.1877 5.5868 5.5627
v  -1.2989 5.4436 5.5378
v  -1.1288 5.3421 5.6042
v  -1.0431 5.5063 5.6256
v  -1.3453 5.2925 5.4361
v  -1.1997 5.1998 5.5019
v  -1.0308 5.1255 5.4687
v  -0.9018 5.0805 5.3396
v  -0.8185 5.2104 5.4147
v  -0.9530 5.2653 5.5490
v  -0.8830 5.4272 5.5951
v  -0.7512 5.3655 5.4699
v  -0.7188 5.3359 5.2861
v  -0.7879 5.1837 5.2257
v  -0.8528 5.0367 5.1640
v  0.1509 7.5227 5.5717
v  0.1988 7.5504 5.6129
v  -0.0568 7.5956 5.8468
v  -0.0278 7.6805 5.9290
v  -0.1924 7.6208 5.9485
v  -0.2957 7.6177 5.9724
v  -0.2697 7.7001 6.0231
v  -0.1690 7.7057 5.9974
v  -0.4004 7.5933 6.0400
v  -0.4534 7.5395 6.1426
v  -0.4193 7.6286 6.1911
v  -0.3682 7.6763 6.0909
v  -0.4624 7.4851 6.2458
v  -0.4285 7.5776 6.2956
v  -0.4192 7.4280 6.3435
v  -0.3855 7.5222 6.3951
v  -0.3089 7.3746 6.4076
v  -0.2797 7.4694 6.4657
v  -0.1890 7.3229 6.4377
v  -0.1556 7.4214 6.4882
v  -0.0902 7.2706 6.4117
v  -0.0200 7.2497 6.3293
v  0.0257 7.3439 6.3779
v  -0.0527 7.3699 6.4594
v  0.0622 7.3666 6.2749
v  0.0211 7.2743 6.2276
v  0.0332 7.3246 6.1320
v  0.0739 7.4142 6.1830
v  0.3368 7.3497 5.6444
v  0.1509 7.3737 5.9390
v  0.4023 7.4775 5.6872
v  0.2031 7.5109 6.0198
v  0.0736 7.3559 6.0724
v  0.1213 7.4544 6.1249
v  0.3002 7.5677 5.6466
v  0.1333 7.6407 5.9457
v  -0.1482 7.8039 6.0675
v  -0.2457 7.8072 6.0942
v  -0.2101 7.9135 6.1757
v  -0.1200 7.9058 6.1448
v  -0.0282 7.8730 6.1405
v  -0.0448 7.7873 6.0577
v  -0.3306 7.7899 6.1642
v  -0.2793 7.9049 6.2414
v  -0.3756 7.7564 6.2612
v  -0.3194 7.8879 6.3284
v  -0.3770 7.7159 6.3675
v  -0.3150 7.8609 6.4304
v  -0.3279 7.6712 6.4647
v  -0.2651 7.8307 6.5219
v  -0.2293 7.6323 6.5283
v  -0.1775 7.8065 6.5795
v  -0.1152 7.5960 6.5411
v  -0.0742 7.7793 6.5933
v  -0.0140 7.5475 6.5141
v  0.0730 7.5107 6.4441
v  0.0897 7.7023 6.4818
v  0.0198 7.7396 6.5525
v  -0.2258 8.0105 6.2947
v  -0.1595 8.0133 6.2428
v  -0.2632 7.9981 6.3683
v  -0.2112 8.0526 6.3912
v  -0.1650 8.0760 6.3574
v  -0.0995 8.0834 6.3243
v  -0.2622 7.9796 6.4589
v  -0.1954 8.0562 6.4579
v  -0.2166 7.9582 6.5389
v  -0.1798 8.0270 6.5235
v  0.1076 7.5150 6.3471
v  0.1171 7.5388 6.2649
v  0.1188 7.6823 6.3338
v  0.1227 7.6826 6.4054
v  -0.1352 7.9426 6.5907
v  -0.1115 8.0427 6.5473
v  -0.0352 7.9224 6.6054
v  -0.0194 8.0289 6.5491
v  -0.1238 8.0945 6.4523
v  -0.0434 8.0987 6.4419
v  0.0274 8.0682 6.4250
v  0.0757 8.0166 6.4057
v  0.0536 8.0044 6.3089
v  -0.0228 8.0611 6.3115
v  0.0559 8.0018 6.5231
v  0.1099 7.9612 6.4764
v  0.0504 7.8879 6.5635
v  0.1096 7.8495 6.4985
v  0.0648 7.7189 6.0884
v  0.0407 7.7983 6.1641
v  0.0774 7.7348 6.2163
v  0.1227 7.6301 6.1409
v  0.0003 7.9547 6.2203
v  -0.0749 8.0010 6.2190
v  0.1000 7.6990 6.2710
v  0.1058 7.8311 6.3153
v  0.1022 7.9333 6.3509
v  0.1253 7.8867 6.3795
v  0.1288 7.8041 6.3693
v  0.0753 7.8671 6.2643
v  0.0445 7.8827 6.2177
v  0.1023 7.9707 6.3950
v  0.1271 7.9138 6.4230
v  0.1325 7.8157 6.4293
v  -0.3426 0.3277 0.2912
v  -0.3283 0.1504 0.1946
v  -0.5021 0.2078 0.1061
v  -0.5313 0.3774 0.2154
v  -0.6154 0.1571 0.1435
v  -0.6395 0.3199 0.2622
v  -0.0823 0.2895 0.2327
v  -0.0879 0.1207 0.1203
v  0.2913 -0.0568 -0.1324
v  0.2883 -0.1546 -0.1853
v  0.1392 -0.1332 -0.1191
v  0.1366 -0.0344 -0.0617
v  0.3961 -0.0645 -0.1929
v  0.3884 -0.1621 -0.2435
v  1.0138 0.2773 -0.4326
v  0.9235 0.2911 -0.3785
v  1.1059 0.2569 -0.4786
v  1.0080 0.0389 -0.5234
v  0.9318 0.0600 -0.4842
v  0.8591 0.0781 -0.4399
v  1.1062 0.0195 -0.5601
v  1.2127 0.2324 -0.5168
v  1.3209 0.2001 -0.5357
v  1.2141 -0.0018 -0.5870
v  0.8909 -0.0781 -0.5144
v  0.8674 -0.1745 -0.5409
v  0.7983 -0.1611 -0.5035
v  0.8232 -0.0609 -0.4750
v  0.9621 -0.0970 -0.5506
v  0.9395 -0.1896 -0.5759
v  1.4096 0.1604 -0.5238
v  1.3181 -0.0302 -0.5913
v  1.3664 -0.2934 -0.6190
v  1.3114 -0.2580 -0.6474
v  1.3504 -0.1803 -0.6133
v  1.4054 -0.2157 -0.5846
v  1.4422 -0.2519 -0.5530
v  1.4021 -0.3337 -0.5853
v  1.3262 -0.3678 -0.6513
v  1.2729 -0.3320 -0.6823
v  1.3594 -0.4111 -0.6152
v  1.4562 -0.2872 -0.4980
v  1.4158 -0.3768 -0.5327
v  1.3973 -0.2957 -0.4570
v  1.3681 -0.3985 -0.4843
v  1.3714 -0.4613 -0.5661
v  1.3280 -0.3070 -0.4496
v  1.3060 -0.4125 -0.4718
v  1.2302 -0.3333 -0.4386
v  1.2147 -0.4393 -0.4627
v  1.3371 -0.4978 -0.5155
v  1.2824 -0.5160 -0.4998
v  1.0897 -0.3817 -0.4120
v  1.0700 -0.4917 -0.4412
v  0.9231 -0.4304 -0.3438
v  0.7946 -0.1228 -0.1290
v  0.7659 -0.3134 -0.1815
v  0.6365 -0.1458 0.0351
v  0.6057 -0.3278 -0.0268
v  0.7451 -0.4552 -0.2177
v  0.5831 -0.4632 -0.0714
v  0.4808 -0.3248 0.0951
v  0.5200 -0.1521 0.1652
v  0.4247 -0.1449 0.2595
v  0.3781 -0.3101 0.1828
v  0.4543 -0.4557 0.0474
v  0.3513 -0.4404 0.1377
v  -0.2817 -0.3138 0.6841
v  -0.1683 -0.2809 0.5877
v  -0.1510 -0.1195 0.6715
v  -0.2584 -0.1596 0.7752
v  -0.3982 -0.1752 0.8274
v  -0.4272 -0.3127 0.7302
v  -0.3026 -0.4231 0.6092
v  -0.1821 -0.4000 0.5247
v  -0.4489 -0.4168 0.6599
v  -0.5724 -0.1561 0.8187
v  -0.5945 -0.2618 0.7270
v  -0.7007 -0.0640 0.7091
v  -0.7231 -0.1608 0.6366
v  -0.6079 -0.3414 0.6556
v  -0.9736 0.0340 0.6448
v  -0.9787 -0.0416 0.5897
v  -0.9658 -0.0837 0.6396
v  -0.9507 -0.0118 0.7031
v  -0.8437 -0.0430 0.7136
v  -0.8658 -0.1278 0.6546
v  0.6153 0.0835 -0.2771
v  0.6499 0.2833 -0.1951
v  0.7265 0.2914 -0.2472
v  0.6867 0.0882 -0.3269
v  0.4702 -0.0621 -0.2448
v  0.4592 -0.1613 -0.2919
v  0.5311 -0.0567 -0.2885
v  0.5169 -0.1574 -0.3321
v  0.8231 0.2945 -0.3120
v  0.7725 0.0870 -0.3845
v  0.6604 -0.0485 -0.3759
v  0.7417 -0.0512 -0.4267
v  0.7179 -0.1533 -0.4584
v  0.6393 -0.1509 -0.4117
v  0.5746 -0.1532 -0.3708
v  0.5923 -0.0512 -0.3310
v  0.3393 -0.1315 0.3221
v  0.2600 -0.1143 0.3685
v  0.2140 -0.2751 0.2841
v  0.2921 -0.2937 0.2414
v  0.2685 -0.4262 0.2007
v  0.1927 -0.4090 0.2435
v  0.1825 -0.0990 0.4192
v  0.0917 -0.0917 0.4837
v  0.0496 -0.2481 0.3919
v  0.1372 -0.2573 0.3303
v  0.1160 -0.3884 0.2826
v  0.0266 -0.3733 0.3331
v  -0.0332 -0.0931 0.5642
v  -0.0662 -0.2500 0.4727
v  -0.0801 -0.3758 0.4159
v  -0.3127 0.0131 0.1280
v  -0.0826 -0.0024 0.0397
v  -0.0717 -0.1036 -0.0249
v  -0.2964 -0.0962 0.0663
v  -0.8194 0.2014 0.3708
v  -0.8179 0.0912 0.2271
v  -0.8770 0.1051 0.2359
v  -0.8982 0.1873 0.3688
v  -0.7606 0.2347 0.3456
v  -0.7603 0.1009 0.2005
v  -0.4774 0.0773 0.0289
v  -0.5999 0.0399 0.0412
v  -0.7017 0.2696 0.3118
v  -0.6952 0.1222 0.1721
v  -0.6848 0.0178 0.0623
v  1.2629 -0.1503 -0.6284
v  1.1589 -0.1297 -0.6155
v  1.2268 -0.2327 -0.6569
v  1.1285 -0.2175 -0.6407
v  1.1905 -0.3107 -0.6917
v  1.0966 -0.3017 -0.6731
v  1.0554 -0.1133 -0.5864
v  1.0299 -0.2036 -0.6114
v  -0.9127 0.1209 0.3758
v  -0.9044 0.0513 0.3618
v  -0.9162 0.0872 0.2575
v  -0.9158 0.0431 0.2734
v  0.1300 7.5740 6.1977
# 3326 vertices

vn -0.8480 0.2541 -0.4652
vn -0.7350 0.3643 -0.5719
vn -0.7293 0.3414 -0.5929
vn -0.8487 0.2584 -0.4615
vn -0.7629 0.3931 -0.5133
vn -0.8182 0.2756 -0.5046
vn -0.8026 0.3030 -0.5138
vn -0.8193 0.2979 -0.4899
vn -0.7623 0.3332 -0.5548
vn -0.8243 0.2908 -0.4858
vn -0.8205 0.2955 -0.4894
vn -0.7932 0.3090 -0.5247
vn -0.7623 0.3236 -0.5605
vn -0.7416 0.3453 -0.5751
vn -0.7534 0.3339 -0.5665
vn -0.3400 0.4430 -0.8295
vn -0.0768 0.2568 -0.9634
vn 0.0319 0.5145 -0.8569
vn -0.3219 0.4955 -0.8067
vn -0.4107 0.4364 -0.8005
vn -0.2485 0.1891 -0.9500
vn 0.0716 0.5252 -0.8479
vn 0.1373 0.4773 -0.8679
vn -0.1634 0.5529 -0.8171
vn -0.2877 0.5159 -0.8069
vn -0.4513 0.4883 -0.7469
vn -0.4626 0.5130 -0.7231
vn -0.5488 0.5062 -0.6653
vn -0.5415 0.4483 -0.7112
vn -0.4974 0.4281 -0.7545
vn -0.3966 0.4733 -0.7866
vn -0.3165 0.5183 -0.7945
vn -0.3391 0.5232 -0.7819
vn -0.3447 0.5069 -0.7901
vn -0.4070 0.5246 -0.7477
vn -0.3439 0.5062 -0.7909
vn -0.4271 0.5553 -0.7136
vn -0.4955 0.5607 -0.6634
vn -0.3228 0.4870 -0.8115
vn -0.3179 0.4763 -0.8198
vn -0.1448 0.5094 -0.8483
vn -0.1731 0.5037 -0.8463
vn -0.1550 0.4458 -0.8816
vn 0.8817 -0.4173 0.2201
vn 0.8796 -0.3705 0.2984
vn 0.8443 -0.0623 -0.5322
vn 0.8488 -0.0712 -0.5240
vn 0.8270 -0.1233 -0.5486
vn 0.9420 -0.3348 -0.0236
vn 0.4506 -0.5131 0.7305
vn 0.1946 -0.4623 0.8651
vn 0.2543 -0.3546 0.8998
vn 0.7187 -0.3813 0.5814
vn 0.6555 -0.4316 0.6196
vn 0.6568 -0.4145 0.6299
vn 0.6148 -0.4322 0.6597
vn 0.5635 -0.4563 0.6886
vn 0.7427 -0.3727 0.5563
vn 0.5110 -0.5138 0.6891
vn 0.3769 -0.5466 0.7478
vn 0.2249 -0.5868 0.7778
vn 0.4234 -0.5556 0.7156
vn 0.3759 -0.5571 0.7405
vn 0.3495 -0.6793 0.6453
vn 0.3572 -0.6621 0.6589
vn 0.5374 -0.5139 0.6687
vn 0.5252 -0.5820 0.6208
vn 0.4595 -0.4935 0.7385
vn 0.3805 -0.4922 0.7829
vn 0.7323 -0.4891 0.4738
vn 0.7497 -0.5707 0.3351
vn 0.6211 -0.6783 0.3926
vn 0.6111 -0.5770 0.5419
vn -0.2499 -0.5736 0.7801
vn -0.1206 -0.5972 0.7930
vn -0.3577 -0.6182 0.6999
vn -0.4437 -0.5927 0.6722
vn -0.4740 -0.5710 0.6702
vn -0.3698 -0.5472 0.7509
vn -0.4681 0.6604 -0.5872
vn -0.5157 0.6952 -0.5007
vn -0.7802 0.4366 -0.4480
vn -0.7402 0.4288 -0.5179
vn -0.7373 0.3414 -0.5830
vn -0.4984 0.5489 -0.6710
vn -0.2838 0.6774 -0.6786
vn -0.3272 0.7464 -0.5795
vn -0.3655 0.7897 -0.4927
vn -0.4201 0.4785 -0.7711
vn -0.3233 0.3978 -0.8586
vn -0.7280 0.3738 -0.5747
vn -0.6569 0.4326 -0.6175
vn -0.3846 0.5996 -0.7018
vn -0.2605 0.6350 -0.7273
vn -0.2789 0.7332 -0.6202
vn -0.0972 0.8733 -0.4773
vn 0.0261 0.9493 -0.3133
vn -0.1290 0.8314 -0.5405
vn -0.5363 0.5763 -0.6166
vn -0.3937 0.7183 -0.5736
vn -0.8084 0.2771 -0.5193
vn -0.7975 0.2410 -0.5531
vn -0.7470 0.3204 -0.5825
vn -0.7770 0.2915 -0.5579
vn -0.7560 0.3210 -0.5704
vn -0.6853 0.4361 -0.5832
vn -0.8093 0.2621 -0.5257
vn -0.8210 0.2731 -0.5014
vn -0.2292 0.0585 -0.9716
vn -0.3095 -0.1020 -0.9454
vn -0.3636 -0.1676 -0.9164
vn -0.3606 0.1348 -0.9229
vn -0.3449 0.3350 -0.8768
vn -0.2484 0.7875 -0.5640
vn -0.2631 0.7501 -0.6068
vn -0.3683 0.2069 -0.9064
vn -0.0938 0.9676 -0.2344
vn -0.0090 0.9947 -0.1024
vn -0.1142 0.9835 -0.1400
vn -0.1217 0.9760 -0.1806
vn -0.4012 0.2445 -0.8827
vn -0.4524 -0.1660 -0.8762
vn -0.4891 -0.1328 -0.8621
vn -0.4429 0.3235 -0.8362
vn 0.5922 0.0158 -0.8056
vn 0.8465 -0.4156 -0.3327
vn 0.5016 -0.6811 -0.5334
vn 0.2736 -0.2823 -0.9195
vn 0.0878 0.3351 -0.9381
vn -0.0310 0.0587 -0.9978
vn 0.2414 0.5385 -0.8073
vn 0.7047 0.2460 -0.6655
vn 0.9732 -0.1736 -0.1506
vn 0.3927 0.6774 -0.6221
vn 0.5629 0.7157 -0.4134
vn 0.6714 0.7331 -0.1082
vn 0.7557 0.5273 -0.3884
vn 0.8252 0.5037 0.2556
vn 0.9802 0.1773 0.0877
vn 0.2264 -0.9488 -0.2201
vn 0.5930 -0.7243 -0.3517
vn 0.4626 -0.4773 -0.7471
vn 0.1455 -0.7730 -0.6175
vn 0.3713 -0.9257 -0.0725
vn 0.1667 -0.9521 0.2562
vn 0.2590 -0.9510 0.1688
vn 0.3660 -0.8983 0.2432
vn 0.6179 -0.6808 0.3933
vn 0.6938 -0.7013 0.1639
vn 0.4642 -0.8214 0.3313
vn 0.4220 -0.8900 0.1726
vn 0.6688 -0.6754 0.3107
vn 0.6025 -0.5812 0.5470
vn -0.3472 0.4561 -0.8194
vn -0.2416 0.4826 -0.8419
vn -0.1662 0.6817 -0.7125
vn -0.2874 0.6901 -0.6642
vn -0.3235 0.6811 -0.6568
vn -0.3676 0.4409 -0.8189
vn -0.3765 0.1125 -0.9196
vn -0.3277 0.1940 -0.9246
vn -0.2163 0.2553 -0.9424
vn -0.2169 0.3922 -0.8939
vn -0.2368 0.3311 -0.9134
vn -0.2282 0.3305 -0.9158
vn -0.0475 0.7817 -0.6218
vn -0.1069 0.7374 -0.6669
vn -0.1790 0.6532 -0.7357
vn 0.1733 -0.9786 0.1109
vn 0.1796 -0.9715 0.1546
vn 0.4630 -0.6519 0.6005
vn 0.4667 -0.6836 0.5611
vn 0.2538 -0.6541 0.7125
vn 0.0718 -0.9513 0.2998
vn 0.0354 -0.9970 0.0681
vn 0.1662 -0.9778 0.1277
vn 0.1664 -0.9751 0.1463
vn 0.6332 -0.0255 0.7736
vn 0.5893 -0.0294 0.8074
vn 0.5460 0.4516 0.7056
vn 0.5990 0.4638 0.6527
vn 0.4809 0.4153 0.7722
vn 0.4374 -0.0870 0.8951
vn 0.4576 0.6461 0.6109
vn 0.5414 0.6616 0.5188
vn 0.6015 0.4265 0.6755
vn 0.5259 0.4942 0.6923
vn 0.4882 0.6415 0.5917
vn 0.5358 0.3510 0.7679
vn 0.6737 -0.4659 0.5736
vn 0.5898 -0.4397 0.6773
vn 0.5110 -0.6642 0.5456
vn 0.5427 -0.3504 0.7633
vn 0.6598 -0.2708 0.7010
vn 0.6047 -0.3001 0.7378
vn 0.6667 -0.1194 0.7357
vn 0.5406 -0.0465 0.8400
vn 0.5342 0.2761 0.7990
vn 0.7091 0.0440 0.7037
vn 0.7346 -0.1709 0.6567
vn 0.6640 -0.2356 0.7096
vn -0.5465 0.6414 -0.5385
vn -0.5304 0.5770 -0.6211
vn -0.7904 0.3037 -0.5320
vn -0.8198 0.3609 -0.4447
vn -0.2967 0.7730 -0.5608
vn -0.2451 0.7458 -0.6195
vn -0.2393 0.7667 -0.5957
vn -0.1769 0.7627 -0.6220
vn -0.3711 0.7758 -0.5103
vn -0.4416 0.6903 -0.5732
vn -0.3333 0.6807 -0.6524
vn -0.2835 0.6856 -0.6705
vn -0.4722 0.5589 -0.6817
vn -0.4424 0.5611 -0.6996
vn -0.5072 0.5619 -0.6535
vn -0.5662 0.4927 -0.6608
vn -0.5368 0.4748 -0.6974
vn -0.4917 0.4802 -0.7263
vn -0.4754 0.4480 -0.7572
vn -0.4398 0.4518 -0.7762
vn -0.5151 0.4940 -0.7004
vn -0.4735 0.4928 -0.7300
vn -0.4526 0.4371 -0.7772
vn -0.4398 0.4377 -0.7842
vn 0.4748 -0.4020 0.7829
vn 0.9020 -0.3631 0.2335
vn 0.9561 -0.2704 -0.1132
vn 0.8305 -0.4917 0.2619
vn 0.5885 -0.5971 0.5452
vn 0.4011 -0.4335 0.8070
vn 0.4050 -0.2901 0.8671
vn 0.6427 -0.3470 0.6830
vn 0.9155 -0.3667 0.1654
vn 0.4738 -0.4528 0.7553
vn 0.4209 -0.4580 0.7830
vn 0.5413 -0.3993 0.7399
vn 0.5897 -0.4308 0.6831
vn 0.5343 -0.5605 0.6327
vn 0.4659 -0.5218 0.7146
vn 0.4390 -0.5082 0.7410
vn 0.4275 -0.4725 0.7707
vn 0.4129 -0.4677 0.7815
vn 0.5922 -0.4984 0.6331
vn 0.7783 -0.3251 0.5372
vn 0.8032 -0.2856 0.5227
vn 0.6218 -0.4681 0.6279
vn 0.5562 -0.5299 0.6402
vn 0.5519 -0.5187 0.6530
vn 0.5780 -0.5212 0.6280
vn 0.5913 -0.5204 0.6161
vn 0.7601 -0.3536 0.5452
vn -0.4123 0.3589 -0.8374
vn -0.3830 0.3874 -0.8386
vn -0.3884 0.5340 -0.7510
vn -0.4147 0.5406 -0.7319
vn -0.4323 0.5299 -0.7296
vn -0.4435 0.3539 -0.8235
vn -0.4434 0.2376 -0.8643
vn -0.3248 0.2852 -0.9018
vn -0.2392 0.3446 -0.9078
vn 0.7061 -0.3885 0.5921
vn 0.1892 -0.7804 0.5960
vn 0.1420 -0.7582 0.6363
vn 0.6832 -0.3890 0.6180
vn 0.7410 -0.3844 0.5506
vn 0.1970 -0.7858 0.5863
vn 0.8121 0.3643 0.4559
vn 0.7447 0.2222 0.6293
vn 0.6943 0.1470 0.7045
vn 0.7753 0.3027 0.5543
vn 0.8346 0.5100 0.2083
vn 0.9864 0.1579 0.0458
vn 0.9121 0.0841 0.4012
vn 0.7958 0.0531 0.6033
vn -0.0311 0.9160 -0.4000
vn -0.0329 0.9001 -0.4345
vn 0.0030 0.9651 -0.2619
vn -0.1604 0.8590 -0.4861
vn -0.0865 0.8795 -0.4679
vn -0.0463 0.8839 -0.4654
vn 0.7231 0.1697 0.6695
vn 0.7191 -0.0869 0.6895
vn 0.7900 0.1897 0.5831
vn 0.7934 0.0865 0.6026
vn 0.5698 0.2371 0.7869
vn 0.5951 -0.0654 0.8010
vn 0.6600 -0.3955 0.6388
vn 0.8240 -0.2429 0.5119
vn 0.8276 -0.1751 0.5333
vn 0.6809 -0.2655 0.6826
vn 0.6039 -0.3019 0.7377
vn 0.5745 -0.4567 0.6792
vn -0.6377 0.5638 -0.5248
vn -0.5996 0.6095 -0.5186
vn -0.2287 0.8498 -0.4749
vn -0.2669 0.8298 -0.4901
vn -0.8134 0.3069 -0.4941
vn -0.8001 0.3172 -0.5092
vn -0.5563 0.5860 -0.5892
vn -0.2243 0.8034 -0.5515
vn -0.7885 0.3029 -0.5353
vn 0.0250 0.9274 -0.3731
vn 0.0116 0.9043 -0.4268
vn -0.0548 0.8569 -0.5125
vn 0.0538 0.9516 -0.3026
vn -0.0905 0.8362 -0.5408
vn -0.1856 0.7458 -0.6398
vn -0.1221 0.9313 -0.3432
vn -0.2969 0.7038 -0.6453
vn -0.3704 0.5268 -0.7651
vn -0.2505 0.8151 -0.5224
vn -0.4016 0.5683 -0.7181
vn -0.4445 0.4731 -0.7607
vn -0.3414 0.7765 -0.5296
vn -0.3666 0.5084 -0.7792
vn -0.3733 0.5470 -0.7493
vn -0.3295 0.8542 -0.4023
vn -0.2758 0.9568 -0.0918
vn -0.2679 0.9397 -0.2126
vn -0.4075 0.4368 -0.8020
vn -0.3992 0.3974 -0.8262
vn 0.9035 -0.2467 0.3505
vn 0.8576 -0.3544 0.3727
vn 0.7953 -0.3168 0.5169
vn 0.8094 -0.2268 0.5417
vn 0.9771 -0.1993 -0.0749
vn 0.9487 -0.2917 -0.1218
vn 0.8621 -0.3259 0.3880
vn 0.6184 -0.3037 0.7248
vn 0.9476 -0.2803 -0.1530
vn 0.5495 -0.0906 0.8305
vn 0.5307 -0.0314 0.8470
vn 0.4944 -0.1672 0.8530
vn 0.4392 -0.3467 0.8288
vn 0.4747 -0.3386 0.8124
vn 0.4880 -0.3396 0.8041
vn 0.4470 -0.3998 0.8002
vn 0.4193 -0.4058 0.8121
vn 0.4483 -0.3797 0.8092
vn 0.6970 -0.1929 0.6907
vn 0.7993 0.0042 0.6009
vn 0.6068 -0.1555 0.7795
vn 0.6839 -0.3777 0.6242
vn 0.0774 -0.7198 0.6899
vn 0.0344 -0.7079 0.7055
vn 0.6842 -0.3601 0.6342
vn 0.6634 -0.2345 -0.7106
vn 0.3620 -0.0195 -0.9320
vn 0.5571 0.2979 -0.7752
vn 0.7100 0.1535 -0.6873
vn 0.7629 0.0752 -0.6421
vn 0.7388 -0.3062 -0.6003
vn 0.5863 -0.6151 -0.5271
vn 0.4187 -0.6146 -0.6685
vn 0.2512 -0.4041 -0.8795
vn -0.9897 0.1181 0.0807
vn -0.9077 -0.1959 -0.3711
vn -0.6882 -0.7151 -0.1221
vn -0.9006 -0.2505 0.3553
vn -0.3941 -0.9180 0.0437
vn -0.7867 -0.4449 0.4281
vn -0.7533 0.4151 0.5101
vn -0.5545 0.7008 0.4489
vn -0.6282 0.7140 0.3092
vn -0.8152 0.4912 0.3068
vn -0.7263 0.3763 0.5753
vn -0.5622 0.6642 0.4928
vn 0.5395 0.5745 -0.6156
vn 0.6635 0.4903 -0.5651
vn 0.2722 0.6363 -0.7218
vn -0.0912 0.8905 -0.4457
vn 0.1679 0.9332 -0.3176
vn 0.2600 0.9414 -0.2150
vn 0.7028 -0.2837 -0.6524
vn 0.7030 0.1523 -0.6947
vn 0.2088 0.3242 -0.9227
vn 0.4217 -0.1557 -0.8933
vn 0.4011 -0.5300 -0.7472
vn 0.5818 -0.6056 -0.5429
vn 0.3878 -0.8034 -0.4519
vn -0.1412 -0.9855 -0.0937
vn 0.2301 -0.8957 -0.3804
vn 0.2911 -0.7464 -0.5984
vn 0.0564 -0.9798 -0.1917
vn -0.6024 -0.6751 0.4259
vn -0.2308 -0.8774 0.4207
vn -0.3470 -0.3591 0.8664
vn -0.7159 -0.1241 0.6871
vn -0.6144 0.3383 0.7128
vn -0.4706 0.6396 0.6078
vn -0.3225 0.1884 0.9276
vn -0.2666 0.5684 0.7784
vn -0.2829 0.8926 0.3512
vn -0.2784 0.9201 0.2755
vn -0.2045 0.8308 0.5176
vn -0.1277 0.9858 0.1092
vn 0.0361 0.9847 -0.1704
vn 0.4876 0.5877 -0.6456
vn -0.0157 0.8257 -0.5639
vn -0.0495 0.0135 -0.9987
vn -0.0947 0.4992 -0.8613
vn -0.1575 0.6010 -0.7836
vn -0.1011 0.1672 -0.9807
vn -0.0853 -0.3682 -0.9258
vn 0.0446 -0.4432 -0.8953
vn 0.1343 -0.7590 -0.6371
vn 0.0268 -0.8182 -0.5744
vn 0.1994 -0.9691 -0.1451
vn 0.1783 -0.9574 -0.2272
vn 0.1554 -0.9177 0.3657
vn 0.0950 -0.5192 0.8493
vn 0.2665 -0.9046 0.3326
vn 0.1678 -0.6390 0.7507
vn -0.0076 0.0080 0.9999
vn -0.1012 0.4653 0.8794
vn -0.0116 -0.1240 0.9922
vn -0.1260 0.4350 0.8916
vn -0.1468 0.9629 0.2264
vn -0.1514 0.7907 0.5932
vn -0.1637 0.7907 0.5899
vn -0.2142 0.9472 0.2386
vn -0.1299 0.9295 -0.3451
vn -0.2264 0.9347 -0.2740
vn 0.0970 -0.5206 -0.8483
vn -0.0440 -0.3014 -0.9525
vn 0.0330 -0.2867 -0.9575
vn 0.2089 -0.4619 -0.8620
vn 0.4180 -0.7675 -0.4861
vn 0.3293 -0.8500 -0.4112
vn 0.1715 -0.9302 -0.3245
vn -0.1916 -0.7315 -0.6544
vn -0.3271 -0.4337 -0.8396
vn -0.3380 0.1269 -0.9326
vn -0.6758 0.6156 -0.4053
vn -0.7986 0.4652 -0.3818
vn -0.3155 -0.0323 -0.9484
vn 0.1517 -0.4817 -0.8631
vn 0.0925 -0.3349 -0.9377
vn -0.3283 0.2014 -0.9229
vn -0.5760 0.6966 -0.4277
vn -0.6036 0.7971 0.0145
vn -0.3398 0.7524 0.5643
vn -0.4941 0.6715 0.5522
vn -0.7135 0.6756 0.1858
vn -0.5999 0.7954 -0.0861
vn -0.3905 0.8057 0.4454
vn -0.1630 0.5134 0.8425
vn -0.3808 0.4733 0.7943
vn -0.0992 0.5432 0.8337
vn 0.0995 0.1910 0.9765
vn 0.0417 0.1613 0.9860
vn -0.0742 0.1491 0.9860
vn 0.3068 -0.2494 0.9185
vn 0.2857 -0.2434 0.9269
vn 0.3437 -0.2459 0.9063
vn 0.5205 -0.6691 0.5304
vn 0.4812 -0.6140 0.6257
vn 0.5336 -0.6064 0.5895
vn 0.5679 -0.8229 0.0152
vn 0.4718 -0.6534 -0.5920
vn 0.4551 -0.5355 -0.7114
vn 0.5843 -0.7948 -0.1641
vn 0.5115 -0.8585 0.0371
vn 0.2664 -0.4178 -0.8686
vn 0.3486 -0.4857 -0.8016
vn 0.0106 -0.8109 -0.5850
vn -0.0317 -0.2683 -0.9628
vn -0.0950 -0.2618 -0.9604
vn -0.0096 -0.7948 -0.6068
vn 0.0249 -0.9985 -0.0479
vn 0.1226 -0.9897 -0.0734
vn 0.1169 -0.9338 0.3381
vn 0.0251 -0.9292 0.3688
vn 0.0534 -0.6477 0.7600
vn 0.0511 -0.6757 0.7354
vn -0.0516 -0.1210 0.9913
vn -0.1295 0.4904 0.8618
vn -0.0123 -0.0784 0.9968
vn -0.0990 0.5393 0.8363
vn -0.1816 0.8069 0.5621
vn -0.2671 0.9296 0.2541
vn -0.1700 0.8196 0.5471
vn -0.3005 0.9163 0.2647
vn -0.3558 0.9077 -0.2226
vn -0.5009 0.8538 -0.1417
vn -0.5892 0.4741 -0.6543
vn -0.3669 0.5900 -0.7193
vn -0.1874 0.2132 -0.9589
vn -0.3777 0.0853 -0.9220
vn -0.1177 -0.8784 -0.4632
vn -0.0080 -0.9992 0.0388
vn -0.4592 -0.3650 -0.8099
vn -0.8989 -0.2267 -0.3750
vn -0.5834 -0.8104 -0.0538
vn -0.2159 -0.9384 0.2698
vn -0.8072 0.5454 0.2257
vn -0.8884 0.1979 -0.4143
vn -0.6082 0.5890 0.5321
vn -0.7721 0.3411 0.5362
vn -0.8947 0.3639 0.2589
vn -0.9319 -0.2178 -0.2900
vn -0.6383 -0.2969 0.7102
vn -0.1936 -0.1782 0.9648
vn -0.0388 -0.4500 0.8922
vn -0.2412 -0.7670 0.5946
vn -0.7561 -0.4071 0.5124
vn -0.5819 0.1617 0.7971
vn -0.0075 0.0134 0.9999
vn 0.0035 -0.8939 0.4483
vn 0.0723 -0.6007 0.7962
vn -0.4554 0.4535 0.7661
vn -0.0282 0.1946 0.9805
vn 0.0944 -0.0598 0.9937
vn -0.0102 0.5414 0.8407
vn 0.1391 -0.1210 0.9829
vn 0.0427 0.4896 0.8709
vn -0.1455 0.8145 0.5616
vn -0.3707 0.8706 0.3235
vn -0.1573 0.7501 0.6424
vn -0.4324 0.8085 0.3993
vn -0.9875 -0.1313 -0.0872
vn -0.9107 -0.0909 0.4029
vn 0.3675 -0.0848 0.9262
vn 0.6039 -0.4374 0.6663
vn 0.5887 -0.2669 0.7630
vn 0.3503 -0.0385 0.9358
vn 0.6749 -0.5360 0.5071
vn 0.5575 -0.8180 0.1418
vn 0.7298 -0.4547 0.5105
vn 0.6960 -0.1718 0.6972
vn 0.4837 -0.0830 0.8713
vn 0.5022 -0.2363 0.8318
vn 0.7673 -0.6324 0.1064
vn 0.4508 -0.7932 -0.4095
vn 0.6245 -0.7667 -0.1488
vn 0.3332 -0.6778 -0.6554
vn 0.2128 -0.9087 -0.3591
vn 0.2546 -0.7433 -0.6186
vn 0.0164 -0.7500 -0.6613
vn -0.0915 -0.9499 -0.2988
vn -0.5040 -0.3916 -0.7698
vn -0.5919 -0.6551 -0.4696
vn -0.6143 -0.7099 -0.3445
vn -0.2982 -0.9464 -0.1239
vn -0.8878 -0.3371 -0.3134
vn -0.8820 -0.3551 -0.3097
vn -0.6721 -0.6730 -0.3090
vn -0.4020 -0.9033 -0.1500
vn -0.6878 -0.6498 -0.3234
vn -0.4325 -0.8736 -0.2233
vn -0.8398 -0.3946 -0.3729
vn -0.8043 -0.4235 -0.4168
vn -0.6639 -0.6530 -0.3646
vn -0.4099 -0.8762 -0.2536
vn -0.8803 0.1162 -0.4599
vn -0.7821 -0.4127 -0.4670
vn -0.8848 -0.2578 -0.3881
vn -0.9222 0.1613 -0.3514
vn -0.9185 -0.0816 -0.3869
vn -0.8476 0.0596 -0.5272
vn -0.8427 -0.2758 -0.4623
vn -0.3818 -0.8864 -0.2618
vn -0.4572 -0.8746 -0.1616
vn -0.3881 -0.8958 -0.2165
vn -0.4782 -0.8613 -0.1715
vn -0.5864 -0.7651 -0.2661
vn -0.8759 -0.3224 -0.3591
vn -0.8262 -0.5101 -0.2392
vn -0.6893 -0.6867 -0.2308
vn -0.2717 -0.9624 0.0016
vn 0.1183 -0.9801 0.1592
vn 0.0054 -1.0000 0.0056
vn -0.0984 -0.9861 -0.1340
vn -0.1490 -0.9269 -0.3446
vn -0.2376 -0.8337 -0.4984
vn -0.7172 -0.5733 -0.3962
vn -0.6150 -0.6656 -0.4228
vn -0.8868 -0.1968 -0.4182
vn 0.3899 -0.8903 -0.2351
vn 0.3468 -0.7992 -0.4909
vn 0.3921 -0.9199 0.0014
vn 0.6851 -0.7231 0.0885
vn 0.7544 -0.6491 -0.0979
vn 0.7529 -0.5583 -0.3485
vn 0.3187 -0.8264 0.4642
vn 0.3036 -0.9443 0.1269
vn -0.0965 -0.6525 0.7516
vn 0.2917 -0.5968 0.7475
vn 0.5637 -0.6147 0.5517
vn 0.5968 -0.6497 0.4709
vn 0.1888 -0.9820 0.0079
vn -0.0744 -0.9966 0.0363
vn -0.5171 -0.5660 0.6421
vn -0.1338 -0.7595 0.6365
vn -0.3838 0.0523 0.9219
vn -0.3398 -0.2690 0.9012
vn -0.1214 -0.1816 0.9759
vn -0.0587 0.1170 0.9914
vn -0.2857 -0.9540 0.0904
vn -0.9573 -0.2780 0.0798
vn -0.9986 -0.0093 -0.0518
vn -0.9578 -0.2015 -0.2050
vn -0.9518 0.0482 0.3028
vn -0.7810 0.2012 0.5912
vn -0.3992 0.4529 0.7972
vn -0.3658 0.4051 0.8379
vn -0.0395 0.5323 0.8456
vn -0.0454 0.4078 0.9120
vn -0.7798 -0.5528 -0.2937
vn -0.8426 -0.4894 -0.2247
vn -0.3355 -0.7511 -0.5686
vn -0.4853 -0.6839 -0.5447
vn -0.8973 -0.4192 -0.1384
vn -0.8791 -0.3793 0.2888
vn -0.7741 -0.0477 0.6313
vn -0.9023 0.0057 0.4311
vn -0.6475 -0.6581 -0.3843
vn -0.7507 -0.6595 -0.0387
vn 0.9265 -0.2016 -0.3177
vn 0.9140 -0.3881 -0.1183
vn 0.6580 -0.5765 -0.4844
vn 0.6543 -0.4876 -0.5781
vn 0.9578 -0.2255 -0.1782
vn 0.9857 -0.0306 0.1659
vn 0.9805 0.1036 0.1672
vn 0.9560 -0.0853 0.2808
vn 0.2499 -0.6991 -0.6700
vn 0.1636 -0.7141 -0.6806
vn 0.6391 0.3192 0.6998
vn 0.7008 -0.0031 0.7134
vn 0.5955 0.3851 0.7051
vn 0.0370 0.4501 0.8922
vn 0.2317 0.1719 0.9575
vn 0.0990 -0.9010 -0.4224
vn 0.7279 -0.6722 -0.1357
vn 0.6128 -0.6976 0.3713
vn -0.1301 -0.9363 0.3263
vn -0.3897 0.4371 0.8106
vn -0.3428 0.2116 0.9153
vn -0.3325 -0.3363 0.8811
vn 0.4924 -0.3183 0.8101
vn 0.8351 -0.4127 0.3636
vn 0.0053 -0.6856 0.7279
vn 0.0592 -0.7959 0.6025
vn -0.2410 -0.7440 0.6232
vn -0.2716 -0.6784 0.6826
vn 0.0820 -0.8276 0.5552
vn 0.1065 -0.7879 0.6065
vn -0.2606 -0.7575 0.5986
vn -0.2461 -0.7694 0.5895
vn -0.2125 -0.7649 0.6081
vn -0.2088 -0.7462 0.6322
vn -0.2178 -0.7544 0.6192
vn -0.0650 -0.8173 0.5726
vn -0.0676 -0.7998 0.5964
vn -0.0990 -0.7817 0.6158
vn -0.2735 -0.7301 0.6262
vn 0.1406 -0.7090 0.6910
vn 0.2040 -0.6089 0.7665
vn -0.2715 -0.7061 0.6540
vn -0.1814 -0.7514 0.6344
vn -0.0524 -0.7579 0.6503
vn -0.2029 -0.7019 0.6828
vn -0.0902 -0.6527 0.7522
vn -0.2484 -0.7013 0.6682
vn 0.2756 -0.5583 0.7825
vn 0.3705 -0.4904 0.7888
vn -0.1963 -0.6970 0.6897
vn -0.2699 -0.6784 0.6833
vn -0.3141 -0.6773 0.6653
vn -0.1198 -0.6656 0.7366
vn -0.1116 -0.6422 0.7584
vn 0.7011 -0.3024 0.6458
vn 0.0273 -0.6886 0.7246
vn -0.0077 -0.6694 0.7429
vn 0.6351 -0.2982 0.7125
vn 0.4991 -0.3784 0.7796
vn -0.1134 -0.6798 0.7246
vn -0.3159 -0.6857 0.6558
vn -0.2880 -0.7159 0.6361
vn -0.1550 -0.7019 0.6952
vn -0.1406 -0.6809 0.7187
vn -0.2034 -0.7133 0.6707
vn -0.2088 -0.6832 0.6998
vn -0.1171 -0.7366 0.6661
vn -0.4434 -0.6693 0.5962
vn -0.4833 -0.6139 0.6242
vn -0.2301 -0.6640 0.7115
vn -0.5581 -0.5150 0.6506
vn -0.1897 -0.6258 0.7566
vn -0.9746 -0.2201 0.0416
vn -0.8716 0.2209 -0.4377
vn -0.8880 0.2067 -0.4107
vn -0.9864 -0.1609 0.0329
vn -0.8733 0.2718 -0.4043
vn -0.9996 -0.0273 -0.0008
vn -0.1899 -0.7742 0.6038
vn -0.1529 -0.7511 0.6422
vn -0.5394 -0.6499 0.5354
vn -0.5789 -0.6776 0.4535
vn -0.9675 -0.2410 -0.0772
vn -0.8726 0.1409 -0.4676
vn -0.9511 -0.3081 0.0226
vn -0.9049 0.0267 -0.4248
vn -0.2563 -0.7501 0.6096
vn -0.6458 -0.5714 0.5064
vn -0.5963 -0.6329 0.4939
vn -0.2129 -0.7945 0.5687
vn -0.7666 0.2464 -0.5930
vn -0.7540 0.2503 -0.6073
vn -0.8308 0.2670 -0.4883
vn -0.8400 0.2626 -0.4747
vn -0.7696 0.1922 -0.6089
vn -0.7067 0.2968 -0.6423
vn -0.7827 0.2693 -0.5611
vn -0.6896 0.3365 -0.6413
vn -0.8078 0.2943 -0.5107
vn -0.9668 -0.0010 -0.2557
vn -0.9364 -0.3154 0.1537
vn -0.9403 -0.2525 0.2284
vn -0.9878 0.0283 -0.1532
vn -0.8705 0.1630 -0.4644
vn -0.8726 0.2075 -0.4421
vn -0.6799 0.3856 -0.6238
vn -0.7234 0.3558 -0.5918
vn -0.7200 0.4503 -0.5280
vn -0.7045 0.4364 -0.5597
vn -0.2928 -0.7052 0.6457
vn -0.6918 -0.5418 0.4774
vn -0.2612 -0.6948 0.6701
vn -0.7122 -0.5396 0.4491
vn -0.8821 0.2313 -0.4104
vn -0.8820 0.2649 -0.3898
vn -0.9925 0.0108 -0.1218
vn -0.9934 0.0020 -0.1143
vn -0.9470 -0.2342 0.2197
vn -0.9475 -0.2742 0.1642
vn -0.2423 -0.6658 0.7057
vn -0.7107 -0.5203 0.4734
vn -0.2472 -0.6126 0.7508
vn -0.6985 -0.4884 0.5231
vn -0.9536 -0.2548 0.1604
vn -0.9597 -0.2000 0.1976
vn -0.9926 0.1087 -0.0534
vn -0.9949 0.0464 -0.0900
vn -0.8706 0.3637 -0.3315
vn -0.7329 0.5083 -0.4521
vn -0.8707 0.4154 -0.2632
vn -0.7967 0.4623 -0.3893
vn -0.7615 0.3935 -0.5151
vn -0.8128 0.3336 -0.4776
vn -0.9567 -0.1404 0.2549
vn -0.9582 -0.1413 0.2489
vn -0.9784 0.2041 -0.0320
vn -0.9857 0.1684 -0.0045
vn -0.6757 -0.4710 0.5670
vn -0.6818 -0.4889 0.5442
vn -0.2535 -0.5918 0.7652
vn -0.2851 -0.6360 0.7171
vn -0.9193 0.3731 -0.1252
vn -0.8752 0.4332 -0.2153
vn -0.2422 -0.7592 0.6041
vn -0.2121 -0.7252 0.6550
vn -0.2357 -0.7870 0.5701
vn -0.5589 -0.6576 0.5052
vn -0.8458 0.2718 -0.4591
vn -0.8735 0.2015 -0.4431
vn -0.8689 0.3309 -0.3680
vn -0.9161 0.1972 -0.3490
vn -0.3712 -0.6707 0.6422
vn -0.7219 -0.5204 0.4561
vn -0.9158 0.3230 -0.2386
vn -0.9481 0.1758 -0.2649
vn -0.9898 0.1194 -0.0777
vn -0.9937 0.0007 -0.1123
vn -0.9578 -0.2198 0.1852
vn -0.9282 -0.3242 0.1825
vn -0.2463 -0.7977 0.5504
vn -0.5796 -0.6778 0.4525
vn -0.2571 -0.8085 0.5294
vn -0.5901 -0.6909 0.4176
vn -0.8965 0.1254 -0.4249
vn -0.9264 0.0701 -0.3701
vn -0.9423 0.0832 -0.3243
vn -0.9656 0.0136 -0.2595
vn -0.9631 0.0768 -0.2578
vn -0.9793 0.0347 -0.1992
vn -0.9924 -0.0757 -0.0971
vn -0.9934 -0.0980 -0.0589
vn -0.9019 -0.3898 0.1861
vn -0.8945 -0.4072 0.1847
vn -0.2912 -0.8059 0.5154
vn -0.6048 -0.6882 0.4007
vn -0.3387 -0.8144 0.4713
vn -0.6455 -0.6541 0.3943
vn -0.9625 0.0433 -0.2677
vn -0.9630 0.0523 -0.2643
vn -0.9854 -0.0564 -0.1608
vn -0.9825 -0.1434 -0.1191
vn -0.9886 -0.0154 -0.1495
vn -0.9865 -0.1260 -0.1044
vn -0.9925 -0.1113 -0.0507
vn -0.9860 -0.1600 -0.0463
vn -0.9017 -0.3971 0.1710
vn -0.9216 -0.3621 0.1399
vn -0.9075 0.0340 -0.4187
vn -0.9465 0.0538 -0.3182
vn -0.9709 -0.1880 -0.1481
vn -0.9459 -0.2609 -0.1929
vn -0.8975 0.0341 -0.4397
vn -0.6481 -0.0744 -0.7579
vn -0.7225 0.2853 -0.6298
vn -0.8394 0.3024 -0.4517
vn -0.9215 0.1460 -0.3599
vn -0.8653 0.3237 -0.3828
vn -0.8746 0.2639 -0.4068
vn -0.8798 0.0968 -0.4653
vn -0.9502 0.0987 -0.2955
vn -0.6193 0.7662 -0.1717
vn -0.6851 0.6968 -0.2121
vn -0.9679 -0.0184 -0.2505
vn -0.9643 -0.1109 0.2406
vn -0.3735 -0.5513 0.7461
vn -0.5219 -0.7137 0.4672
vn -0.9970 0.0366 -0.0683
vn -0.8793 0.3748 -0.2940
vn -0.9787 0.2045 -0.0181
vn -0.8434 -0.1892 0.5028
vn -0.2474 -0.3111 0.9176
vn -0.7845 -0.1119 0.6099
vn -0.3418 -0.0121 0.9397
vn -0.9718 0.0776 0.2228
vn -0.9536 0.0065 0.3009
vn -0.8487 -0.1182 0.5155
vn -0.6708 0.2166 0.7093
vn -0.4536 0.8127 -0.3657
vn -0.3875 0.7544 -0.5299
vn -0.5668 0.6261 -0.5354
vn -0.6045 0.6870 -0.4031
vn -0.5614 0.7792 -0.2789
vn -0.5262 0.8439 -0.1050
vn -0.6379 0.7175 -0.2797
vn -0.5364 0.7664 -0.3534
vn -0.4765 0.7496 -0.4593
vn -0.2631 0.6473 -0.7154
vn -0.3835 0.3786 -0.8424
vn -0.4119 0.4578 -0.7879
vn -0.2811 0.6951 -0.6616
vn -0.2742 0.7426 -0.6111
vn -0.2839 0.7110 -0.6433
vn -0.2095 0.6568 -0.7244
vn -0.2474 0.5699 -0.7836
vn -0.3762 0.3184 -0.8701
vn -0.2431 0.4880 -0.8383
vn -0.3986 0.2591 -0.8798
vn -0.1177 0.6089 -0.7845
vn -0.0856 0.6130 -0.7854
vn -0.2463 0.4883 -0.8372
vn -0.4802 0.2326 -0.8458
vn -0.5106 0.1098 -0.8528
vn -0.5733 -0.2456 -0.7817
vn -0.6274 -0.1334 -0.7672
vn -0.5435 0.1775 -0.8205
vn -0.4955 0.0209 -0.8684
vn -0.5530 -0.4498 -0.7014
vn -0.4837 -0.6929 -0.5347
vn -0.1872 -0.9794 -0.0755
vn -0.3350 -0.9398 -0.0678
vn -0.6297 -0.5415 -0.5570
vn -0.3337 -0.8779 -0.3434
vn -0.1086 -0.9917 -0.0690
vn -0.5554 -0.0680 -0.8288
vn -0.6125 -0.6796 -0.4037
vn -0.7050 -0.1298 -0.6973
vn -0.8000 -0.5781 -0.1603
vn -0.8323 -0.0074 -0.5543
vn -0.9050 -0.2961 -0.3054
vn -0.6693 0.2241 -0.7084
vn -0.0631 -0.9076 0.4151
vn 0.0044 -0.8771 0.4803
vn -0.0187 -0.8158 0.5780
vn -0.2161 -0.8819 0.4190
vn -0.6616 -0.7492 -0.0321
vn -0.5246 -0.8485 -0.0694
vn 0.0573 -0.9283 0.3673
vn 0.0423 -0.9493 0.3114
vn -0.9621 -0.2695 -0.0418
vn -0.9114 -0.4103 -0.0315
vn -0.9561 -0.2913 0.0313
vn -0.9067 -0.4217 0.0002
vn -0.4132 -0.8543 0.3153
vn -0.8461 -0.5254 -0.0897
vn -0.8010 -0.5756 0.1646
vn -0.4109 -0.8526 0.3230
vn 0.2650 -0.7711 0.5790
vn 0.3238 -0.7541 0.5713
vn -0.9203 -0.3758 0.1083
vn -0.9122 -0.4082 -0.0366
vn -0.2826 -0.9571 0.0646
vn 0.1638 -0.9325 0.3219
vn -0.6680 -0.6823 -0.2970
vn -0.8621 -0.5067 0.0052
vn -0.4800 -0.7064 0.5202
vn -0.9140 -0.4006 0.0646
vn -0.7791 -0.5313 0.3327
vn -0.3918 -0.9175 0.0678
vn 0.0164 -0.9447 0.3276
vn 0.1147 -0.9508 0.2877
vn -0.0357 -0.9559 0.2916
vn -0.9166 0.2312 -0.3261
vn -0.8950 -0.0471 -0.4435
vn -0.7630 -0.1230 -0.6345
vn -0.8342 -0.4640 -0.2980
vn -0.3832 -0.9104 -0.1562
vn -0.8260 -0.4336 -0.3601
vn -0.9591 0.0724 -0.2735
vn -0.9364 0.0564 -0.3463
vn -0.9797 0.0029 -0.2004
vn -0.9467 -0.1204 -0.2986
vn -0.9308 0.0768 -0.3573
vn -0.9109 0.2130 -0.3533
vn -0.8664 -0.2333 -0.4416
vn -0.8874 -0.3280 -0.3241
vn -0.9264 -0.1073 -0.3609
vn -0.9108 -0.3873 -0.1431
vn -0.3834 0.2061 -0.9003
vn -0.6934 0.0902 -0.7149
vn -0.6673 0.6687 -0.3280
vn -0.5720 0.7199 -0.3932
vn 0.3999 -0.9123 0.0884
vn 0.3555 -0.7571 0.5481
vn 0.0406 -0.8141 0.5793
vn 0.1083 -0.9897 0.0939
vn -0.2726 0.5046 0.8192
vn -0.5495 0.1939 0.8127
vn -0.1222 -0.0810 0.9892
vn 0.0500 0.0814 0.9954
vn -0.5515 0.7692 0.3228
vn -0.7917 0.5244 0.3133
vn -0.6386 0.7579 -0.1331
vn -0.7666 0.6287 -0.1306
vn 0.1822 -0.3479 0.9197
vn -0.0903 -0.4509 0.8880
vn -0.5325 -0.3559 0.7679
vn -0.9373 -0.1114 0.3301
vn -0.7388 -0.6476 0.1867
vn -0.4111 -0.7978 0.4409
vn -0.9484 0.0934 -0.3029
vn -0.6798 -0.5955 -0.4282
vn -0.3115 -0.9390 -0.1459
vn -0.6301 0.5923 -0.5022
vn -0.1286 0.3558 -0.9257
vn -0.3701 -0.4011 -0.8379
vn -0.0911 -0.8413 -0.5329
vn -0.7941 0.6070 -0.0296
vn -0.8859 0.2672 0.3793
vn -0.4384 0.8963 -0.0674
vn -0.2774 0.9477 0.1579
vn -0.4053 -0.9117 0.0669
vn -0.6979 -0.4571 -0.5513
vn -0.7595 -0.3343 -0.5580
vn -0.4687 -0.8710 0.1471
vn -0.8172 0.0411 -0.5749
vn -0.7407 -0.4429 -0.5053
vn -0.8580 0.1453 -0.4926
vn -0.8092 -0.0147 -0.5874
vn -0.7270 0.0127 -0.6865
vn -0.7052 -0.4029 -0.5834
vn -0.6623 -0.1681 -0.7302
vn -0.6905 -0.3350 -0.6411
vn -0.6403 -0.3783 -0.6685
vn -0.6988 -0.0455 -0.7138
vn -0.6846 -0.0107 -0.7289
vn -0.6549 -0.3846 -0.6505
vn -0.7627 -0.1675 -0.6247
vn -0.9170 0.0988 -0.3865
vn -0.9346 0.0348 -0.3541
vn -0.9284 -0.1651 -0.3330
vn -0.8991 -0.2702 -0.3443
vn -0.9141 0.1098 -0.3904
vn -0.7122 -0.4837 -0.5087
vn -0.8135 -0.1168 -0.5697
vn -0.5844 -0.6673 -0.4617
vn -0.6089 -0.7377 -0.2916
vn -0.4037 -0.8645 -0.2994
vn -0.5844 -0.6791 -0.4442
vn -0.9575 -0.0415 -0.2855
vn -0.5763 -0.7914 -0.2036
vn -0.3661 -0.8979 -0.2446
vn -0.6292 -0.6676 -0.3979
vn -0.5248 0.6091 -0.5946
vn -0.4181 0.7008 -0.5780
vn -0.5625 0.6402 -0.5233
vn -0.5248 0.7241 -0.4475
vn -0.5254 0.6881 -0.5005
vn -0.4989 0.6386 -0.5860
vn -0.4762 0.5486 -0.6872
vn -0.3517 0.6397 -0.6834
vn -0.9852 -0.1350 -0.1054
vn -0.9447 -0.2892 -0.1548
vn -0.5082 -0.8246 0.2486
vn -0.4155 -0.8951 0.1617
vn -0.8377 -0.4802 -0.2599
vn -0.7186 -0.6668 -0.1977
vn -0.2883 -0.9321 0.2193
vn -0.1391 -0.8807 0.4527
vn -0.5596 -0.8283 -0.0294
vn -0.0386 -0.8228 0.5671
vn -0.1413 -0.9093 0.3915
vn -0.1841 -0.8704 0.4566
vn -0.1569 -0.9394 0.3048
vn -0.5925 -0.8052 0.0224
vn -0.6382 -0.7630 0.1027
vn -0.6580 -0.7440 0.1162
vn -0.6845 -0.7272 0.0510
vn -0.2549 -0.8594 0.4433
vn -0.2793 0.6832 -0.6747
vn -0.4170 0.5681 -0.7095
vn -0.4614 0.5763 -0.6745
vn -0.2895 0.6831 -0.6705
vn -0.3045 0.6282 -0.7160
vn -0.2846 0.5903 -0.7554
vn -0.2569 0.6772 -0.6895
vn -0.4121 0.5613 -0.7177
vn -0.8447 -0.4327 -0.3152
vn -0.8072 -0.0140 -0.5901
vn -0.7486 -0.0252 -0.6626
vn -0.8067 -0.4268 -0.4087
vn -0.8746 -0.4265 -0.2307
vn -0.8605 0.0033 -0.5095
vn -0.5150 0.5890 -0.6228
vn -0.3284 0.7069 -0.6265
vn -0.8815 -0.4182 -0.2192
vn -0.8491 -0.4275 -0.3103
vn -0.8800 -0.0074 -0.4749
vn -0.8882 -0.0043 -0.4594
vn -0.5724 0.2589 -0.7780
vn -0.6903 -0.0558 -0.7213
vn -0.5783 0.3204 -0.7503
vn -0.4341 0.5442 -0.7179
vn -0.6232 0.3506 -0.6991
vn -0.6729 0.3708 -0.6401
vn -0.7372 -0.4515 -0.5027
vn -0.6983 0.3674 -0.6144
vn -0.7380 0.3866 -0.5531
vn 0.7696 -0.3736 0.5179
vn 0.7665 -0.3429 0.5431
vn 0.7823 -0.3014 0.5451
vn 0.7535 -0.3384 0.5637
vn 0.6003 -0.5235 0.6046
vn 0.5769 -0.5340 0.6181
vn 0.5809 -0.5602 0.5905
vn 0.5927 -0.5246 0.6112
vn 0.5719 -0.5263 0.6292
vn 0.7840 -0.2578 0.5647
vn 0.5693 -0.6023 0.5595
vn 0.5434 -0.6413 0.5418
vn 0.5583 -0.5449 0.6256
vn 0.7939 -0.2551 0.5519
vn 0.4174 -0.6147 0.6693
vn 0.3967 -0.6469 0.6512
vn 0.4526 -0.6782 0.5790
vn 0.3990 -0.7208 0.5669
vn 0.3555 -0.7113 0.6063
vn 0.3914 -0.7005 0.5968
vn 0.9125 -0.3910 -0.1203
vn 0.6890 -0.6354 0.3486
vn 0.9131 -0.1444 -0.3812
vn 0.8576 0.0066 -0.5143
vn 0.9093 -0.4157 -0.0209
vn 0.6415 -0.6447 0.4157
vn -0.4116 0.6368 -0.6519
vn -0.3655 0.6390 -0.6768
vn -0.3543 0.7025 -0.6172
vn -0.4164 0.6687 -0.6160
vn -0.4166 0.6826 -0.6004
vn -0.4330 0.6289 -0.6457
vn -0.5227 0.5655 -0.6380
vn -0.4982 0.6155 -0.6107
vn -0.4891 0.6515 -0.5800
vn -0.4960 0.5848 -0.6418
vn -0.5723 0.5263 -0.6289
vn -0.5680 0.5480 -0.6140
vn -0.3620 0.7404 -0.5663
vn -0.3018 0.6917 -0.6561
vn -0.4806 0.6147 -0.6255
vn -0.5024 0.6626 -0.5555
vn -0.5519 0.5638 -0.6144
vn -0.5808 0.5504 -0.5998
vn -0.5789 0.5538 -0.5985
vn -0.5699 0.5760 -0.5861
vn -0.5544 0.5956 -0.5814
vn -0.5622 0.5734 -0.5960
vn -0.4558 0.5943 -0.6626
vn -0.4738 0.6403 -0.6046
vn -0.1640 0.6619 -0.7314
vn -0.4837 0.4269 -0.7640
vn -0.2723 0.5049 -0.8191
vn 0.0521 0.7088 -0.7035
vn -0.2261 0.7040 -0.6733
vn -0.1228 0.7395 -0.6618
vn -0.4654 0.6818 -0.5644
vn -0.4269 0.4239 -0.7988
vn -0.4823 0.3761 -0.7911
vn -0.4833 0.4088 -0.7742
vn -0.5411 0.7282 -0.4208
vn -0.4199 0.9035 -0.0860
vn -0.2904 0.9537 0.0785
vn -0.3312 0.9051 -0.2668
vn -0.3093 0.6282 -0.7139
vn -0.5550 0.5060 -0.6602
vn -0.5251 0.4288 -0.7351
vn -0.5252 0.3992 -0.7515
vn -0.5548 0.4721 -0.6850
vn -0.5808 0.6462 -0.4951
vn -0.5780 0.7117 -0.3992
vn -0.3844 0.3643 -0.8483
vn -0.4233 0.6349 -0.6464
vn -0.4904 0.6589 -0.5704
vn -0.4225 0.3508 -0.8357
vn -0.4303 0.4806 -0.7641
vn -0.3788 0.2447 -0.8925
vn -0.3908 0.2353 -0.8899
vn -0.3638 0.2959 -0.8832
vn -0.3924 0.4146 -0.8210
vn 0.5319 -0.7736 0.3445
vn 0.4988 -0.8267 0.2603
vn 0.3928 -0.8484 0.3549
vn 0.4253 -0.8041 0.4154
vn 0.3907 -0.4829 0.7837
vn 0.5220 -0.4530 0.7227
vn 0.5748 -0.3787 0.7254
vn 0.6073 -0.7433 0.2805
vn 0.5047 -0.8632 0.0104
vn 0.5586 -0.7143 0.4216
vn 0.7870 -0.5195 0.3329
vn 0.5240 -0.6619 0.5361
vn 0.4966 -0.8525 0.1634
vn 0.4488 -0.8917 -0.0593
vn 0.7122 -0.7014 -0.0264
vn 0.4196 0.0117 0.9076
vn 0.5380 -0.2231 0.8129
vn 0.5124 -0.2203 0.8300
vn 0.5183 -0.2483 0.8184
vn 0.5315 -0.3358 0.7777
vn 0.4401 -0.1088 0.8913
vn 0.4451 -0.0193 0.8953
vn 0.4492 0.1826 0.8746
vn 0.5820 -0.0994 0.8071
vn 0.4755 -0.8794 0.0237
vn 0.6174 -0.7845 0.0585
vn 0.5225 -0.8342 0.1764
vn 0.4753 -0.2649 0.8390
vn 0.5639 -0.5141 0.6463
vn 0.5998 -0.7087 0.3715
vn 0.4846 -0.1297 0.8651
vn 0.6363 -0.4056 0.6562
vn 0.4238 -0.0203 0.9055
vn 0.7860 -0.3196 0.5292
vn 0.5618 -0.6628 0.4951
vn 0.8595 -0.2111 0.4655
vn 0.6702 -0.5920 0.4477
vn 0.8446 -0.3136 0.4339
vn 0.9586 -0.1644 0.2325
vn 0.8089 -0.3066 0.5016
vn 0.7999 -0.4387 0.4094
vn 0.7969 -0.3490 0.4930
vn 0.7248 -0.5629 0.3972
vn 0.7357 -0.5420 0.4062
vn 0.7346 -0.3401 0.5871
vn 0.7635 -0.3588 0.5370
vn 0.7864 -0.2852 0.5479
vn 0.3997 -0.9031 0.1572
vn 0.4312 -0.8690 0.2427
vn 0.6046 -0.7305 0.3176
vn 0.6338 -0.7371 0.2347
vn 0.4190 -0.8061 0.4179
vn 0.5680 -0.7278 0.3843
vn 0.3117 -0.2416 0.9189
vn 0.5930 -0.2722 0.7578
vn 0.3870 0.0705 0.9194
vn 0.7177 -0.2060 0.6652
vn 0.5851 -0.6932 0.4209
vn 0.6378 -0.5858 0.5000
vn 0.7213 -0.5567 0.4120
vn 0.6704 -0.6581 0.3427
vn 0.7465 -0.2025 0.6339
vn 0.7589 -0.4695 0.4513
vn 0.7360 -0.3679 0.5682
vn 0.7518 -0.3729 0.5439
vn 0.7434 -0.2926 0.6014
vn 0.7459 -0.6182 0.2480
vn 0.7868 -0.5530 0.2742
vn 0.8883 -0.4460 0.1093
vn 0.8902 -0.1000 0.4445
vn 0.4826 0.4012 0.7786
vn 0.7063 -0.3494 0.6157
vn 0.7146 -0.3725 0.5921
vn 0.7361 -0.6751 0.0487
vn 0.7794 -0.5521 0.2962
vn 0.7512 -0.5618 0.3465
vn 0.7056 -0.7010 0.1036
vn 0.6794 -0.7302 0.0714
vn 0.7260 -0.6508 -0.2222
vn 0.6637 -0.6934 -0.2805
vn 0.7300 -0.6819 -0.0473
vn 0.8508 -0.4735 0.2280
vn 0.6865 -0.5582 -0.4660
vn 0.6068 -0.6785 -0.4139
vn 0.7932 -0.5293 -0.3011
vn 0.7104 -0.3848 -0.5893
vn 0.5847 -0.5208 -0.6220
vn 0.5394 -0.5784 -0.6119
vn 0.7578 -0.5735 -0.3112
vn 0.6974 -0.4031 -0.5926
vn 0.9118 -0.0191 -0.4101
vn 0.9648 -0.2609 -0.0322
vn 0.8023 0.4752 0.3613
vn 0.8459 0.2017 0.4937
vn 0.9063 -0.1433 0.3976
vn 0.9774 0.1327 0.1648
vn 0.8930 0.4117 -0.1818
vn 0.6442 0.7593 0.0921
vn 0.5395 -0.1164 -0.8339
vn 0.3702 -0.3218 -0.8714
vn 0.2616 -0.1595 -0.9519
vn 0.2650 0.0551 -0.9627
vn 0.2917 0.3029 -0.9073
vn 0.6683 0.2279 -0.7081
vn 0.6378 0.5625 -0.5261
vn 0.3984 0.8719 -0.2848
vn 0.2627 0.5559 -0.7886
vn 0.1138 0.8222 -0.5578
vn -0.0055 0.8588 -0.5123
vn 0.0914 0.6057 -0.7905
vn 0.1583 0.3746 -0.9136
vn -0.0630 0.2457 -0.9673
vn -0.0805 0.6021 -0.7943
vn -0.0620 0.9164 -0.3954
vn -0.5126 0.8559 -0.0680
vn -0.5262 0.8310 -0.1806
vn -0.5555 0.7760 -0.2986
vn -0.4759 0.8780 0.0512
vn -0.5434 0.8152 -0.2003
vn -0.5124 0.8450 -0.1532
vn -0.5603 0.5664 -0.6044
vn -0.4671 0.3215 -0.8237
vn -0.5731 0.5741 -0.5847
vn -0.5572 0.6158 -0.5571
vn -0.4586 0.5852 -0.6687
vn -0.2850 0.2153 -0.9340
vn -0.1170 0.6020 -0.7898
vn -0.0341 0.5320 -0.8461
vn -0.4038 0.9136 -0.0484
vn -0.4095 0.8620 -0.2986
vn -0.4610 0.6545 -0.5993
vn -0.4358 0.4077 -0.8024
vn -0.4484 0.5531 -0.7022
vn -0.3600 0.4318 -0.8270
vn -0.3506 0.7130 -0.6072
vn -0.3144 0.8997 -0.3029
vn -0.4258 0.2268 -0.8759
vn -0.2345 0.3721 -0.8981
vn -0.3516 0.2074 -0.9129
vn -0.3418 0.0734 -0.9369
vn -0.4683 0.1960 -0.8615
vn -0.3686 -0.0502 -0.9282
vn -0.2445 -0.0464 -0.9685
vn -0.2744 -0.0507 -0.9603
vn -0.1835 -0.0822 -0.9796
vn -0.1659 0.2788 -0.9459
vn -0.0007 0.5794 -0.8150
vn -0.2963 0.1685 -0.9401
vn -0.0523 0.6392 -0.7673
vn -0.0584 0.5751 -0.8160
vn -0.4416 0.0652 -0.8948
vn -0.2192 0.5402 -0.8125
vn -0.3407 0.6084 -0.7168
vn -0.2682 -0.0454 -0.9623
vn -0.5170 0.2844 -0.8073
vn -0.2620 0.6953 -0.6693
vn -0.2216 0.6785 -0.7004
vn -0.4233 0.4885 -0.7630
vn -0.4218 0.5408 -0.7278
vn -0.3217 0.4445 -0.8360
vn -0.3781 0.4515 -0.8082
vn -0.2918 0.7713 -0.5657
vn -0.1726 0.8698 -0.4622
vn -0.2064 0.7146 -0.6684
vn -0.0990 0.5977 -0.7956
vn -0.1547 0.9317 -0.3287
vn -0.1143 0.6810 -0.7234
vn -0.2833 0.4236 -0.8604
vn -0.1603 0.3426 -0.9257
vn -0.1155 0.3384 -0.9339
vn -0.2195 0.5116 -0.8307
vn -0.3277 0.4095 -0.8514
vn -0.2198 0.3827 -0.8973
vn -0.0397 0.3547 -0.9341
vn -0.0736 0.4587 -0.8855
vn -0.2535 0.4692 -0.8459
vn -0.2947 0.4875 -0.8219
vn -0.3808 0.5868 -0.7146
vn -0.2102 0.4356 -0.8753
vn -0.4920 0.6728 -0.5525
vn -0.5150 0.6153 -0.5968
vn -0.3488 0.5082 -0.7874
vn -0.1366 0.3355 -0.9321
vn -0.0266 0.3251 -0.9453
vn -0.0725 0.3321 -0.9404
vn 0.0089 0.1535 -0.9881
vn -0.0286 0.1752 -0.9841
vn -0.0284 0.3167 -0.9481
vn -0.1670 0.3683 -0.9146
vn -0.0194 0.0942 -0.9954
vn -0.2373 0.2782 -0.9307
vn -0.5130 0.5324 -0.6734
vn -0.5498 0.5951 -0.5862
vn -0.2563 0.3440 -0.9033
vn -0.0169 0.1141 -0.9933
vn -0.4936 0.4227 -0.7600
vn -0.4261 0.4038 -0.8096
vn -0.4187 0.4056 -0.8125
vn -0.4913 0.4604 -0.7394
vn -0.4123 0.4399 -0.7978
vn -0.4762 0.4913 -0.7293
vn -0.3535 0.4488 -0.8208
vn -0.4188 0.4635 -0.7809
vn -0.1626 0.2751 -0.9476
vn -0.1822 0.2609 -0.9480
vn -0.3753 0.4526 -0.8089
vn -0.4504 0.3367 -0.8269
vn -0.1389 0.2235 -0.9648
vn -0.0896 0.2346 -0.9680
vn -0.5973 0.5680 -0.5662
vn -0.7206 0.4094 -0.5596
vn -0.5271 0.4337 -0.7308
vn -0.5429 0.4817 -0.6879
vn -0.5758 0.4832 -0.6595
vn -0.5349 0.4072 -0.7404
vn -0.5274 0.5199 -0.6720
vn -0.5721 0.5231 -0.6317
vn -0.4318 0.4652 -0.7727
vn -0.4752 0.4637 -0.7478
vn -0.1633 0.2702 -0.9489
vn -0.2287 0.2955 -0.9276
vn -0.1566 0.1026 -0.9823
vn -0.2183 0.2022 -0.9547
vn -0.1766 0.0832 -0.9808
vn -0.2556 0.1563 -0.9541
vn -0.5074 0.4161 -0.7546
vn -0.3968 0.4177 -0.8174
vn -0.4107 0.4682 -0.7824
vn -0.1022 0.0835 -0.9913
vn -0.1580 0.2440 -0.9568
vn -0.4568 0.5539 -0.6961
vn -0.4699 0.4191 -0.7769
vn -0.3666 0.5671 -0.7375
vn -0.3655 0.6393 -0.6766
vn -0.5288 0.6839 -0.5027
vn -0.6332 0.6243 -0.4576
vn 0.5900 -0.7588 0.2761
vn 0.6923 -0.6115 0.3832
vn 0.6832 -0.5965 0.4213
vn 0.6600 -0.6722 0.3354
vn 0.5589 -0.5276 0.6397
vn 0.5176 -0.7193 0.4634
vn 0.5534 -0.4329 0.7116
vn 0.7415 -0.6192 0.2582
vn 0.7440 -0.6100 0.2726
vn 0.7520 -0.5314 0.3901
vn 0.8037 -0.5691 0.1738
vn 0.6096 -0.4737 0.6356
vn 0.5973 -0.4406 0.6701
vn 0.7331 -0.5020 0.4588
vn 0.8074 -0.5540 0.2028
vn 0.5710 -0.3613 0.7372
vn 0.5699 -0.3963 0.7198
vn 0.5917 -0.4964 0.6352
vn 0.6139 -0.4184 0.6694
vn 0.5743 -0.4913 0.6548
vn 0.4964 -0.4315 0.7533
vn 0.7987 -0.5867 0.1335
vn 0.7430 -0.5503 0.3810
vn 0.6720 -0.5814 0.4586
vn 0.7054 -0.5795 0.4081
vn 0.8007 -0.5982 -0.0317
vn 0.7853 -0.6082 0.1155
vn 0.6644 -0.4977 0.5576
vn 0.7018 -0.5491 0.4538
vn 0.6254 -0.5447 0.5587
vn 0.7190 -0.3869 0.5774
vn 0.7489 -0.4313 0.5031
vn 0.7559 -0.5383 0.3726
vn 0.6774 -0.5599 0.4772
vn 0.5796 -0.4681 0.6670
vn 0.5735 -0.3308 0.7495
vn 0.5519 -0.1602 0.8184
vn 0.7086 -0.2923 0.6422
vn 0.7883 -0.1008 0.6070
vn 0.6591 0.0798 0.7478
vn 0.5976 0.2850 0.7495
vn 0.7332 0.2069 0.6478
vn 0.7742 -0.0246 0.6325
vn 0.7401 -0.3470 0.5761
vn 0.6276 -0.0559 0.7765
vn 0.6903 -0.5362 0.4859
vn 0.7514 -0.6398 0.1615
vn 0.5541 -0.4284 0.7138
vn 0.7604 -0.2887 0.5818
vn 0.7718 0.1040 0.6273
vn 0.7722 -0.1000 0.6274
vn 0.7008 -0.4550 0.5494
vn 0.7886 0.0969 0.6072
vn 0.9270 -0.1251 0.3537
vn 0.9296 -0.3379 0.1472
vn 0.7503 0.0170 0.6609
vn 0.7316 0.1596 0.6628
vn 0.7224 -0.0449 0.6901
vn 0.7131 -0.2350 0.6605
vn 0.6870 -0.5273 0.5000
vn 0.8412 -0.4518 0.2971
vn 0.7661 -0.1796 0.6171
vn 0.6800 -0.4040 0.6119
vn 0.7701 -0.6378 -0.0146
vn 0.7942 -0.6065 -0.0371
vn 0.7964 -0.5891 0.1365
vn 0.3807 -0.2932 0.8770
vn 0.3026 -0.2709 0.9138
vn 0.0836 -0.1396 0.9867
vn 0.2432 -0.0638 0.9679
vn 0.0598 -0.0893 0.9942
vn 0.2278 -0.2298 0.9462
vn 0.1476 -0.1117 0.9827
vn 0.1984 -0.1577 0.9673
vn 0.3160 -0.2516 0.9148
vn 0.5071 -0.3763 0.7754
vn 0.4274 -0.3270 0.8429
vn 0.2027 -0.2013 0.9583
vn 0.4274 -0.3306 0.8414
vn 0.4953 -0.3760 0.7831
vn 0.1510 -0.1933 0.9695
vn 0.1357 -0.4053 0.9040
vn -0.0208 -0.2050 0.9785
vn 0.1391 -0.1819 0.9734
vn 0.3943 -0.4024 0.8262
vn 0.2917 -0.3817 0.8770
vn 0.3765 -0.3829 0.8436
vn 0.4436 -0.4181 0.7927
vn 0.0850 -0.3012 0.9498
vn 0.0747 -0.3109 0.9475
vn 0.0160 -0.1963 0.9804
vn 0.0373 -0.2531 0.9667
vn 0.0876 -0.1923 0.9774
vn 0.1120 -0.2493 0.9619
vn 0.1692 -0.3498 0.9214
vn 0.2152 -0.4079 0.8873
vn 0.2082 -0.4658 0.8600
vn -0.5736 0.6560 -0.4906
vn -0.6040 0.6889 -0.4008
vn -0.5822 0.6457 -0.4941
vn -0.5670 0.6556 -0.4988
vn -0.6522 0.5816 -0.4863
vn -0.6324 0.5835 -0.5096
vn -0.6628 0.5802 -0.4735
vn -0.6671 0.6654 -0.3350
vn -0.7043 0.6570 -0.2689
vn -0.6658 0.5607 -0.4923
vn -0.6892 0.4936 -0.5305
vn -0.7632 0.4611 -0.4527
vn -0.5532 0.7141 -0.4290
vn -0.6134 0.6792 -0.4030
vn -0.5712 0.7469 -0.3404
vn -0.6553 0.7132 -0.2487
vn -0.6465 0.6553 -0.3906
vn -0.6943 0.6941 -0.1902
vn -0.5282 0.7975 -0.2915
vn -0.6826 0.7306 -0.0166
vn -0.4731 0.7308 -0.4920
vn -0.3401 0.7184 -0.6069
vn -0.4418 0.8558 -0.2693
vn -0.6740 0.7355 -0.0698
vn -0.5784 0.6402 -0.5055
vn -0.5531 0.5908 -0.5874
vn -0.7117 0.6836 -0.1619
vn -0.6621 0.6278 -0.4092
vn -0.5849 0.5310 -0.6131
vn -0.6952 0.6199 -0.3639
vn -0.0268 0.7341 -0.6785
vn -0.3173 0.8270 -0.4642
vn -0.2631 0.5698 -0.7785
vn -0.5319 0.6656 -0.5234
vn 0.2899 -0.3060 0.9068
vn 0.1179 -0.0904 0.9889
vn 0.5123 -0.3626 0.7785
vn 0.5838 -0.4244 0.6921
vn 0.4444 -0.3978 0.8026
vn 0.3604 -0.0353 0.9321
vn 0.2674 0.2268 0.9365
vn 0.5061 -0.0749 0.8592
vn 0.5132 -0.1393 0.8469
vn 0.3079 0.2273 0.9239
vn 0.3788 0.1808 0.9077
vn 0.2937 0.2153 0.9313
vn 0.2737 0.1296 0.9530
vn 0.5143 0.0016 0.8576
vn 0.7481 0.1391 -0.6488
vn 0.5791 0.0707 -0.8122
vn 0.1640 0.5669 -0.8073
vn 0.3824 0.6517 -0.6551
vn -0.1957 0.8590 -0.4732
vn 0.0492 0.9317 -0.3600
vn 0.3310 0.9146 -0.2322
vn 0.6229 0.6973 -0.3545
vn 0.8693 0.2550 -0.4234
vn 0.5987 0.0160 0.8008
vn 0.7861 0.1269 0.6049
vn 0.4426 0.5797 0.6842
vn 0.1565 0.5880 0.7936
vn 0.0310 0.5684 0.8222
vn 0.4566 0.0058 0.8896
vn 0.7777 -0.4354 0.4535
vn 0.7923 -0.4269 0.4358
vn 0.8604 -0.2698 0.4324
vn -0.0171 0.8368 0.5472
vn -0.0771 0.9526 0.2942
vn -0.3000 0.9383 0.1720
vn -0.1485 0.8353 0.5294
vn 0.4047 0.7982 0.4463
vn 0.3603 0.9006 0.2431
vn 0.9081 0.3838 0.1677
vn 0.8913 0.2710 0.3635
vn 0.9248 -0.3221 0.2027
vn 0.9527 -0.2931 0.0800
vn 0.3338 0.9426 -0.0029
vn -0.0789 0.9964 -0.0296
vn -0.3409 0.9329 -0.1160
vn 0.8080 0.5861 -0.0597
vn 0.9888 -0.0668 -0.1331
vn 0.9020 -0.3156 -0.2945
vn 0.8190 -0.3674 -0.4407
vn 0.8622 -0.5035 0.0559
vn 0.8572 -0.5146 0.0205
vn 0.8216 -0.5398 0.1833
vn 0.8022 -0.5635 0.1973
vn 0.1717 -0.4775 0.8617
vn -0.0520 -0.4542 0.8894
vn -0.0846 -0.4487 0.8897
vn 0.1579 -0.5064 0.8477
vn 0.4928 -0.5338 0.6872
vn 0.5484 -0.4878 0.6792
vn 0.7404 -0.4455 0.5033
vn 0.3751 -0.5099 0.7741
vn 0.0773 -0.5123 0.8553
vn -0.2843 -0.3929 0.8745
vn -0.3145 -0.3887 0.8660
vn -0.1989 -0.4701 0.8599
vn -0.5852 -0.3222 0.7441
vn -0.5966 -0.2498 0.7626
vn -0.6182 -0.2636 0.7405
vn 0.2116 -0.5774 0.7886
vn -0.0774 -0.5266 0.8466
vn 0.0161 -0.3595 0.9330
vn 0.2262 -0.3109 0.9231
vn 0.3174 -0.1850 0.9301
vn 0.5299 -0.5480 0.6472
vn -0.3177 -0.4628 0.8276
vn -0.2124 -0.3092 0.9270
vn -0.6504 -0.3186 0.6895
vn -0.6359 -0.1887 0.7483
vn 0.3065 0.2355 0.9223
vn 0.4232 0.1440 0.8945
vn 0.4250 -0.1667 0.8897
vn 0.2049 0.3148 0.9268
vn 0.4943 0.2179 0.8415
vn -0.3919 0.2715 0.8790
vn -0.9046 0.0464 0.4238
vn -0.7729 0.4215 0.4743
vn -0.7623 0.5877 0.2713
vn -0.1286 0.7078 0.6946
vn -0.7816 0.6235 -0.0182
vn -0.3334 0.7831 0.5249
vn 0.7296 0.0070 0.6838
vn 0.6669 -0.0868 0.7401
vn 0.6635 0.1568 0.7316
vn 0.6028 -0.0377 0.7970
vn -0.1762 0.6723 0.7190
vn 0.1025 0.3405 0.9346
vn 0.2243 0.2198 0.9494
vn -0.0589 0.6526 0.7554
vn 0.0277 0.3582 0.9332
vn -0.0101 0.2319 0.9727
vn 0.0286 0.7175 0.6960
vn 0.2296 0.5501 0.8029
vn 0.3609 -0.1328 0.9231
vn 0.2030 -0.0934 0.9747
vn 0.3821 0.0092 0.9241
vn 0.1079 -0.1213 0.9867
vn 0.1984 0.5193 0.8312
vn 0.0875 0.7632 0.6402
vn 0.0631 0.6844 0.7264
vn 0.4100 0.3030 0.8603
vn -0.0745 0.1697 0.9827
vn -0.9252 -0.1294 0.3567
vn -0.8897 -0.1745 0.4219
vn -0.9485 -0.1314 0.2882
vn -0.9577 -0.0052 0.2876
vn -0.7159 0.3712 -0.5914
vn -0.4987 0.5208 -0.6928
vn -0.3764 0.5987 -0.7071
vn -0.6108 0.5088 -0.6067
vn -0.7509 0.6385 -0.1688
vn -0.8561 0.4972 -0.1411
vn -0.9537 0.0045 -0.3007
vn -0.7932 0.3201 -0.5180
vn -0.9155 0.3138 -0.2518
vn -0.6696 0.5013 -0.5480
vn -0.9996 -0.0222 -0.0161
vn -0.6859 0.7074 0.1707
vn -0.9955 -0.0011 0.0946
vn -0.2992 0.6041 -0.7386
vn -0.1220 0.5691 -0.8132
vn 0.0548 0.5337 -0.8439
vn 0.0015 0.6249 -0.7807
vn -0.8742 -0.1503 0.4617
vn -0.9395 -0.0021 0.3426
vn -0.8603 -0.0716 0.5048
vn -0.9482 0.0920 0.3042
vn -0.9696 0.1702 0.1757
vn -0.8813 0.4200 -0.2167
vn -0.9549 0.2880 0.0729
vn -0.8162 0.5091 -0.2730
vn -0.6174 0.5605 -0.5520
vn -0.5431 0.6062 -0.5810
vn -0.8560 -0.0518 0.5144
vn -0.9614 0.1397 0.2371
vn -0.8713 -0.1064 0.4791
vn -0.9805 0.1202 0.1552
vn -0.4735 0.5750 -0.6673
vn -0.4657 0.5262 -0.7115
vn -0.3050 0.5367 -0.7867
vn -0.2074 0.5762 -0.7905
vn -0.7969 0.4783 -0.3691
vn -0.8014 0.4321 -0.4136
vn -0.9366 0.3382 -0.0919
vn -0.9424 0.3040 -0.1395
vn -0.8502 -0.2012 0.4866
vn -0.9859 0.0797 0.1474
vn -0.5251 -0.4307 0.7340
vn -0.4988 -0.4669 0.7302
vn -0.8643 -0.2343 0.4450
vn -0.9946 0.0548 0.0881
vn -0.5253 0.4882 -0.6969
vn -0.6961 0.3978 -0.5977
vn -0.3952 0.4182 -0.8179
vn -0.3204 0.4955 -0.8074
vn -0.8405 0.3907 -0.3753
vn -0.8964 0.3355 -0.2896
vn -0.9576 0.2641 -0.1151
vn -0.9616 0.2464 -0.1209
vn -0.6235 -0.2433 0.7430
vn -0.5584 -0.2553 0.7893
vn -0.8222 -0.0594 0.5661
vn -0.8085 -0.0782 0.5832
vn -0.8533 0.0278 0.5206
vn -0.6361 -0.1326 0.7601
vn -0.3028 -0.3325 0.8932
vn -0.3176 -0.4229 0.8487
vn -0.2155 -0.4037 0.8892
vn -0.9098 0.3721 -0.1839
vn -0.9058 0.3801 -0.1871
vn -0.9592 0.1845 0.2141
vn -0.9582 0.1432 0.2476
vn -0.9548 0.1953 0.2243
vn -0.8902 0.4157 -0.1865
vn -0.5655 0.5115 -0.6470
vn -0.5646 0.5617 -0.6047
vn -0.3437 0.5541 -0.7582
vn -0.3606 0.5258 -0.7704
vn -0.4443 0.5296 -0.7226
vn -0.5898 0.4954 -0.6378
vn 0.1437 -0.9698 0.1973
vn 0.0912 -0.9877 0.1274
vn 0.0943 -0.9720 0.2150
vn 0.1185 -0.9676 0.2228
vn 0.2529 -0.7981 0.5468
vn 0.3348 -0.6904 0.6413
vn 0.3308 0.5340 0.7781
vn 0.4023 -0.0503 0.9141
vn 0.3603 -0.2751 0.8914
vn 0.2735 0.4601 0.8447
vn 0.3064 0.6563 0.6895
vn 0.2126 0.5625 0.7990
vn 0.2412 0.2360 0.9413
vn 0.3639 0.2853 0.8867
vn 0.4727 -0.6866 0.5525
vn 0.4184 -0.8413 0.3424
vn 0.4591 -0.7386 0.4936
vn 0.4466 -0.6699 0.5930
vn 0.3881 -0.7556 0.5276
vn 0.3785 -0.7246 0.5759
vn 0.4345 -0.7106 0.5534
vn 0.4940 -0.6900 0.5290
vn 0.7552 0.6418 -0.1331
vn 0.8344 0.4064 -0.3724
vn 0.4836 0.7268 -0.4877
vn 0.3675 0.6439 -0.6711
vn -0.0318 -0.3953 -0.9180
vn -0.1500 0.0066 -0.9887
vn 0.2447 -0.2735 -0.9302
vn -0.0211 -0.0021 -0.9998
vn 0.8355 0.0419 -0.5479
vn 0.4474 0.3517 -0.8223
vn 0.2793 0.1579 -0.9471
vn 0.7451 -0.0978 -0.6598
vn 0.4718 -0.3290 -0.8180
vn 0.2848 -0.1635 -0.9445
vn 0.4658 -0.1301 -0.8753
vn -0.0020 0.0219 -0.9998
vn 0.3929 0.0426 -0.9186
vn 0.7428 -0.3081 -0.5944
vn 0.8181 -0.1397 -0.5578
vn 0.3623 0.2565 -0.8961
vn -0.2347 0.4885 -0.8404
vn -0.1561 0.3128 -0.9369
vn 0.2119 0.0484 -0.9761
vn -0.0456 -0.0907 -0.9948
vn 0.0151 0.9974 -0.0706
vn -0.0716 0.9854 -0.1547
vn 0.3936 0.8888 -0.2348
vn 0.4095 0.9036 0.1258
vn 0.0481 0.5310 0.8460
vn 0.2108 0.4131 0.8859
vn 0.3432 -0.1207 0.9315
vn 0.3726 -0.0291 0.9275
vn 0.6534 -0.5416 0.5289
vn 0.7346 -0.4666 0.4926
vn -0.0672 0.8895 0.4520
vn -0.2034 0.9791 -0.0012
vn 0.0703 0.9763 -0.2046
vn 0.2366 0.9025 0.3598
vn 0.8253 -0.2655 -0.4984
vn 0.9368 -0.0452 -0.3470
vn 0.4546 0.3332 -0.8260
vn 0.4692 0.0692 -0.8804
vn 0.8728 -0.4879 0.0095
vn 0.8453 -0.5120 0.1527
vn 0.7736 -0.5994 0.2053
vn 0.7197 -0.6534 0.2348
vn 0.7480 -0.2828 0.6004
vn 0.8337 -0.2350 0.4997
vn 0.8486 0.1680 0.5016
vn 0.7347 0.0316 0.6776
vn 0.7442 0.6020 0.2894
vn 0.8356 0.5056 0.2150
vn -0.3389 0.4440 -0.8295
vn -0.4560 0.3582 -0.8147
vn -0.5478 0.4833 -0.6829
vn -0.3525 0.5890 -0.7272
vn -0.3917 0.6025 -0.6954
vn -0.3863 0.5055 -0.7716
vn -0.4383 0.6724 -0.5965
vn -0.6288 0.5836 -0.5138
vn -0.3569 0.6640 -0.6571
vn 0.6095 -0.5094 0.6075
vn 0.5506 -0.5955 0.5850
vn 0.6254 -0.5536 0.5499
vn 0.6491 -0.4913 0.5808
vn 0.6911 -0.4291 0.5816
vn 0.6358 -0.4451 0.6306
vn 0.5155 -0.4507 0.7288
vn 0.4635 -0.5452 0.6985
vn 0.3087 -0.6811 0.6639
vn -0.3416 0.6866 -0.6418
vn -0.2859 0.6816 -0.6736
vn -0.3232 0.5633 -0.7604
vn -0.3910 0.5730 -0.7203
vn -0.1810 0.6626 -0.7268
vn -0.2280 0.5391 -0.8108
vn 0.6965 0.0438 -0.7163
vn 0.6419 0.0788 -0.7628
vn 0.4842 0.1399 -0.8637
vn 0.5790 0.1137 -0.8073
vn 0.6008 0.0708 -0.7963
vn 0.6911 -0.0203 -0.7224
vn 0.8588 -0.3718 -0.3525
vn 0.6550 -0.0146 -0.7555
vn 0.5045 0.1562 -0.8491
vn 0.4364 0.1925 -0.8789
vn 0.6364 -0.0183 -0.7712
vn 0.8274 -0.4002 -0.3940
vn 0.5534 -0.0955 -0.8274
vn 0.2610 0.1449 -0.9544
vn 0.7161 -0.2953 -0.6324
vn 0.6908 -0.7192 -0.0739
vn 0.6208 -0.7132 0.3255
vn 0.3412 -0.8288 0.4436
vn 0.4017 -0.6963 0.5949
vn 0.7073 -0.6075 0.3614
vn 0.4628 -0.5564 0.6901
vn 0.1826 -0.9352 0.3034
vn 0.2816 -0.8640 0.4173
vn 0.1339 -0.8753 0.4647
vn 0.1149 -0.9309 0.3467
vn 0.3264 -0.8767 0.3534
vn 0.4173 -0.7996 0.4318
vn 0.4093 -0.7533 0.5148
vn 0.5440 -0.6719 0.5026
vn 0.1758 -0.7979 0.5766
vn 0.3172 0.4679 -0.8249
vn -0.0521 0.6415 -0.7653
vn 0.8239 0.0841 -0.5604
vn 0.5696 0.3603 -0.7387
vn 0.1896 0.6079 -0.7710
vn 0.4515 -0.7010 0.5521
vn 0.4633 -0.7226 0.5130
vn 0.4595 -0.6204 0.6355
vn 0.4097 -0.6143 0.6744
vn 0.4823 -0.6602 0.5757
vn 0.5236 -0.6973 0.4895
vn 0.4461 -0.7256 0.5240
vn 0.3795 -0.7171 0.5846
vn 0.5020 -0.7310 0.4623
vn 0.8538 0.0532 -0.5178
vn 0.5065 0.4074 -0.7599
vn 0.8957 -0.0358 -0.4433
vn 0.4858 0.2942 -0.8231
vn 0.7329 -0.1631 -0.6606
vn 0.1048 0.0752 -0.9916
vn 0.3518 0.0242 -0.9358
vn 0.8475 -0.2171 -0.4844
vn 0.8163 -0.1040 -0.5682
vn 0.3689 0.1625 -0.9152
vn 0.5453 -0.4583 0.7019
vn 0.5694 -0.3307 0.7526
vn 0.4103 -0.2865 0.8658
vn 0.3837 -0.4830 0.7871
vn -0.4996 0.7322 -0.4630
vn -0.5038 0.5182 -0.6912
vn -0.4689 0.5854 -0.6614
vn -0.4601 0.6935 -0.5545
vn -0.4203 0.8206 -0.3872
vn -0.4387 0.6300 -0.6408
vn 0.8545 -0.0425 0.5177
vn 0.8288 -0.4124 0.3782
vn 0.6615 -0.1606 0.7325
vn 0.5395 -0.5323 0.6524
vn 0.7078 -0.6861 0.1681
vn 0.3673 -0.7942 0.4841
vn 0.1556 0.6740 -0.7221
vn 0.0789 0.6778 -0.7310
vn 0.0185 0.5131 -0.8581
vn 0.0926 0.4920 -0.8657
vn -0.0779 0.2636 -0.9615
vn -0.0044 0.1282 -0.9917
vn 0.4697 -0.3263 0.8203
vn 0.3986 -0.3016 0.8661
vn 0.2326 -0.2049 0.9507
vn 0.3283 -0.1992 0.9233
vn 0.3723 -0.1879 0.9089
vn 0.2605 -0.0299 0.9650
vn -0.2526 0.3969 -0.8824
vn -0.1970 0.3878 -0.9004
vn -0.3464 0.3564 -0.8678
vn -0.2495 0.4739 -0.8445
vn -0.2194 0.4890 -0.8443
vn -0.2990 0.4403 -0.8466
vn -0.2168 0.6112 -0.7612
vn -0.3027 0.4989 -0.8121
vn -0.2008 0.6132 -0.7640
vn 0.0270 0.4709 -0.8818
vn -0.2804 0.7857 -0.5514
vn -0.0083 0.4965 -0.8680
vn -0.1607 0.7696 -0.6179
vn -0.3095 0.9279 -0.2080
vn -0.1110 0.9274 -0.3571
vn 0.5420 -0.7809 0.3107
vn 0.5127 -0.7840 0.3500
vn 0.5706 -0.6847 0.4535
vn 0.6609 -0.7108 0.2410
vn 0.6400 -0.7157 0.2796
vn 0.4851 -0.7699 0.4147
vn 0.4706 -0.6975 0.5404
vn 0.5524 -0.7968 0.2449
vn 0.5175 -0.7827 0.3457
vn 0.2612 -0.5369 0.8022
vn 0.2609 -0.4692 0.8437
vn 0.2714 -0.4656 0.8423
vn 0.2950 -0.1739 0.9395
vn 0.2566 -0.0484 0.9653
vn 0.2641 0.0279 0.9641
vn 0.2503 -0.0176 0.9680
vn 0.1872 -0.0947 0.9777
vn 0.2513 -0.2063 0.9457
vn 0.3475 -0.2631 0.9000
vn 0.2841 -0.2844 0.9156
vn 0.2838 -0.1949 0.9389
vn 0.2441 -0.3296 0.9120
vn 0.4033 -0.2810 0.8709
vn 0.4034 -0.3288 0.8539
vn 0.3164 -0.4249 0.8482
vn 0.4371 -0.4214 0.7946
vn 0.3294 -0.2996 0.8954
vn 0.8223 -0.5296 -0.2080
vn 0.8853 -0.4428 -0.1417
vn 0.6369 -0.7091 0.3027
vn 0.6395 -0.6828 0.3532
vn 0.9295 -0.3662 -0.0427
vn 0.6575 -0.6360 0.4039
vn -0.4360 0.6556 -0.6166
vn -0.3920 0.6785 -0.6212
vn -0.3858 0.7228 -0.5733
vn -0.4436 0.6488 -0.6183
vn -0.4377 0.6684 -0.6014
vn -0.4092 0.6390 -0.6513
vn -0.4171 0.5916 -0.6899
vn -0.4257 0.4386 -0.7914
vn -0.3143 0.1642 -0.9350
vn -0.3510 0.2230 -0.9094
vn -0.3550 0.1854 -0.9163
vn -0.4282 0.5205 -0.7387
vn 0.8941 0.3896 0.2208
vn 0.7858 0.5743 0.2295
vn 0.3483 0.7287 -0.5896
vn 0.5697 0.5573 -0.6040
vn 0.5558 0.6426 -0.5274
vn 0.9341 0.0728 0.3494
vn 0.6543 -0.3274 0.6817
vn 0.5661 -0.0718 0.8212
vn 0.5290 0.0292 0.8481
vn 0.8734 0.3888 0.2932
vn 0.6243 0.0111 0.7811
vn 0.4827 0.7918 -0.3741
vn 0.2990 -0.1579 0.9411
vn 0.2702 -0.2395 0.9325
vn 0.3048 -0.1172 0.9452
vn 0.3955 -0.6972 0.5979
vn 0.4109 -0.6681 0.6203
vn 0.4097 -0.8542 0.3202
vn 0.3820 -0.8974 0.2207
vn -0.4112 0.0907 -0.9070
vn -0.1918 -0.3510 -0.9165
vn -0.2965 -0.0138 -0.9549
vn -0.4059 0.2612 -0.8758
vn -0.3089 0.0724 -0.9483
vn -0.1015 -0.4324 -0.8960
vn -0.1867 -0.2758 -0.9429
vn -0.1477 -0.3440 -0.9273
vn -0.2447 -0.0358 -0.9689
vn 0.8060 -0.2818 0.5205
vn 0.2371 0.8474 -0.4751
vn 0.9117 0.3977 0.1030
vn 0.9602 0.2792 -0.0109
vn 0.3550 0.7200 -0.5964
vn 0.7850 -0.4313 0.4447
vn 0.5300 0.5837 -0.6152
vn 0.9836 0.1248 -0.1306
vn 0.8729 -0.4325 0.2258
vn 0.4543 -0.5609 0.6921
vn 0.5430 -0.5401 0.6430
vn 0.4244 -0.6396 0.6409
vn 0.4155 -0.8268 0.3792
vn 0.4988 -0.7214 0.4805
vn 0.5959 -0.6179 0.5129
vn 0.4764 -0.7893 0.3874
vn 0.4207 -0.7424 0.5214
vn 0.6152 -0.6740 0.4089
vn 0.3035 0.8841 0.3552
vn 0.4184 0.6475 0.6370
vn 0.2103 0.0642 0.9755
vn 0.2019 0.4529 0.8684
vn 0.2280 0.9464 -0.2287
vn 0.0546 0.9732 -0.2235
vn -0.5303 0.5889 -0.6099
vn -0.4382 0.4883 -0.7547
vn -0.4243 0.4852 -0.7646
vn -0.5191 0.5802 -0.6276
vn -0.5114 0.4838 -0.7102
vn -0.3952 0.4389 -0.8069
vn 0.8415 -0.5159 0.1606
vn 0.7269 -0.5926 0.3470
vn 0.7552 -0.5054 0.4174
vn 0.8831 -0.4235 0.2019
vn 0.8802 -0.4250 0.2114
vn 0.7812 -0.5495 0.2962
vn 0.7735 -0.5409 0.3304
vn 0.8421 -0.5136 0.1647
vn 0.7212 -0.5803 0.3783
vn 0.2078 -0.6027 0.7704
vn 0.2564 -0.5542 0.7919
vn 0.2463 -0.5225 0.8163
vn 0.0771 -0.9480 0.3089
vn 0.0627 -0.9359 0.3465
vn 0.0924 -0.8915 0.4435
vn 0.1591 -0.8746 0.4580
vn 0.3416 -0.7100 0.6158
vn 0.2013 -0.8453 0.4949
vn 0.3138 0.4036 0.8594
vn 0.5688 0.1485 0.8090
vn 0.4842 0.0230 0.8747
vn 0.2442 0.1719 0.9544
vn 0.4648 0.0875 0.8811
vn 0.6097 -0.0642 0.7901
vn 0.4321 -0.6429 0.6325
vn 0.4311 -0.5747 0.6956
vn 0.3552 -0.5772 0.7353
vn 0.2950 -0.6710 0.6803
vn 0.2997 -0.7396 0.6026
vn 0.3880 -0.7337 0.5577
vn 0.3807 -0.8968 0.2253
vn 0.4187 -0.8459 0.3305
vn 0.3992 -0.8685 0.2938
vn 0.4168 -0.8824 0.2183
vn 0.4710 -0.6711 0.5726
vn 0.3847 -0.7504 0.5374
vn -0.0291 0.5299 -0.8476
vn -0.1964 0.6151 -0.7636
vn -0.3091 0.4342 -0.8461
vn -0.1929 0.3506 -0.9164
vn 0.0000 0.6857 -0.7279
vn -0.0792 0.7947 -0.6019
vn -0.3541 -0.0734 -0.9323
vn -0.3691 0.0285 -0.9289
vn -0.3602 0.0108 -0.9328
vn -0.3940 0.0933 -0.9144
vn -0.3326 0.1563 -0.9300
vn -0.3897 0.3043 -0.8692
vn -0.0510 0.6212 -0.7820
vn -0.3365 0.6317 -0.6984
vn -0.3025 0.7022 -0.6445
vn -0.0742 0.6932 -0.7169
vn -0.1810 0.5015 -0.8460
vn -0.3944 0.5233 -0.7553
vn 0.0876 0.0033 0.9962
vn -0.0399 -0.1267 0.9911
vn 0.1616 -0.3342 0.9286
vn 0.2562 -0.2678 0.9288
vn 0.4788 -0.6997 0.5303
vn 0.5571 -0.6241 0.5478
vn 0.5880 -0.3517 0.7284
vn 0.5236 -0.1462 0.8393
vn 0.4107 -0.2937 0.8632
vn 0.4202 -0.4857 0.7665
vn 0.6149 -0.6248 0.4812
vn 0.4383 -0.7280 0.5271
vn 0.4165 -0.4621 0.7830
vn 0.3451 -0.5460 0.7634
vn 0.4777 -0.6624 0.5771
vn 0.6212 -0.5841 0.5224
vn 0.5213 -0.6703 0.5281
vn 0.1884 -0.5862 0.7879
vn 0.3169 -0.4645 0.8269
vn 0.0464 -0.4742 0.8792
vn 0.0203 -0.5696 0.8217
vn 0.1406 -0.6900 0.7100
vn 0.0767 -0.6944 0.7154
vn 0.1851 -0.8950 0.4059
vn 0.1604 -0.8729 0.4607
vn 0.1651 -0.8943 0.4159
vn 0.0774 -0.8715 0.4843
vn 0.1254 -0.8306 0.5425
vn 0.2454 -0.8177 0.5207
vn 0.4129 -0.6281 0.6596
vn 0.0949 -0.8850 0.4558
vn 0.1152 -0.8209 0.5593
vn 0.5737 -0.2747 0.7716
vn 0.6543 0.0192 0.7560
vn 0.5314 -0.3768 0.7587
vn 0.6795 0.1336 0.7214
vn 0.6769 0.0177 0.7358
vn 0.4040 -0.5171 0.7546
vn 0.6829 -0.2474 0.6873
vn 0.7267 -0.2842 0.6254
vn 0.4681 -0.2517 0.8471
vn 0.4399 -0.2618 0.8590
vn 0.1845 -0.1390 0.9730
vn 0.1670 -0.2155 0.9621
vn 0.3938 -0.4297 0.8126
vn 0.2794 -0.2557 0.9255
vn 0.3678 -0.5975 0.7126
vn 0.4001 -0.4315 0.8086
vn 0.3020 -0.2472 0.9207
vn 0.3766 -0.6859 0.6226
vn 0.4739 -0.7001 0.5341
vn 0.3707 -0.4615 0.8060
vn 0.3083 -0.2515 0.9175
vn 0.4516 -0.7290 0.5143
vn 0.4439 -0.7196 0.5341
vn 0.4750 -0.8333 0.2829
vn 0.4299 -0.7401 0.5171
vn 0.4348 -0.7108 0.5530
vn 0.5566 -0.8081 0.1930
vn 0.4330 -0.7475 0.5037
vn 0.4239 -0.7492 0.5090
vn -0.1692 0.4853 -0.8578
vn -0.1018 0.4359 -0.8942
vn 0.0129 0.5474 -0.8368
vn -0.0463 0.6329 -0.7728
vn -0.2656 0.2208 -0.9385
vn -0.2408 0.1466 -0.9594
vn -0.3257 0.2539 -0.9107
vn -0.2154 0.2124 -0.9532
vn -0.1899 0.6539 -0.7323
vn -0.0604 0.6245 -0.7787
vn -0.0144 0.1230 -0.9923
vn -0.0922 0.1108 -0.9896
vn 0.0917 0.5454 -0.8332
vn 0.0337 0.3305 -0.9432
vn 0.1989 0.4035 -0.8931
vn -0.0466 0.8883 -0.4568
vn 0.0307 0.8331 -0.5523
vn -0.1014 0.8579 -0.5038
vn -0.2254 0.6302 -0.7430
vn -0.2725 0.4648 -0.8424
vn 0.0580 0.7346 -0.6761
vn -0.3799 0.5293 -0.7587
vn -0.3289 0.4906 -0.8070
vn -0.2632 0.6462 -0.7163
vn -0.4032 0.5965 -0.6940
vn -0.3585 0.4322 -0.8275
vn -0.2576 -0.0374 -0.9655
vn -0.1414 -0.2278 -0.9634
vn -0.3918 0.3699 -0.8424
vn -0.3086 0.5591 -0.7696
vn -0.4126 0.3784 -0.8286
vn -0.3742 0.3939 -0.8395
vn -0.4314 0.2247 -0.8737
vn -0.4721 0.2202 -0.8536
vn -0.3856 0.5363 -0.7508
vn -0.4067 0.6283 -0.6633
vn -0.4123 0.6901 -0.5948
vn -0.1715 0.3560 -0.9186
vn -0.2624 0.2077 -0.9423
vn -0.3434 0.7465 -0.5699
vn -0.2687 0.8699 -0.4137
vn -0.4304 0.6830 -0.5901
vn -0.3188 0.7056 -0.6329
vn -0.2832 0.5123 -0.8108
vn -0.0869 0.8327 -0.5468
vn -0.2084 0.4931 -0.8446
vn -0.2355 0.5005 -0.8331
vn 0.0551 0.5784 -0.8139
vn 0.0057 0.7478 -0.6639
vn 0.0518 0.9054 -0.4214
vn 0.1328 0.8060 -0.5769
vn 0.1781 0.6403 -0.7472
vn -0.1138 0.9680 -0.2235
vn -0.3037 0.8666 -0.3960
vn -0.3660 0.4520 -0.8135
vn -0.3708 0.5871 -0.7196
vn -0.4047 0.6318 -0.6611
vn -0.4616 0.6205 -0.6340
vn -0.1360 0.1430 -0.9803
vn -0.2401 0.4833 -0.8419
vn 0.0010 0.0837 -0.9965
vn -0.2413 0.4450 -0.8624
vn -0.1526 0.5655 -0.8105
vn -0.1156 0.3579 -0.9266
vn -0.0652 0.4918 -0.8682
vn 0.0133 0.5384 -0.8426
vn -0.1207 0.7020 -0.7018
vn -0.0324 0.6950 -0.7183
vn -0.1053 0.7038 -0.7026
vn -0.3978 0.6201 -0.6762
vn -0.4736 0.6473 -0.5972
vn -0.3079 0.7187 -0.6235
vn -0.2432 0.7130 -0.6576
vn -0.5316 0.6531 -0.5393
vn -0.4503 0.5937 -0.6669
vn -0.4362 0.6337 -0.6389
vn -0.3886 0.7107 -0.5865
vn -0.0939 0.8074 -0.5825
vn -0.0439 0.8597 -0.5089
vn -0.4056 0.6233 -0.6686
vn -0.1190 0.8447 -0.5218
vn -0.5581 0.6184 -0.5533
vn -0.4083 0.5811 -0.7040
vn -0.8264 0.5380 -0.1662
vn -0.8636 0.5024 -0.0432
vn -0.6783 0.5719 -0.4613
vn -0.4106 0.5734 -0.7090
vn -0.9000 0.3414 0.2710
vn -0.8732 0.3206 0.3670
vn -0.7381 0.0974 0.6676
vn -0.7124 0.0813 0.6971
vn -0.4122 -0.1298 0.9018
vn -0.4279 -0.1585 0.8898
vn -0.0882 -0.3030 0.9489
vn -0.1606 -0.3216 0.9332
vn 0.3305 -0.4446 0.8325
vn 0.7302 -0.4626 0.5028
vn 0.7425 -0.5124 0.4314
vn 0.3079 -0.4866 0.8176
vn 0.9131 -0.3881 0.1253
vn 0.9098 -0.3848 0.1553
vn 0.9084 -0.4103 0.0799
vn 0.9069 -0.4148 0.0737
vn 0.1861 -0.1551 0.9702
vn 0.0023 -0.1423 0.9898
vn 0.2228 -0.1716 0.9596
vn 0.2846 -0.2203 0.9330
vn 0.0843 -0.1524 0.9847
vn 0.2152 -0.3505 0.9115
vn 0.5120 -0.7136 0.4781
vn 0.0242 -0.0471 0.9986
vn 0.1231 -0.2173 0.9683
vn 0.5714 -0.8003 0.1818
vn 0.5330 -0.7185 0.4468
vn 0.5530 -0.7623 0.3361
vn 0.5670 -0.7946 0.2171
vn 0.5078 -0.5898 0.6280
vn 0.5798 -0.6853 0.4408
vn 0.5937 -0.6186 0.5147
vn 0.6248 -0.6910 0.3635
vn 0.6248 -0.7213 0.2988
vn 0.6331 -0.7373 0.2358
vn 0.0879 -0.1285 0.9878
vn 0.3038 -0.1352 0.9431
vn 0.1606 -0.0894 0.9830
vn 0.1177 -0.1258 0.9851
vn 0.2213 -0.2892 0.9313
vn 0.3445 -0.5110 0.7875
vn 0.4659 -0.1086 0.8781
vn 0.3241 -0.0818 0.9425
vn 0.2968 -0.2637 0.9178
vn 0.4005 -0.5129 0.7593
vn 0.2246 -0.2705 0.9362
vn 0.5263 -0.5888 0.6134
vn 0.3138 -0.2355 0.9198
vn -0.2089 0.7521 -0.6251
vn -0.1328 0.6111 -0.7803
vn -0.2931 0.5863 -0.7552
vn -0.3505 0.6923 -0.6308
vn 0.1939 0.4850 -0.8528
vn -0.0384 0.4901 -0.8708
vn -0.3246 0.4917 -0.8080
vn -0.4477 0.5518 -0.7036
vn -0.4988 0.6390 -0.5856
vn -0.0059 -0.3642 0.9313
vn 0.0864 -0.2645 0.9605
vn -0.0841 -0.4587 0.8846
vn 0.1658 -0.3462 0.9234
vn 0.2066 -0.2435 0.9476
vn 0.2032 -0.5432 0.8146
vn 0.3472 -0.6917 0.6333
vn 0.3566 -0.3336 0.8727
vn 0.5273 -0.3319 0.7822
vn 0.5169 -0.2684 0.8129
vn 0.3556 -0.2519 0.9001
vn 0.3357 0.3362 -0.8799
vn 0.1773 0.5066 -0.8437
vn 0.4764 0.2054 -0.8549
vn 0.2408 0.3723 -0.8963
vn -0.0387 0.4877 -0.8721
vn 0.0116 0.6183 -0.7858
vn 0.0862 -0.7615 0.6425
vn 0.2009 -0.7648 0.6121
vn 0.2870 -0.8025 0.5231
vn 0.5094 -0.6697 0.5404
vn 0.4080 -0.7004 0.5856
vn 0.3912 -0.7607 0.5179
vn -0.4143 0.6650 -0.6214
vn -0.2658 0.7030 -0.6597
vn -0.0866 0.6936 -0.7152
vn -0.3818 0.2985 -0.8747
vn -0.4059 0.2643 -0.8749
vn -0.3732 0.2286 -0.8992
vn 0.5201 -0.2348 0.8212
vn 0.3886 -0.1455 0.9099
vn 0.2560 -0.0960 0.9619
vn -0.4106 0.4704 -0.7811
vn -0.3958 0.2844 -0.8732
vn -0.2292 0.2005 -0.9525
vn -0.5258 0.8503 0.0250
vn -0.3964 0.9172 -0.0405
vn -0.4349 0.8576 -0.2746
vn -0.3051 0.9126 -0.2723
vn -0.1636 -0.9422 0.2923
vn -0.5718 -0.8202 0.0159
vn -0.1958 -0.8370 0.5110
vn -0.6529 -0.7196 0.2363
vn -0.8382 -0.4103 -0.3592
vn -0.9469 -0.2720 -0.1716
vn -0.8472 0.2761 -0.4538
vn -0.8412 0.0769 -0.5352
vn -0.6725 -0.4634 0.5771
vn -0.1708 -0.6048 0.7778
vn -0.1542 -0.3078 0.9389
vn -0.5528 -0.2148 0.8052
vn -0.9730 0.0417 0.2270
vn -0.7246 0.3071 0.6170
vn -0.6253 0.7583 0.1843
vn -0.8155 0.5485 -0.1847
vn -0.2890 0.7503 0.5946
vn -0.1945 0.2473 0.9492
vn -0.2745 0.9616 -0.0045
vn -0.4287 0.8873 -0.1701
vn -0.5448 0.7558 -0.3633
vn -0.6298 0.6251 -0.4610
vn -0.7163 0.4736 -0.5125
vn 0.5433 -0.4360 0.7175
vn 0.6356 -0.4606 0.6196
vn 0.6725 -0.4421 0.5936
vn 0.7523 -0.4627 0.4690
vn 0.7348 -0.4908 0.4682
vn 0.7131 -0.4582 0.5305
vn 0.9075 -0.3353 0.2531
vn 0.7740 -0.4409 0.4544
vn 0.7748 -0.4275 0.4657
vn 0.8805 -0.3250 0.3451
vn 0.5685 -0.3996 0.7191
vn 0.6372 -0.4069 0.6546
vn 0.5453 -0.3975 0.7380
vn 0.5850 -0.4050 0.7027
vn 0.6973 -0.4169 0.5830
vn 0.6401 -0.4013 0.6552
vn 0.7067 -0.3848 0.5937
vn 0.7405 -0.4213 0.5237
vn 0.7581 -0.3808 0.5294
vn 0.7708 -0.3652 0.5220
vn 0.3703 -0.5124 0.7748
vn 0.3395 -0.4139 0.8447
vn 0.5247 -0.4248 0.7377
vn 0.4520 -0.5704 0.6858
vn 0.4549 -0.5965 0.6612
vn 0.3560 -0.5717 0.7392
vn 0.7047 -0.5820 0.4059
vn 0.6465 -0.6104 0.4577
vn 0.6953 -0.5563 0.4550
vn 0.7152 -0.5602 0.4179
vn 0.8367 -0.4665 0.2869
vn 0.7534 -0.5341 0.3836
vn 0.5318 -0.6098 0.5876
vn 0.5353 -0.6130 0.5811
vn 0.6165 -0.4885 0.6175
vn 0.6703 -0.5311 0.5183
vn 0.5769 -0.6328 0.5164
vn 0.5936 -0.6187 0.5145
vn 0.6782 -0.5476 0.4901
vn 0.6104 -0.6343 0.4744
vn 0.6649 -0.5937 0.4532
vn 0.3181 -0.3230 0.8913
vn 0.3940 -0.1830 0.9007
vn 0.5316 -0.3424 0.7747
vn 0.5085 -0.3855 0.7700
vn 0.8303 -0.4146 0.3725
vn 0.7821 -0.4241 0.4566
vn 0.7511 -0.5135 0.4150
vn 0.8243 -0.4894 0.2847
vn 0.7367 -0.4384 0.5149
vn 0.7075 -0.4642 0.5330
vn 0.6725 -0.5082 0.5381
vn 0.6827 -0.5166 0.5167
vn 0.6514 -0.4487 0.6118
vn 0.6604 -0.4691 0.5864
vn 0.4133 -0.0127 0.9105
vn 0.6619 -0.1661 0.7309
vn 0.5592 -0.3025 0.7719
vn 0.4008 -0.1409 0.9053
vn 0.7075 -0.4303 0.5606
vn 0.7148 -0.4601 0.5267
vn 0.8692 0.0347 0.4933
vn 0.8873 0.0371 0.4596
vn 0.4025 0.6474 0.6472
vn 0.6674 0.6762 0.3121
vn -0.1389 0.8864 -0.4416
vn 0.0989 0.9206 -0.3778
vn 0.5830 0.8123 0.0138
vn 0.5531 0.8259 0.1095
vn 0.0148 0.9333 -0.3589
vn -0.1728 0.9425 -0.2862
vn -0.3596 0.5446 -0.7577
vn -0.1203 0.7897 -0.6016
vn -0.2807 0.5828 -0.7626
vn -0.2613 0.6615 -0.7029
vn -0.3152 0.8217 -0.4749
vn -0.5088 0.6917 -0.5126
vn -0.6424 0.6433 -0.4165
vn -0.5418 0.7225 -0.4296
vn -0.5037 0.5958 -0.6255
vn -0.5459 0.5577 -0.6252
vn -0.4482 0.5536 -0.7019
vn -0.4101 0.5778 -0.7056
vn -0.3493 0.5973 -0.7220
vn -0.4840 0.6158 -0.6217
vn -0.2883 0.5140 -0.8079
vn -0.4284 0.4988 -0.7534
vn -0.3870 0.4076 -0.8271
vn -0.5380 0.4129 -0.7349
vn -0.6528 0.5443 -0.5268
vn -0.6995 0.4776 -0.5316
vn -0.7135 0.5132 -0.4769
vn -0.7164 0.5551 -0.4226
vn -0.6487 0.6021 -0.4655
vn -0.6373 0.5405 -0.5492
vn -0.6190 0.6195 -0.4828
vn -0.5459 0.5489 -0.6330
vn -0.5853 0.5398 -0.6050
vn -0.6234 0.5627 -0.5429
vn -0.6611 0.5308 -0.5302
vn -0.3767 0.4542 -0.8073
vn -0.5055 0.5104 -0.6956
vn -0.4016 0.4383 -0.8041
vn -0.5507 0.4994 -0.6688
vn -0.6284 0.5467 -0.5534
vn -0.6445 0.5337 -0.5476
vn -0.6702 0.5393 -0.5099
vn -0.6545 0.5800 -0.4851
vn -0.6340 0.5821 -0.5091
vn -0.6734 0.5372 -0.5079
vn -0.4481 0.4068 -0.7961
vn -0.4622 0.3882 -0.7973
vn -0.5779 0.4239 -0.6974
vn -0.5562 0.4615 -0.6911
vn -0.3825 0.3748 -0.8445
vn -0.3791 0.3505 -0.8564
vn -0.6542 0.5042 -0.5637
vn -0.6735 0.4456 -0.5898
vn -0.6971 0.4676 -0.5436
vn -0.6779 0.5195 -0.5201
vn -0.4805 0.4868 -0.7295
vn -0.3892 0.5291 -0.7540
vn -0.4264 0.4610 -0.7782
vn -0.6198 0.4678 -0.6302
vn -0.6218 0.4516 -0.6398
vn -0.4556 0.5065 -0.7320
vn -0.4897 0.4936 -0.7187
vn -0.4114 0.5032 -0.7600
vn -0.5281 0.4759 -0.7032
vn -0.5870 0.4336 -0.6837
vn -0.5477 0.4440 -0.7091
vn -0.4985 0.4379 -0.7482
vn -0.5009 0.5088 -0.7002
vn -0.5538 0.5396 -0.6341
vn -0.4943 0.4572 -0.7393
vn -0.2348 0.5369 -0.8103
vn -0.9029 0.2210 -0.3687
vn -0.8157 0.3420 -0.4666
vn -0.8941 0.3306 -0.3022
vn -0.9610 0.1324 -0.2430
vn -0.7681 0.3478 -0.5376
vn -0.6826 0.5029 -0.5303
vn -0.9385 0.2203 -0.2657
vn -0.8500 0.3489 -0.3947
vn -0.9977 0.0654 -0.0171
vn -0.8848 0.3546 -0.3024
vn -0.9883 0.1451 -0.0464
vn -0.8498 0.3873 -0.3576
vn -0.1108 0.1661 -0.9799
vn -0.0602 -0.0209 -0.9980
vn 0.1917 0.5677 -0.8006
vn 0.1127 0.7242 -0.6803
vn -0.2864 0.0147 -0.9580
vn -0.2443 -0.0966 -0.9649
vn 0.1917 0.9610 -0.1993
vn 0.3905 0.8886 -0.2405
vn 0.2372 0.9082 -0.3448
vn -0.0170 0.9134 -0.4066
vn 0.3411 -0.6515 0.6776
vn 0.3374 -0.6779 0.6532
vn 0.2900 -0.7592 0.5826
vn 0.3206 -0.8468 0.4245
vn 0.0082 0.0613 -0.9981
vn -0.0168 0.2324 -0.9725
vn -0.2086 0.1708 -0.9630
vn -0.1708 0.0588 -0.9835
vn -0.2569 0.2411 -0.9359
vn -0.1371 0.4218 -0.8963
vn -0.3538 0.6087 -0.7101
vn -0.2455 0.7456 -0.6196
vn -0.3339 0.7565 -0.5624
vn -0.3083 0.7599 -0.5723
vn 0.5026 -0.8292 0.2445
vn 0.5412 -0.6682 0.5105
vn 0.4500 -0.7179 0.5311
vn 0.3527 -0.9134 0.2031
vn 0.5425 -0.6473 0.5355
vn 0.4836 -0.6800 0.5511
vn 0.4558 0.2620 0.8506
vn 0.4960 -0.0264 0.8679
vn 0.4204 0.3809 0.8235
vn 0.2964 0.3672 0.8817
vn 0.3788 0.2448 0.8925
vn 0.4906 -0.0904 0.8667
vn -0.4374 0.3704 -0.8195
vn -0.5790 0.4886 -0.6527
vn -0.4976 0.6189 -0.6078
vn -0.3693 0.4149 -0.8316
vn -0.6522 -0.0059 0.7580
vn -0.8410 0.2106 0.4983
vn -0.7663 0.4468 0.4617
vn -0.5413 0.2389 0.8062
vn -0.2189 -0.0274 0.9754
vn -0.3274 -0.2294 0.9166
vn 0.2916 -0.4425 0.8480
vn 0.3740 -0.2709 0.8870
vn 0.8164 -0.2492 0.5210
vn 0.7824 -0.4283 0.4521
vn 0.9177 -0.3188 0.2372
vn 0.9385 -0.3087 0.1546
vn 0.9611 -0.2104 0.1790
vn 0.9724 -0.2305 0.0358
vn 0.8894 -0.3885 0.2408
vn 0.9251 -0.3409 0.1670
vn 0.8141 -0.4250 0.3958
vn 0.8072 -0.4497 0.3823
vn 0.7186 -0.5792 0.3849
vn 0.7775 -0.5980 0.1948
vn 0.7933 -0.5981 0.1139
vn 0.7271 -0.5887 0.3532
vn 0.6795 -0.5787 0.4509
vn 0.6825 -0.5502 0.4811
vn 0.3839 -0.0564 0.9217
vn 0.4830 -0.0313 0.8751
vn 0.4191 0.1758 0.8907
vn 0.3470 0.1146 0.9308
vn 0.4277 -0.1410 0.8928
vn 0.5196 -0.1587 0.8396
vn 0.4232 -0.0074 0.9060
vn 0.4189 0.1103 0.9013
vn 0.5892 -0.4255 0.6869
vn 0.5940 -0.4068 0.6940
vn 0.6225 -0.4351 0.6505
vn 0.6340 -0.4194 0.6497
vn 0.5527 -0.4223 0.7184
vn 0.5464 -0.3725 0.7501
vn 0.5087 -0.4202 0.7514
vn 0.4307 -0.3531 0.8305
vn 0.6285 -0.4805 0.6117
vn 0.6272 -0.4832 0.6108
vn 0.6121 -0.3393 0.7143
vn 0.5858 -0.3594 0.7264
vn 0.5064 -0.2451 0.8267
vn 0.5809 -0.2409 0.7775
vn 0.4679 -0.4851 0.7387
vn 0.3633 -0.4962 0.7886
vn 0.5029 -0.4867 0.7143
vn 0.4137 -0.5362 0.7358
vn -0.3596 0.3948 -0.8455
vn -0.3977 0.3368 -0.8535
vn -0.3338 0.6592 -0.6738
vn -0.3454 0.6486 -0.6782
vn -0.5195 0.5200 -0.6780
vn -0.5654 0.5024 -0.6542
vn -0.4935 0.6030 -0.6267
vn -0.4274 0.6326 -0.6458
vn -0.4103 0.6389 -0.6507
vn -0.3697 0.6488 -0.6651
vn -0.3707 0.6532 -0.6602
vn -0.4606 0.5490 -0.6975
vn -0.4304 0.3194 -0.8442
vn -0.4458 0.3464 -0.8254
vn -0.4015 -0.1934 -0.8952
vn -0.2886 -0.1736 -0.9416
vn -0.4309 0.3686 -0.8237
vn -0.4456 0.6024 -0.6622
vn -0.4537 -0.1530 -0.8779
vn -0.3627 0.6728 -0.6448
vn -0.4327 0.5710 -0.6976
vn -0.5282 0.5793 -0.6208
vn -0.5761 0.4996 -0.6469
vn -0.5573 0.4073 -0.7236
vn -0.5722 0.4275 -0.6998
vn -0.5731 0.4222 -0.7023
vn -0.5728 0.3991 -0.7160
vn -0.4203 0.4884 -0.7648
vn -0.4514 0.5964 -0.6638
vn -0.4764 0.4442 -0.7588
vn -0.4245 0.4615 -0.7790
vn 0.6548 -0.4825 0.5818
vn 0.6457 -0.5042 0.5735
vn 0.5903 -0.4622 0.6618
vn 0.6615 -0.4351 0.6108
vn 0.6323 -0.5475 0.5481
vn 0.6157 -0.5309 0.5823
vn 0.6038 -0.5300 0.5954
vn 0.4725 -0.5370 0.6988
vn 0.4319 -0.5624 0.7051
vn 0.5062 -0.5156 0.6913
vn 0.5604 -0.5003 0.6600
vn 0.4502 -0.4786 0.7539
vn 0.3547 -0.5122 0.7822
vn 0.3733 -0.4814 0.7931
vn 0.4062 -0.5689 0.7151
vn 0.4787 -0.5483 0.6857
vn 0.4230 -0.5381 0.7290
vn 0.5256 -0.5913 0.6116
vn 0.3896 -0.6894 0.6107
vn 0.4134 -0.6212 0.6657
vn 0.4085 -0.6291 0.6613
vn 0.3703 -0.5459 0.7516
vn 0.3323 -0.6716 0.6623
vn 0.3236 -0.8495 0.4167
vn 0.1847 -0.8986 0.3981
vn 0.4348 -0.7629 0.4785
vn 0.1646 -0.8737 0.4577
vn -0.1309 -0.9667 0.2199
vn 0.0701 -0.9250 0.3734
vn 0.3800 -0.7121 0.5904
vn 0.5645 -0.6255 0.5386
vn -0.3249 0.7495 -0.5768
vn -0.3383 0.7453 -0.5745
vn -0.3211 0.7074 -0.6297
vn -0.3235 0.7017 -0.6348
vn 0.2453 -0.7914 0.5599
vn 0.3641 -0.6839 0.6322
vn -0.3462 0.6347 -0.6909
vn -0.3820 0.5335 -0.7546
vn -0.4159 0.5052 -0.7562
vn -0.3497 0.6177 -0.7044
vn -0.4467 0.5785 -0.6825
vn -0.4579 0.6534 -0.6027
vn -0.4544 0.4701 -0.7567
vn -0.4048 0.4922 -0.7706
vn -0.4456 0.5881 -0.6750
vn -0.4723 0.6530 -0.5921
vn 0.5098 -0.6688 0.5411
vn 0.5507 -0.6206 0.5582
vn 0.5700 -0.5625 0.5988
vn 0.5567 -0.6138 0.5597
vn -0.4417 0.6001 -0.6669
vn -0.4043 0.5044 -0.7630
vn -0.4630 0.6639 -0.5873
vn 0.5880 -0.5431 0.5995
vn 0.5865 -0.5610 0.5841
vn 0.6040 -0.4951 0.6246
vn 0.5854 -0.5109 0.6295
vn 0.5710 -0.5676 0.5931
vn 0.5578 -0.6385 0.5303
vn 0.5491 -0.5173 0.6564
vn 0.5133 -0.5167 0.6853
vn 0.5559 -0.5673 0.6076
vn 0.5501 -0.6442 0.5315
vn 0.5137 -0.5792 0.6329
vn 0.4872 -0.5083 0.7101
vn 0.4927 -0.6677 0.5580
vn -0.4165 0.4078 -0.8126
vn -0.4970 0.3932 -0.7735
vn -0.3696 0.3669 -0.8537
vn -0.4611 0.3711 -0.8060
vn -0.4521 0.4173 -0.7883
vn -0.3580 0.4497 -0.8183
vn -0.3607 0.4085 -0.8384
vn -0.3070 0.4319 -0.8481
vn -0.3740 0.4359 -0.8186
vn -0.3892 0.4464 -0.8058
vn 0.5895 -0.4733 0.6546
vn 0.5603 -0.5195 0.6451
vn 0.5448 -0.4912 0.6796
vn 0.5897 -0.4602 0.6637
vn 0.5391 -0.4693 0.6994
vn 0.5229 -0.4566 0.7197
vn 0.5146 -0.4432 0.7340
vn 0.4920 -0.4816 0.7253
vn -0.2753 0.4633 -0.8424
vn -0.2935 0.7513 -0.5911
vn -0.0769 0.5820 -0.8095
vn -0.0960 0.8396 -0.5347
vn 0.4607 -0.4816 0.7456
vn 0.4592 -0.4599 0.7600
vn -0.3044 0.7318 -0.6097
vn -0.3619 0.4635 -0.8089
vn -0.2028 0.8403 -0.5027
vn -0.4182 0.6415 -0.6431
vn -0.4337 0.8778 -0.2034
vn -0.3556 0.8311 -0.4276
vn -0.6140 0.7345 -0.2890
vn -0.6014 0.7883 -0.1300
vn -0.5665 0.7139 -0.4115
vn -0.5622 0.7362 -0.3768
vn 0.4803 0.0395 0.8762
vn 0.4787 -0.4068 0.7780
vn 0.3958 -0.4859 0.7793
vn 0.3825 0.0256 0.9236
vn -0.6055 0.7720 -0.1935
vn -0.6113 0.7537 -0.2414
vn -0.5731 0.6010 -0.5570
vn -0.4687 -0.2562 -0.8454
vn -0.3300 -0.2408 -0.9127
vn -0.5414 -0.2009 -0.8164
vn -0.6008 0.2972 -0.7421
vn -0.5066 0.2451 -0.8266
vn -0.2418 0.3056 -0.9210
vn 0.3714 -0.8300 0.4162
vn 0.2826 -0.8225 0.4936
vn -0.1519 -0.1619 -0.9750
vn 0.0506 0.4153 -0.9083
vn -0.3146 0.9146 -0.2540
vn -0.4745 0.5450 -0.6913
vn -0.4441 0.8560 -0.2647
vn -0.2584 0.8947 -0.3642
vn 0.0077 0.9998 -0.0193
vn 0.3366 0.9392 -0.0682
vn 0.1491 0.8895 -0.4320
vn -0.4919 -0.0370 -0.8699
vn -0.3009 0.3758 -0.8765
vn -0.2186 0.5119 -0.8307
vn -0.1901 0.5786 -0.7932
vn -0.3068 0.3913 -0.8676
vn -0.3513 0.3516 -0.8677
vn -0.3518 0.4514 -0.8201
vn 0.4156 0.8414 -0.3455
vn 0.4091 0.8866 -0.2159
vn -0.3431 0.3904 -0.8543
vn -0.2829 0.5954 -0.7520
vn -0.2855 0.5698 -0.7706
vn -0.3925 0.4160 -0.8203
vn -0.0986 0.6826 -0.7241
vn 0.1008 0.7986 -0.5934
vn 0.1317 0.8948 -0.4267
vn -0.2859 0.3522 -0.8912
vn -0.0845 0.9313 -0.3543
vn 0.5077 -0.1446 0.8493
vn 0.4806 -0.1309 0.8671
vn 0.5206 -0.3469 0.7801
vn 0.4972 -0.2779 0.8219
vn 0.5169 -0.4280 0.7414
vn 0.5410 -0.4564 0.7065
vn -0.5666 0.7851 -0.2501
vn -0.4309 0.7570 -0.4911
vn -0.5955 0.6002 -0.5340
vn -0.7467 0.6175 -0.2475
vn -0.7840 0.5684 -0.2494
vn -0.5961 0.7061 -0.3822
vn -0.5733 0.7375 -0.3570
vn -0.5013 0.6964 -0.5135
vn -0.3884 0.1800 -0.9037
vn -0.2489 0.3786 -0.8915
vn 0.0286 0.1092 -0.9936
vn -0.0678 0.0766 -0.9948
vn -0.7505 0.3670 -0.5497
vn -0.3474 0.2839 -0.8937
vn -0.5974 0.5167 -0.6132
vn -0.1139 0.0673 -0.9912
vn -0.0883 0.2136 -0.9729
vn -0.3007 0.4681 -0.8309
vn 0.0399 0.2447 -0.9688
vn -0.1538 0.5419 -0.8263
vn -0.6668 0.5853 -0.4613
vn -0.8728 0.4163 -0.2549
vn -0.8433 0.4634 -0.2723
vn 0.2372 -0.2350 0.9426
vn 0.6312 -0.4765 0.6119
vn 0.0564 -0.1202 0.9911
vn 0.1693 -0.0228 0.9853
vn 0.3021 -0.0231 0.9530
vn 0.6772 -0.3188 0.6631
vn 0.7960 -0.5682 0.2085
vn 0.8408 -0.5098 0.1820
vn 0.4887 -0.4752 0.7316
vn 0.4699 -0.3837 0.7950
vn 0.4549 -0.3782 0.8063
vn 0.5053 -0.4063 0.7613
vn 0.5667 -0.3806 0.7308
vn 0.5248 -0.5102 0.6814
vn 0.4643 -0.3274 0.8230
vn 0.4301 -0.2334 0.8721
vn 0.3909 -0.2804 0.8767
vn 0.4625 -0.4154 0.7833
vn 0.3851 -0.0008 0.9229
vn 0.3692 -0.1470 0.9176
vn 0.1749 0.0212 0.9844
vn 0.3294 0.1619 0.9302
vn 0.5085 -0.2122 0.8345
vn 0.4764 -0.2659 0.8380
vn 0.5513 -0.3082 0.7753
vn 0.4840 -0.2978 0.8228
vn 0.5228 -0.2965 0.7992
vn 0.5649 -0.3430 0.7505
vn 0.6012 -0.3214 0.7316
vn 0.4364 -0.2894 0.8519
vn 0.2881 -0.1511 0.9456
vn 0.3714 -0.7303 0.5734
vn 0.4181 -0.7460 0.5183
vn 0.4322 -0.8109 0.3945
vn 0.3928 -0.7705 0.5021
vn 0.5537 -0.2697 0.7878
vn 0.5849 -0.3356 0.7384
vn 0.5414 -0.6835 0.4896
vn 0.4585 -0.7657 0.4511
vn 0.5430 -0.7057 0.4551
vn 0.4625 -0.8109 0.3586
vn 0.4596 -0.7740 0.4354
vn 0.4806 -0.8476 0.2251
vn 0.4448 -0.8869 0.1250
vn 0.4556 -0.8252 0.3338
vn 0.4376 -0.8967 -0.0663
vn 0.3068 -0.9509 -0.0413
vn 0.3782 -0.9080 0.1805
vn 0.4821 -0.7437 0.4632
vn -0.4604 0.6607 -0.5929
vn -0.4347 0.6837 -0.5862
vn -0.4388 0.7080 -0.5534
vn -0.4570 0.7027 -0.5453
vn 0.3708 -0.8479 0.3790
vn 0.2376 -0.9674 0.0877
vn -0.4561 0.6927 -0.5587
vn -0.4388 0.6656 -0.6037
vn -0.4860 0.6799 -0.5490
vn -0.5154 0.6090 -0.6029
vn -0.4328 0.6465 -0.6283
vn -0.4577 0.4252 -0.7809
vn -0.4136 0.2207 -0.8833
vn -0.4579 0.6127 -0.6442
vn -0.5268 0.1717 -0.8324
vn -0.5383 0.4807 -0.6922
vn -0.4419 0.1413 -0.8859
vn -0.5148 0.4271 -0.7434
vn -0.5080 0.6518 -0.5631
vn -0.4784 0.6961 -0.5354
vn -0.5867 0.3516 -0.7295
vn -0.5310 0.3333 -0.7791
vn -0.4738 0.4296 -0.7687
vn -0.5176 0.4290 -0.7403
vn -0.5752 0.4857 -0.6582
vn -0.6428 0.4072 -0.6488
vn -0.6434 0.4234 -0.6378
vn -0.6125 0.3129 -0.7259
vn -0.5584 0.2644 -0.7863
vn -0.3572 0.5858 -0.7275
vn -0.1855 0.2879 -0.9395
vn -0.5262 0.4221 -0.7382
vn -0.5233 0.4230 -0.7398
vn -0.5654 0.5025 -0.6541
vn -0.4300 0.2761 -0.8596
vn -0.4910 0.2491 -0.8348
vn -0.5246 0.3714 -0.7660
vn -0.5531 0.4737 -0.6853
vn -0.4909 0.5382 -0.6851
vn -0.5715 0.3173 -0.7568
vn -0.6430 0.4337 -0.6312
vn 0.3430 -0.0222 0.9391
vn 0.2767 -0.0736 0.9581
vn 0.4784 -0.3755 0.7938
vn 0.3443 -0.4432 0.8277
vn -0.5312 0.4844 -0.6951
vn 0.5265 -0.7858 0.3246
vn 0.4695 -0.3928 0.7907
vn 0.3721 -0.3955 0.8397
vn 0.4184 -0.8427 0.3388
vn 0.4848 -0.8557 0.1809
vn 0.3015 -0.9269 0.2237
vn 0.2914 -0.9139 0.2827
vn 0.3267 -0.3853 0.8630
vn 0.1913 -0.0813 0.9782
vn 0.1955 -0.1241 0.9728
vn -0.5333 0.4409 -0.7219
vn -0.5423 0.5952 -0.5930
vn -0.3977 0.0694 -0.9149
vn -0.4107 -0.0020 -0.9118
vn 0.3790 -0.0287 0.9250
vn -0.2978 0.5303 -0.7938
vn -0.1897 0.1594 -0.9688
vn -0.4768 0.0561 -0.8772
vn -0.5742 0.4200 -0.7027
vn -0.4273 0.0697 -0.9014
vn -0.2844 -0.1476 -0.9473
vn -0.4472 -0.0573 -0.8926
vn -0.4279 0.0543 -0.9022
vn -0.4205 -0.0364 -0.9066
vn -0.5656 0.5069 -0.6506
vn -0.2170 0.4112 -0.8853
vn -0.2433 0.3272 -0.9131
vn -0.2634 0.4022 -0.8768
vn -0.5280 0.6092 -0.5917
vn -0.5167 0.5840 -0.6260
vn -0.5544 0.4631 -0.6915
vn -0.1057 0.0074 -0.9944
vn -0.5269 0.4210 -0.7384
vn -0.2604 0.2667 -0.9279
vn -0.6635 0.5368 -0.5211
vn -0.6132 0.6017 -0.5118
vn -0.6130 0.5469 -0.5702
vn -0.6408 0.4643 -0.6114
vn -0.6284 0.4576 -0.6290
vn -0.3662 0.3708 -0.8535
vn 0.6701 -0.5966 0.4416
vn 0.6432 -0.5649 0.5169
vn 0.6863 -0.5295 0.4985
vn 0.7014 -0.5822 0.4111
vn 0.5808 -0.5191 0.6270
vn 0.6261 -0.4133 0.6612
vn -0.5919 0.5099 -0.6242
vn 0.6149 -0.4776 0.6275
vn 0.6640 -0.5955 0.4521
vn 0.6524 -0.6101 0.4496
vn 0.6073 -0.4630 0.6457
vn 0.6911 -0.6571 0.3011
vn 0.6889 -0.5623 0.4575
vn 0.6802 -0.6841 0.2633
vn 0.6870 -0.7266 -0.0057
vn 0.6693 -0.7424 0.0296
vn 0.6452 -0.4163 0.6407
vn 0.4688 -0.2338 0.8518
vn 0.4527 -0.3494 0.8203
vn 0.5477 -0.4179 0.7248
vn 0.5824 -0.3174 0.7484
vn 0.5880 -0.2623 0.7651
vn 0.4704 -0.1482 0.8699
vn 0.3362 -0.0339 0.9412
vn 0.3712 -0.1197 0.9208
vn 0.3718 -0.2361 0.8978
vn 0.7064 -0.6414 0.2993
vn 0.7453 -0.6657 0.0366
vn 0.4296 -0.2141 0.8773
vn 0.5753 -0.2850 0.7667
vn 0.3157 -0.1688 0.9337
vn 0.1482 -0.2584 0.9546
vn 0.2648 -0.1431 0.9536
vn 0.3003 -0.3804 0.8747
vn 0.4306 -0.4656 0.7732
vn 0.5071 -0.5148 0.6913
vn -0.6258 0.5192 -0.5821
vn -0.5843 0.4724 -0.6598
vn -0.5259 0.4458 -0.7244
vn -0.4511 0.4277 -0.7833
vn -0.4737 0.3562 -0.8054
vn -0.4773 0.3345 -0.8126
vn -0.5729 0.3970 -0.7171
vn -0.5782 0.4219 -0.6983
vn -0.4398 0.3275 -0.8363
vn -0.4645 0.3529 -0.8122
vn -0.6833 0.4782 -0.5518
vn -0.6745 0.4843 -0.5572
vn -0.4688 0.3862 -0.7944
vn -0.4851 0.4009 -0.7771
vn -0.5372 0.4066 -0.7389
vn -0.5477 0.4123 -0.7280
vn -0.4592 0.4050 -0.7907
vn -0.4722 0.3514 -0.8084
vn -0.5703 0.3769 -0.7298
vn -0.5365 0.5011 -0.6790
vn -0.5177 0.6133 -0.5965
vn -0.3313 0.7195 -0.6103
vn -0.3897 0.7708 -0.5039
vn -0.4360 0.6082 -0.6633
vn -0.6422 0.5713 -0.5111
vn -0.5427 0.5933 -0.5946
vn -0.2220 0.6097 -0.7609
vn -0.2160 0.4129 -0.8848
vn -0.4858 0.4698 -0.7371
vn -0.4439 0.7072 -0.5503
vn -0.4604 0.4888 -0.7411
vn -0.4621 0.4404 -0.7697
vn -0.6765 0.5358 -0.5052
vn -0.6669 0.4953 -0.5568
vn 0.9529 -0.2827 0.1094
vn 0.8634 -0.3578 0.3557
vn 0.7996 -0.4118 0.4370
vn 0.9179 -0.3358 0.2114
vn 0.9408 -0.3200 0.1119
vn 0.9122 -0.3444 0.2222
vn -0.2626 0.3607 -0.8950
vn -0.5330 0.4655 -0.7065
vn -0.4522 0.3420 -0.8237
vn 0.8805 -0.4022 0.2508
vn 0.7746 -0.4503 0.4441
vn 0.7950 -0.4215 0.4363
vn 0.8994 -0.3860 0.2051
vn 0.9278 -0.3727 0.0164
vn 0.9239 -0.3717 0.0913
vn 0.6790 -0.4407 0.5872
vn 0.7111 -0.4071 0.5732
vn -0.1020 -0.5569 0.8243
vn 0.2712 -0.5591 0.7835
vn 0.5335 -0.5829 0.6129
vn 0.0201 -0.6033 0.7972
vn 0.6558 -0.4801 0.5826
vn 0.8394 -0.4463 0.3101
vn 0.8079 -0.3966 0.4358
vn 0.9342 -0.3388 0.1114
vn 0.9542 -0.2889 -0.0775
vn -0.8214 0.5699 0.0249
vn -0.9013 0.4109 -0.1373
vn -0.9198 0.3458 0.1857
vn -0.7752 0.5381 0.3308
vn -0.8475 0.5067 0.1581
vn -0.8501 0.5250 -0.0411
vn -0.8374 0.5372 -0.1011
vn -0.8989 0.3773 -0.2229
vn -0.9478 0.2408 -0.2092
vn -0.9209 0.2902 -0.2602
vn -0.9936 0.0928 0.0640
vn -0.6444 0.5267 -0.5543
vn -0.6857 0.6569 -0.3136
vn -0.9120 0.3903 -0.1259
vn -0.7558 0.6060 -0.2482
vn -0.8367 0.4123 -0.3604
vn -0.9309 0.2910 0.2206
vn 0.7442 -0.3554 0.5656
vn 0.7059 -0.4466 0.5498
vn 0.7758 -0.4302 0.4617
vn 0.7863 -0.3794 0.4877
vn 0.7476 -0.3941 0.5346
vn 0.7416 -0.3374 0.5798
vn -0.8243 0.3262 -0.4627
vn 0.6969 -0.4452 0.5623
vn 0.6813 -0.4022 0.6116
vn 0.5869 -0.5329 0.6095
vn 0.6359 -0.4387 0.6350
vn 0.6558 -0.5322 0.5355
vn 0.6671 -0.3543 0.6553
vn 0.6891 -0.3109 0.6546
vn 0.7372 -0.4931 0.4620
vn -0.6824 0.4892 -0.5431
vn -0.6597 0.4423 -0.6076
vn -0.6615 0.5085 -0.5513
vn -0.6593 0.5155 -0.5473
vn -0.6653 0.4511 -0.5948
vn -0.6523 0.4276 -0.6259
vn 0.6628 -0.3434 0.6654
vn -0.6634 0.4596 -0.5905
vn -0.6928 0.4664 -0.5500
vn -0.5909 0.4133 -0.6928
vn -0.6141 0.4196 -0.6685
vn -0.6177 0.4179 -0.6662
vn -0.6318 0.4128 -0.6560
vn -0.6303 0.4681 -0.6194
vn -0.6248 0.4314 -0.6508
vn -0.6589 0.4585 -0.5963
vn 0.2030 -0.1402 0.9691
vn 0.1266 -0.1529 0.9801
vn 0.0422 -0.6137 0.7884
vn 0.0639 -0.6340 0.7707
vn 0.2851 0.3349 0.8981
vn 0.1724 0.2747 0.9459
vn 0.1894 -0.1130 0.9754
vn 0.1417 0.3172 0.9377
vn 0.1687 -0.5903 0.7893
vn -0.0724 -0.8878 0.4546
vn -0.0406 -0.8819 0.4697
vn 0.1131 -0.8210 0.5597
vn 0.1361 0.5418 0.8294
vn 0.1254 0.5751 0.8084
vn 0.2266 0.3963 0.8897
vn 0.3556 0.1531 0.9220
vn 0.4382 -0.4329 0.7878
vn 0.4416 -0.3208 0.8379
vn 0.3965 -0.3716 0.8395
vn 0.4729 -0.3841 0.7930
vn 0.3551 0.4952 0.7929
vn 0.4635 -0.0204 0.8859
vn 0.4602 -0.3465 0.8174
vn 0.4201 -0.0637 0.9053
vn 0.3036 0.5835 0.7532
vn 0.4774 -0.1474 0.8662
vn 0.4917 -0.3642 0.7909
vn 0.2900 -0.0250 0.9567
vn 0.2010 0.0867 0.9757
vn 0.1000 0.1960 0.9755
vn 0.1742 0.1343 0.9755
vn 0.7879 -0.6028 0.1262
vn 0.6810 -0.7250 0.1030
vn 0.6940 -0.3405 0.6344
vn 0.6510 -0.4954 0.5752
vn -0.0567 -0.0070 0.9984
vn 0.2372 -0.3115 0.9202
vn 0.5359 -0.6786 0.5023
vn 0.3627 -0.0467 0.9307
vn 0.0970 -0.0718 0.9927
vn 0.3641 0.0679 0.9289
vn 0.6017 -0.7908 0.1125
vn -0.5205 0.3209 0.7913
vn -0.6984 0.0686 0.7124
vn -0.1916 -0.2842 0.9394
vn -0.1210 0.0081 0.9926
vn -0.8204 -0.2270 0.5247
vn -0.3478 -0.5023 0.7917
vn 0.1498 -0.6109 0.7774
vn 0.6090 -0.6110 0.5057
vn 0.6740 -0.5673 0.4733
vn 0.2735 -0.4965 0.8238
vn 0.3771 -0.2644 0.8876
vn 0.7849 -0.3329 0.5226
vn 0.9338 -0.3331 0.1306
vn 0.8612 -0.4779 0.1731
vn 0.8552 -0.4599 0.2391
vn -0.4584 0.7885 -0.4101
vn -0.1779 0.9507 -0.2539
vn -0.4105 0.6825 -0.6047
vn -0.0291 0.8282 -0.5597
vn -0.2827 0.5905 -0.7559
vn -0.3841 0.5767 -0.7210
vn -0.3992 0.5682 -0.7196
vn -0.2060 0.5944 -0.7774
vn -0.7200 0.5416 -0.4340
vn -0.9018 0.4288 -0.0530
vn -0.9210 0.3809 -0.0814
vn -0.7277 0.5305 -0.4348
vn -0.9265 0.2344 0.2942
vn -0.9431 0.2026 0.2635
vn -0.7551 -0.0477 0.6538
vn -0.7685 -0.0539 0.6376
vn -0.4735 -0.2866 0.8329
vn -0.4529 -0.2611 0.8525
vn -0.1709 -0.4115 0.8952
vn -0.1013 -0.3405 0.9348
vn 0.2827 -0.5355 0.7958
vn 0.7108 -0.5658 0.4178
vn 0.7402 -0.4906 0.4598
vn 0.3125 -0.4419 0.8409
vn 0.9135 -0.3979 0.0849
vn 0.8842 -0.4637 0.0566
vn 0.8719 -0.4833 0.0794
vn 0.8891 -0.4397 0.1270
vn 0.6674 -0.5644 0.4858
vn 0.7097 -0.5765 0.4050
vn 0.8403 0.1477 0.5216
vn 0.9115 0.0108 0.4111
vn 0.7681 -0.5631 0.3049
vn 0.8587 -0.3824 0.3412
vn 0.2664 0.9603 0.0832
vn 0.5767 0.8156 -0.0476
vn -0.0707 0.6173 -0.7836
vn -0.4055 0.6049 -0.6853
vn -0.4028 0.6306 -0.6634
vn -0.0002 0.6157 -0.7880
vn 0.4147 0.5518 -0.7235
vn 0.2786 0.6873 -0.6709
vn -0.7357 0.5405 -0.4082
vn -0.7190 0.5673 -0.4014
vn -0.9136 0.4004 -0.0710
vn -0.8899 0.4512 -0.0669
vn -0.9240 0.2265 0.3082
vn -0.8975 0.2830 0.3383
vn -0.7358 0.0087 0.6771
vn -0.7038 0.0953 0.7040
vn -0.3864 -0.1884 0.9029
vn -0.3610 -0.0634 0.9304
vn -0.0254 -0.2673 0.9633
vn 0.0721 -0.1845 0.9802
vn 0.3425 -0.2820 0.8962
vn 0.7531 -0.3053 0.5827
vn 0.7730 -0.1903 0.6051
vn 0.4653 -0.2230 0.8566
vn -0.6060 0.6845 -0.4052
vn -0.2787 0.7293 -0.6248
vn -0.8109 0.5809 -0.0710
vn -0.6141 0.7889 -0.0224
vn -0.3841 0.8968 -0.2194
vn -0.0406 0.9236 -0.3812
vn -0.8253 0.4589 0.3292
vn -0.5746 0.7730 0.2687
vn -0.6362 0.3051 0.7086
vn -0.5042 0.6095 0.6118
vn 0.9544 -0.2426 0.1739
vn 0.9850 -0.1435 0.0959
vn 0.9891 -0.0094 -0.1469
vn 0.9738 -0.1198 0.1932
vn -0.2707 0.2333 0.9340
vn -0.1329 0.6715 0.7290
vn 0.1814 0.1549 0.9711
vn 0.2686 0.6444 0.7159
vn -0.2176 0.9509 0.2201
vn 0.2081 0.9650 0.1598
vn 0.5607 0.8263 0.0527
vn 0.7791 0.6222 -0.0767
vn 0.6939 0.5541 -0.4598
vn 0.3560 0.8194 -0.4492
vn 0.6197 0.5355 0.5738
vn 0.8716 0.3677 0.3242
vn 0.5877 0.0189 0.8088
vn 0.8457 -0.0449 0.5318
vn 0.7066 0.6555 -0.2666
vn 0.7869 0.4054 -0.4652
vn 0.9210 0.3044 -0.2431
vn 0.9429 0.3261 0.0678
vn 0.5220 0.5170 -0.6784
vn 0.1510 0.6678 -0.7289
vn 0.9690 0.1539 -0.1931
vn 0.9137 0.1268 -0.3862
vn 0.8805 0.3057 -0.3623
vn 0.9568 0.1574 -0.2445
vn 0.9804 0.0217 -0.1958
vn 0.8539 0.2512 -0.4558
vn 0.7613 0.4000 -0.5102
vn 0.8569 0.4566 -0.2393
vn 0.9813 0.1918 0.0137
vn 0.9854 -0.0412 0.1655
vn 0.1911 0.4814 -0.8554
vn 0.1978 0.4885 -0.8499
vn 0.0140 0.5253 -0.8508
vn -0.0834 0.5236 -0.8479
vn -0.4601 0.5290 -0.7131
vn -0.6556 0.3780 -0.6537
vn -0.2143 0.5286 -0.8214
vn -0.2578 0.5197 -0.8146
vn -0.3682 0.4615 -0.8071
vn -0.3719 0.4398 -0.8175
vn -0.3080 0.4491 -0.8387
vn -0.3068 0.4928 -0.8143
vn -0.4780 0.4324 -0.7646
vn -0.4769 0.4320 -0.7655
vn -0.3737 0.4176 -0.8282
vn -0.4495 0.4320 -0.7819
vn -0.2874 0.3901 -0.8748
vn -0.3246 0.3104 -0.8935
vn -0.3934 0.3301 -0.8581
vn -0.4512 0.3542 -0.8191
vn -0.2346 0.2919 -0.9272
vn -0.1568 0.3540 -0.9220
vn 0.0787 0.2930 -0.9529
vn -0.0814 0.2697 -0.9595
vn -0.3873 0.3195 -0.8648
vn -0.3677 0.3604 -0.8573
vn -0.4077 0.3674 -0.8359
vn -0.4308 0.3336 -0.8385
vn -0.3302 0.3081 -0.8922
vn -0.3199 0.3625 -0.8754
vn 0.3753 0.2006 -0.9049
vn 0.1956 0.2210 -0.9555
vn 0.5914 0.0403 -0.8053
vn 0.3728 0.2032 -0.9054
vn 0.4065 0.1800 -0.8957
vn 0.6031 0.0817 -0.7935
vn 0.8166 -0.1027 -0.5680
vn 0.7838 -0.1599 -0.6000
vn 0.6169 0.0142 -0.7869
vn 0.4031 0.2388 -0.8834
vn 0.7775 -0.1795 -0.6028
vn 0.8919 -0.3997 0.2117
vn 0.9034 -0.4245 0.0602
vn 0.3769 -0.3527 0.8565
vn 0.5312 -0.3951 0.7494
vn 0.9200 -0.3823 -0.0868
vn 0.1609 -0.2425 0.9567
vn 0.2234 -0.2860 0.9318
vn 0.2169 -0.2316 0.9483
vn 0.2112 -0.2850 0.9350
vn 0.6666 -0.4232 0.6137
vn 0.2747 -0.3758 0.8850
vn 0.3444 -0.2679 0.8998
vn 0.3308 -0.3552 0.8743
vn 0.5053 -0.3062 0.8068
vn 0.6461 -0.3482 0.6792
vn 0.6299 -0.2880 0.7213
vn 0.6887 -0.3780 0.6187
vn 0.6625 -0.3343 0.6703
vn 0.6064 -0.3279 0.7244
vn 0.6369 -0.3549 0.6844
vn 0.6135 -0.3835 0.6904
vn 0.6484 -0.4233 0.6327
vn 0.5417 -0.4632 0.7014
vn 0.5230 -0.4091 0.7477
vn 0.6156 -0.3568 0.7027
vn 0.5687 -0.3298 0.7536
vn 0.4748 -0.5309 0.7019
vn 0.6759 -0.4235 0.6032
vn 0.6718 -0.4105 0.6166
vn 0.5600 -0.4815 0.6742
vn 0.1154 -0.5882 0.8004
vn 0.0228 -0.5911 0.8062
vn 0.4196 -0.5586 0.7155
vn 0.6368 -0.4214 0.6457
vn -0.0162 -0.5642 0.8255
vn -0.4510 -0.5091 0.7331
vn -0.4469 -0.5085 0.7360
vn -0.4429 -0.5238 0.7276
vn -0.3772 -0.3532 0.8561
vn -0.3805 -0.5250 0.7613
vn -0.9924 0.1068 -0.0619
vn -0.9910 0.1326 -0.0203
vn -0.7459 -0.3381 0.5739
vn -0.6677 -0.4195 0.6150
vn -0.1581 -0.5777 0.8008
vn -0.1944 -0.5216 0.8307
vn -0.5553 0.3947 -0.7320
vn -0.5515 0.4239 -0.7185
vn -0.5240 0.4295 -0.7355
vn -0.5262 0.3882 -0.7566
vn -0.5431 0.4125 -0.7313
vn -0.5280 0.4190 -0.7387
vn -0.5529 0.3988 -0.7317
vn -0.5351 0.4093 -0.7390
vn -0.4941 0.4336 -0.7536
vn -0.4896 0.3761 -0.7867
vn -0.5034 0.3738 -0.7790
vn -0.4679 0.3540 -0.8098
vn -0.4460 0.3793 -0.8107
vn -0.4812 0.3928 -0.7836
vn -0.5157 0.4024 -0.7564
vn -0.5345 0.3875 -0.7511
vn 0.4166 -0.4908 0.7652
vn 0.3737 -0.5220 0.7667
vn 0.3691 -0.4245 0.8268
vn 0.4147 -0.4120 0.8114
vn 0.4802 -0.2994 0.8245
vn 0.3932 -0.2842 0.8744
vn 0.4206 -0.5435 0.7264
vn 0.4602 -0.5387 0.7057
vn 0.4935 -0.4841 0.7226
vn 0.4202 -0.4626 0.7806
vn 0.3827 -0.3239 0.8652
vn 0.5065 -0.3872 0.7704
vn 0.5688 -0.4871 0.6628
vn 0.6225 -0.4433 0.6450
vn 0.6371 -0.3557 0.6838
vn 0.1819 0.4890 -0.8531
vn -0.2973 0.4986 -0.8142
vn -0.3160 0.4655 -0.8267
vn 0.1582 0.5099 -0.8456
vn -0.3990 0.7606 -0.5122
vn -0.1514 0.7879 -0.5969
vn -0.2737 0.8186 -0.5050
vn -0.7038 0.6327 -0.3229
vn -0.6111 0.5890 -0.5288
vn -0.4320 0.6760 -0.5970
vn 0.1524 0.5351 -0.8309
vn -0.2492 0.6415 -0.7255
vn -0.6775 0.4748 -0.5617
vn -0.4708 0.6182 -0.6294
vn -0.3318 0.6974 -0.6353
vn 0.0941 0.2669 -0.9591
vn -0.1420 0.2977 -0.9440
vn 0.0571 0.3378 -0.9395
vn -0.1605 0.3702 -0.9150
vn 0.0446 0.4305 -0.9015
vn -0.1777 0.4670 -0.8662
vn -0.2583 0.3029 -0.9173
vn -0.2569 0.3677 -0.8937
vn -0.9943 0.1067 -0.0084
vn -0.9985 -0.0014 0.0540
vn -0.8581 0.4931 -0.1429
vn -0.9905 0.0540 0.1264
vn 0.9974 0.0283 0.0657
# 3326 vertex normals

vt 0.0000 0.0000 0.0000
# 1 texture coords

o AlaDerecha
g AlaDerecha
usemtl 17174_Tiamat_new__17174_Tiamat_v1default
s 1
f 1/1/1 2/1/2 3/1/3 
f 3/1/3 4/1/4 1/1/1 
f 4/1/4 5/1/5 6/1/6 
f 6/1/6 1/1/1 4/1/4 
f 1/1/1 6/1/6 7/1/7 
f 7/1/7 8/1/8 1/1/1 
f 8/1/8 9/1/9 2/1/2 
f 2/1/2 1/1/1 8/1/8 
f 10/1/10 11/1/11 12/1/12 
f 12/1/12 13/1/13 10/1/10 
f 10/1/10 14/1/14 15/1/15 
f 15/1/15 11/1/11 10/1/10 
f 11/1/11 15/1/15 9/1/9 
f 9/1/9 8/1/8 11/1/11 
f 8/1/8 7/1/7 12/1/12 
f 12/1/12 11/1/11 8/1/8 
f 16/1/16 17/1/17 18/1/18 
f 18/1/18 19/1/19 16/1/16 
f 19/1/19 9/1/9 15/1/15 
f 15/1/15 16/1/16 19/1/19 
f 16/1/16 15/1/15 14/1/14 
f 14/1/14 20/1/20 16/1/16 
f 16/1/16 20/1/20 21/1/21 
f 22/1/22 23/1/23 24/1/24 
f 24/1/24 25/1/25 22/1/22 
f 24/1/24 3/1/3 2/1/2 
f 2/1/2 25/1/25 24/1/24 
f 25/1/25 2/1/2 9/1/9 
f 9/1/9 19/1/19 25/1/25 
f 25/1/25 19/1/19 18/1/18 
f 18/1/18 22/1/22 25/1/25 
f 26/1/26 27/1/27 28/1/28 
f 28/1/28 29/1/29 26/1/26 
f 29/1/29 30/1/30 31/1/31 
f 31/1/31 26/1/26 29/1/29 
f 26/1/26 31/1/31 32/1/32 
f 32/1/32 33/1/33 26/1/26 
f 33/1/33 34/1/34 27/1/27 
f 27/1/27 26/1/26 33/1/33 
f 35/1/35 36/1/36 37/1/37 
f 37/1/37 38/1/38 35/1/35 
f 38/1/38 28/1/28 27/1/27 
f 27/1/27 35/1/35 38/1/38 
f 35/1/35 27/1/27 34/1/34 
f 34/1/34 39/1/39 35/1/35 
f 39/1/39 40/1/40 36/1/36 
f 36/1/36 35/1/35 39/1/39 
f 41/1/41 42/1/42 23/1/23 
f 23/1/23 22/1/22 41/1/41 
f 22/1/22 18/1/18 43/1/43 
f 43/1/43 41/1/41 22/1/22 
f 41/1/41 43/1/43 40/1/40 
f 40/1/40 39/1/39 41/1/41 
f 39/1/39 34/1/34 42/1/42 
f 42/1/42 41/1/41 39/1/39 
f 44/1/44 45/1/45 46/1/46 
f 46/1/46 47/1/47 44/1/44 
f 47/1/47 48/1/48 49/1/49 
f 49/1/49 44/1/44 47/1/47 
f 44/1/44 49/1/49 50/1/50 
f 51/1/51 52/1/52 45/1/45 
f 45/1/45 44/1/44 51/1/51 
f 53/1/53 54/1/54 55/1/55 
f 55/1/55 56/1/56 53/1/53 
f 56/1/56 57/1/57 58/1/58 
f 58/1/58 53/1/53 56/1/56 
f 53/1/53 58/1/58 59/1/59 
f 59/1/59 60/1/60 53/1/53 
f 60/1/60 61/1/61 54/1/54 
f 54/1/54 53/1/53 60/1/60 
f 62/1/62 63/1/63 64/1/64 
f 64/1/64 65/1/65 62/1/62 
f 66/1/66 62/1/62 65/1/65 
f 65/1/65 67/1/67 66/1/66 
f 68/1/68 62/1/62 66/1/66 
f 66/1/66 57/1/57 68/1/68 
f 68/1/68 69/1/69 63/1/63 
f 63/1/63 62/1/62 68/1/68 
f 70/1/70 71/1/71 72/1/72 
f 72/1/72 73/1/73 70/1/70 
f 73/1/73 59/1/59 58/1/58 
f 58/1/58 70/1/70 73/1/73 
f 70/1/70 58/1/58 57/1/57 
f 57/1/57 66/1/66 70/1/70 
f 66/1/66 67/1/67 71/1/71 
f 71/1/71 70/1/70 66/1/66 
f 74/1/74 75/1/75 76/1/76 
f 76/1/76 77/1/77 74/1/74 
f 77/1/77 78/1/78 79/1/79 
f 79/1/79 74/1/74 77/1/77 
f 74/1/74 79/1/79 61/1/61 
f 61/1/61 60/1/60 74/1/74 
f 60/1/60 59/1/59 75/1/75 
f 75/1/75 74/1/74 60/1/60 
f 80/1/80 81/1/81 82/1/82 
f 82/1/82 83/1/83 80/1/80 
f 83/1/83 84/1/84 85/1/85 
f 85/1/85 80/1/80 83/1/83 
f 80/1/80 85/1/85 86/1/86 
f 86/1/86 87/1/87 80/1/80 
f 87/1/87 88/1/88 81/1/81 
f 81/1/81 80/1/80 87/1/87 
f 89/1/89 90/1/90 21/1/21 
f 21/1/21 20/1/20 89/1/89 
f 20/1/20 14/1/14 91/1/91 
f 91/1/91 89/1/89 20/1/20 
f 89/1/89 91/1/91 92/1/92 
f 92/1/92 93/1/93 89/1/89 
f 93/1/93 94/1/94 90/1/90 
f 90/1/90 89/1/89 93/1/93 
f 95/1/95 96/1/96 97/1/97 
f 97/1/97 98/1/98 95/1/95 
f 98/1/98 94/1/94 93/1/93 
f 93/1/93 95/1/95 98/1/98 
f 95/1/95 93/1/93 92/1/92 
f 92/1/92 99/1/99 95/1/95 
f 99/1/99 100/1/100 96/1/96 
f 101/1/101 102/1/102 92/1/92 
f 92/1/92 91/1/91 101/1/101 
f 91/1/91 14/1/14 10/1/10 
f 10/1/10 101/1/101 91/1/91 
f 101/1/101 10/1/10 13/1/13 
f 13/1/13 103/1/103 101/1/101 
f 103/1/103 104/1/104 102/1/102 
f 102/1/102 101/1/101 103/1/103 
f 105/1/105 106/1/106 100/1/100 
f 102/1/102 105/1/105 99/1/99 
f 99/1/99 92/1/92 102/1/102 
f 105/1/105 102/1/102 104/1/104 
f 104/1/104 107/1/107 105/1/105 
f 107/1/107 108/1/108 106/1/106 
f 106/1/106 105/1/105 107/1/107 
f 109/1/109 43/1/43 18/1/18 
f 18/1/18 17/1/17 109/1/109 
f 17/1/17 21/1/21 110/1/110 
f 109/1/109 110/1/110 111/1/111 
f 111/1/111 112/1/112 109/1/109 
f 112/1/112 40/1/40 43/1/43 
f 43/1/43 109/1/109 112/1/112 
f 113/1/113 110/1/110 21/1/21 
f 21/1/21 90/1/90 113/1/113 
f 90/1/90 94/1/94 114/1/114 
f 114/1/114 113/1/113 90/1/90 
f 113/1/113 114/1/114 115/1/115 
f 115/1/115 116/1/116 113/1/113 
f 116/1/116 111/1/111 110/1/110 
f 110/1/110 113/1/113 116/1/116 
f 117/1/117 114/1/114 94/1/94 
f 98/1/98 97/1/97 118/1/118 
f 117/1/117 118/1/118 119/1/119 
f 119/1/119 120/1/120 117/1/117 
f 120/1/120 115/1/115 114/1/114 
f 114/1/114 117/1/117 120/1/120 
f 121/1/121 36/1/36 40/1/40 
f 40/1/40 112/1/112 121/1/121 
f 112/1/112 111/1/111 122/1/122 
f 122/1/122 121/1/121 112/1/112 
f 121/1/121 122/1/122 123/1/123 
f 123/1/123 124/1/124 121/1/121 
f 124/1/124 37/1/37 36/1/36 
f 36/1/36 121/1/121 124/1/124 
f 125/1/125 126/1/126 127/1/127 
f 127/1/127 128/1/128 125/1/125 
f 129/1/129 125/1/125 128/1/128 
f 128/1/128 130/1/130 129/1/129 
f 125/1/125 129/1/129 131/1/131 
f 131/1/131 132/1/132 125/1/125 
f 132/1/132 133/1/133 126/1/126 
f 126/1/126 125/1/125 132/1/132 
f 134/1/134 135/1/135 136/1/136 
f 137/1/137 136/1/136 138/1/138 
f 138/1/138 139/1/139 137/1/137 
f 132/1/132 137/1/137 139/1/139 
f 139/1/139 133/1/133 132/1/132 
f 132/1/132 131/1/131 134/1/134 
f 134/1/134 137/1/137 132/1/132 
f 140/1/140 141/1/141 142/1/142 
f 143/1/143 127/1/127 144/1/144 
f 144/1/144 140/1/140 143/1/143 
f 140/1/140 144/1/144 145/1/145 
f 145/1/145 146/1/146 140/1/140 
f 146/1/146 147/1/147 141/1/141 
f 141/1/141 140/1/140 146/1/146 
f 148/1/148 72/1/72 71/1/71 
f 71/1/71 149/1/149 148/1/148 
f 71/1/71 67/1/67 150/1/150 
f 150/1/150 149/1/149 71/1/71 
f 149/1/149 150/1/150 151/1/151 
f 152/1/152 153/1/153 148/1/148 
f 154/1/154 155/1/155 156/1/156 
f 156/1/156 157/1/157 154/1/154 
f 154/1/154 157/1/157 158/1/158 
f 158/1/158 159/1/159 154/1/154 
f 159/1/159 160/1/160 161/1/161 
f 161/1/161 154/1/154 159/1/159 
f 161/1/161 162/1/162 155/1/155 
f 155/1/155 154/1/154 161/1/161 
f 163/1/163 164/1/164 162/1/162 
f 162/1/162 161/1/161 163/1/163 
f 161/1/161 160/1/160 165/1/165 
f 165/1/165 163/1/163 161/1/161 
f 163/1/163 165/1/165 166/1/166 
f 166/1/166 167/1/167 163/1/163 
f 167/1/167 168/1/168 164/1/164 
f 164/1/164 163/1/163 167/1/167 
f 169/1/169 170/1/170 171/1/171 
f 171/1/171 172/1/172 169/1/169 
f 172/1/172 173/1/173 174/1/174 
f 174/1/174 169/1/169 172/1/172 
f 169/1/169 174/1/174 175/1/175 
f 175/1/175 176/1/176 169/1/169 
f 176/1/176 177/1/177 170/1/170 
f 170/1/170 169/1/169 176/1/176 
f 178/1/178 179/1/179 180/1/180 
f 180/1/180 181/1/181 178/1/178 
f 181/1/181 182/1/182 183/1/183 
f 183/1/183 178/1/178 181/1/181 
f 178/1/178 183/1/183 173/1/173 
f 173/1/173 172/1/172 178/1/178 
f 172/1/172 171/1/171 179/1/179 
f 179/1/179 178/1/178 172/1/172 
f 184/1/184 185/1/185 186/1/186 
f 186/1/186 187/1/187 184/1/184 
f 181/1/181 185/1/185 184/1/184 
f 184/1/184 182/1/182 181/1/181 
f 181/1/181 180/1/180 188/1/188 
f 188/1/188 185/1/185 181/1/181 
f 185/1/185 188/1/188 189/1/189 
f 189/1/189 186/1/186 185/1/185 
f 190/1/190 191/1/191 153/1/153 
f 153/1/153 152/1/152 190/1/190 
f 152/1/152 151/1/151 192/1/192 
f 192/1/192 190/1/190 152/1/152 
f 190/1/190 192/1/192 193/1/193 
f 193/1/193 194/1/194 190/1/190 
f 194/1/194 195/1/195 191/1/191 
f 191/1/191 190/1/190 194/1/194 
f 196/1/196 197/1/197 198/1/198 
f 198/1/198 199/1/199 196/1/196 
f 199/1/199 200/1/200 201/1/201 
f 201/1/201 196/1/196 199/1/199 
f 196/1/196 201/1/201 195/1/195 
f 195/1/195 194/1/194 196/1/196 
f 194/1/194 193/1/193 197/1/197 
f 197/1/197 196/1/196 194/1/194 
f 202/1/202 203/1/203 204/1/204 
f 204/1/204 205/1/205 202/1/202 
f 205/1/205 82/1/82 81/1/81 
f 81/1/81 202/1/202 205/1/205 
f 202/1/202 81/1/81 88/1/88 
f 88/1/88 206/1/206 202/1/202 
f 206/1/206 207/1/207 203/1/203 
f 203/1/203 202/1/202 206/1/206 
f 208/1/208 209/1/209 207/1/207 
f 207/1/207 206/1/206 208/1/208 
f 206/1/206 88/1/88 210/1/210 
f 210/1/210 208/1/208 206/1/206 
f 208/1/208 210/1/210 211/1/211 
f 211/1/211 212/1/212 208/1/208 
f 212/1/212 213/1/213 209/1/209 
f 209/1/209 208/1/208 212/1/212 
f 214/1/214 215/1/215 213/1/213 
f 213/1/213 212/1/212 214/1/214 
f 212/1/212 211/1/211 216/1/216 
f 216/1/216 214/1/214 212/1/212 
f 214/1/214 216/1/216 217/1/217 
f 217/1/217 218/1/218 214/1/214 
f 218/1/218 219/1/219 215/1/215 
f 215/1/215 214/1/214 218/1/218 
f 220/1/220 221/1/221 219/1/219 
f 219/1/219 218/1/218 220/1/220 
f 218/1/218 217/1/217 222/1/222 
f 222/1/222 220/1/220 218/1/218 
f 220/1/220 222/1/222 223/1/223 
f 223/1/223 224/1/224 220/1/220 
f 224/1/224 225/1/225 221/1/221 
f 221/1/221 220/1/220 224/1/224 
f 226/1/226 227/1/227 228/1/228 
f 229/1/229 230/1/230 231/1/231 
f 231/1/231 232/1/232 233/1/233 
f 233/1/233 226/1/226 231/1/231 
f 234/1/234 227/1/227 226/1/226 
f 235/1/235 236/1/236 237/1/237 
f 237/1/237 238/1/238 235/1/235 
f 238/1/238 239/1/239 240/1/240 
f 240/1/240 235/1/235 238/1/238 
f 235/1/235 240/1/240 241/1/241 
f 241/1/241 242/1/242 235/1/235 
f 242/1/242 243/1/243 236/1/236 
f 236/1/236 235/1/235 242/1/242 
f 244/1/244 245/1/245 246/1/246 
f 246/1/246 247/1/247 244/1/244 
f 247/1/247 248/1/248 249/1/249 
f 249/1/249 244/1/244 247/1/247 
f 244/1/244 249/1/249 250/1/250 
f 250/1/250 251/1/251 244/1/244 
f 251/1/251 252/1/252 245/1/245 
f 245/1/245 244/1/244 251/1/251 
f 253/1/253 254/1/254 255/1/255 
f 255/1/255 256/1/256 253/1/253 
f 256/1/256 257/1/257 258/1/258 
f 258/1/258 253/1/253 256/1/256 
f 253/1/253 258/1/258 259/1/259 
f 259/1/259 260/1/260 253/1/253 
f 260/1/260 261/1/261 254/1/254 
f 254/1/254 253/1/253 260/1/260 
f 262/1/262 263/1/263 264/1/264 
f 264/1/264 265/1/265 262/1/262 
f 265/1/265 246/1/246 245/1/245 
f 245/1/245 262/1/262 265/1/265 
f 262/1/262 245/1/245 252/1/252 
f 252/1/252 266/1/266 262/1/262 
f 266/1/266 267/1/267 263/1/263 
f 263/1/263 262/1/262 266/1/266 
f 268/1/268 269/1/269 270/1/270 
f 270/1/270 271/1/271 268/1/268 
f 271/1/271 138/1/138 272/1/272 
f 272/1/272 268/1/268 271/1/271 
f 272/1/272 273/1/273 274/1/274 
f 274/1/274 268/1/268 272/1/272 
f 274/1/274 275/1/275 269/1/269 
f 269/1/269 268/1/268 274/1/274 
f 276/1/276 277/1/277 168/1/168 
f 168/1/168 167/1/167 276/1/276 
f 167/1/167 166/1/166 278/1/278 
f 278/1/278 276/1/276 167/1/167 
f 278/1/278 279/1/279 280/1/280 
f 280/1/280 276/1/276 278/1/278 
f 280/1/280 281/1/281 277/1/277 
f 277/1/277 276/1/276 280/1/280 
f 282/1/282 283/1/283 284/1/284 
f 284/1/284 285/1/285 282/1/282 
f 285/1/285 200/1/200 199/1/199 
f 282/1/282 199/1/199 198/1/198 
f 286/1/286 287/1/287 283/1/283 
f 283/1/283 282/1/282 286/1/286 
f 288/1/288 289/1/289 290/1/290 
f 290/1/290 291/1/291 288/1/288 
f 291/1/291 292/1/292 293/1/293 
f 293/1/293 288/1/288 291/1/291 
f 288/1/288 293/1/293 248/1/248 
f 248/1/248 247/1/247 288/1/288 
f 247/1/247 246/1/246 289/1/289 
f 289/1/289 288/1/288 247/1/247 
f 294/1/294 295/1/295 296/1/296 
f 296/1/296 297/1/297 294/1/294 
f 297/1/297 100/1/100 106/1/106 
f 106/1/106 294/1/294 297/1/297 
f 294/1/294 106/1/106 108/1/108 
f 108/1/108 298/1/298 294/1/294 
f 298/1/298 299/1/299 295/1/295 
f 295/1/295 294/1/294 298/1/298 
f 300/1/300 203/1/203 207/1/207 
f 207/1/207 301/1/301 300/1/300 
f 301/1/301 296/1/296 295/1/295 
f 295/1/295 300/1/300 301/1/301 
f 300/1/300 295/1/295 299/1/299 
f 299/1/299 302/1/302 300/1/300 
f 302/1/302 204/1/204 203/1/203 
f 203/1/203 300/1/300 302/1/302 
f 303/1/303 304/1/304 305/1/305 
f 305/1/305 306/1/306 303/1/303 
f 306/1/306 97/1/97 96/1/96 
f 96/1/96 303/1/303 306/1/306 
f 303/1/303 96/1/96 100/1/100 
f 100/1/100 297/1/297 303/1/303 
f 297/1/297 296/1/296 304/1/304 
f 304/1/304 303/1/303 297/1/297 
f 307/1/307 209/1/209 213/1/213 
f 213/1/213 308/1/308 307/1/307 
f 308/1/308 305/1/305 304/1/304 
f 304/1/304 307/1/307 308/1/308 
f 307/1/307 304/1/304 296/1/296 
f 296/1/296 301/1/301 307/1/307 
f 301/1/301 207/1/207 209/1/209 
f 209/1/209 307/1/307 301/1/301 
f 309/1/309 310/1/310 311/1/311 
f 312/1/312 119/1/119 118/1/118 
f 118/1/118 309/1/309 312/1/312 
f 309/1/309 118/1/118 97/1/97 
f 97/1/97 306/1/306 309/1/309 
f 306/1/306 305/1/305 310/1/310 
f 310/1/310 309/1/309 306/1/306 
f 313/1/313 215/1/215 219/1/219 
f 219/1/219 314/1/314 313/1/313 
f 314/1/314 311/1/311 310/1/310 
f 310/1/310 313/1/313 314/1/314 
f 313/1/313 310/1/310 305/1/305 
f 305/1/305 308/1/308 313/1/313 
f 308/1/308 213/1/213 215/1/215 
f 215/1/215 313/1/313 308/1/308 
f 315/1/315 316/1/316 317/1/317 
f 317/1/317 318/1/318 315/1/315 
f 318/1/318 319/1/319 320/1/320 
f 320/1/320 315/1/315 318/1/318 
f 315/1/315 320/1/320 119/1/119 
f 119/1/119 312/1/312 315/1/315 
f 312/1/312 311/1/311 316/1/316 
f 316/1/316 315/1/315 312/1/312 
f 321/1/321 221/1/221 225/1/225 
f 225/1/225 322/1/322 321/1/321 
f 322/1/322 317/1/317 316/1/316 
f 316/1/316 321/1/321 322/1/322 
f 321/1/321 316/1/316 311/1/311 
f 311/1/311 314/1/314 321/1/321 
f 314/1/314 219/1/219 221/1/221 
f 221/1/221 321/1/321 314/1/314 
f 323/1/323 324/1/324 325/1/325 
f 325/1/325 326/1/326 323/1/323 
f 326/1/326 275/1/275 274/1/274 
f 274/1/274 323/1/323 326/1/326 
f 323/1/323 274/1/274 273/1/273 
f 273/1/273 327/1/327 323/1/323 
f 327/1/327 328/1/328 324/1/324 
f 324/1/324 323/1/323 327/1/327 
f 329/1/329 233/1/233 232/1/232 
f 232/1/232 330/1/330 329/1/329 
f 330/1/330 325/1/325 324/1/324 
f 324/1/324 329/1/329 330/1/330 
f 329/1/329 324/1/324 328/1/328 
f 328/1/328 331/1/331 329/1/329 
f 331/1/331 234/1/234 233/1/233 
f 332/1/332 333/1/333 187/1/187 
f 187/1/187 186/1/186 332/1/332 
f 186/1/186 189/1/189 334/1/334 
f 334/1/334 332/1/332 186/1/186 
f 332/1/332 334/1/334 335/1/335 
f 335/1/335 336/1/336 332/1/332 
f 336/1/336 337/1/337 333/1/333 
f 333/1/333 332/1/332 336/1/336 
f 338/1/338 237/1/237 236/1/236 
f 236/1/236 339/1/339 338/1/338 
f 236/1/236 243/1/243 340/1/340 
f 340/1/340 339/1/339 236/1/236 
f 339/1/339 340/1/340 337/1/337 
f 337/1/337 336/1/336 339/1/339 
f 336/1/336 335/1/335 338/1/338 
f 338/1/338 339/1/339 336/1/336 
f 341/1/341 342/1/342 284/1/284 
f 283/1/283 287/1/287 343/1/343 
f 343/1/343 341/1/341 283/1/283 
f 341/1/341 343/1/343 292/1/292 
f 292/1/292 291/1/291 341/1/341 
f 291/1/291 290/1/290 342/1/342 
f 342/1/342 341/1/341 291/1/291 
f 344/1/344 289/1/289 246/1/246 
f 246/1/246 265/1/265 344/1/344 
f 265/1/265 264/1/264 345/1/345 
f 345/1/345 344/1/344 265/1/265 
f 344/1/344 345/1/345 346/1/346 
f 346/1/346 347/1/347 344/1/344 
f 347/1/347 290/1/290 289/1/289 
f 289/1/289 344/1/344 347/1/347 
f 348/1/348 349/1/349 350/1/350 
f 350/1/350 351/1/351 348/1/348 
f 351/1/351 352/1/352 353/1/353 
f 353/1/353 348/1/348 351/1/351 
f 348/1/348 353/1/353 354/1/354 
f 354/1/354 355/1/355 348/1/348 
f 355/1/355 356/1/356 349/1/349 
f 349/1/349 348/1/348 355/1/355 
f 357/1/357 358/1/358 359/1/359 
f 359/1/359 360/1/360 357/1/357 
f 360/1/360 359/1/359 361/1/361 
f 361/1/361 362/1/362 360/1/360 
f 363/1/363 364/1/364 365/1/365 
f 365/1/365 366/1/366 363/1/363 
f 367/1/367 368/1/368 364/1/364 
f 364/1/364 363/1/363 367/1/367 
f 369/1/369 370/1/370 352/1/352 
f 352/1/352 351/1/351 369/1/369 
f 351/1/351 350/1/350 371/1/371 
f 371/1/371 369/1/369 351/1/351 
f 369/1/369 371/1/371 372/1/372 
f 372/1/372 373/1/373 369/1/369 
f 373/1/373 374/1/374 370/1/370 
f 370/1/370 369/1/369 373/1/373 
f 375/1/375 353/1/353 352/1/352 
f 352/1/352 376/1/376 375/1/375 
f 376/1/376 377/1/377 378/1/378 
f 378/1/378 375/1/375 376/1/376 
f 375/1/375 378/1/378 379/1/379 
f 379/1/379 380/1/380 375/1/375 
f 380/1/380 354/1/354 353/1/353 
f 353/1/353 375/1/375 380/1/380 
f 381/1/381 382/1/382 361/1/361 
f 383/1/383 354/1/354 380/1/380 
f 380/1/380 381/1/381 383/1/383 
f 381/1/381 380/1/380 379/1/379 
f 379/1/379 384/1/384 381/1/381 
f 384/1/384 385/1/385 382/1/382 
f 382/1/382 381/1/381 384/1/384 
f 362/1/362 361/1/361 382/1/382 
f 382/1/382 386/1/386 362/1/362 
f 386/1/386 382/1/382 385/1/385 
f 387/1/387 388/1/388 389/1/389 
f 389/1/389 386/1/386 387/1/387 
f 390/1/390 391/1/391 368/1/368 
f 368/1/368 367/1/367 390/1/390 
f 390/1/390 389/1/389 388/1/388 
f 388/1/388 392/1/392 390/1/390 
f 392/1/392 393/1/393 391/1/391 
f 391/1/391 390/1/390 392/1/392 
f 394/1/394 395/1/395 368/1/368 
f 368/1/368 391/1/391 394/1/394 
f 391/1/391 393/1/393 396/1/396 
f 396/1/396 394/1/394 391/1/391 
f 394/1/394 396/1/396 397/1/397 
f 397/1/397 398/1/398 394/1/394 
f 398/1/398 374/1/374 395/1/395 
f 395/1/395 394/1/394 398/1/398 
f 399/1/399 400/1/400 377/1/377 
f 377/1/377 376/1/376 399/1/399 
f 376/1/376 352/1/352 370/1/370 
f 370/1/370 399/1/399 376/1/376 
f 399/1/399 370/1/370 374/1/374 
f 374/1/374 398/1/398 399/1/399 
f 398/1/398 397/1/397 400/1/400 
f 401/1/401 378/1/378 377/1/377 
f 377/1/377 402/1/402 401/1/401 
f 402/1/402 403/1/403 404/1/404 
f 404/1/404 401/1/401 402/1/402 
f 401/1/401 404/1/404 405/1/405 
f 405/1/405 406/1/406 401/1/401 
f 406/1/406 379/1/379 378/1/378 
f 378/1/378 401/1/401 406/1/406 
f 407/1/407 384/1/384 379/1/379 
f 379/1/379 406/1/406 407/1/407 
f 406/1/406 405/1/405 408/1/408 
f 408/1/408 407/1/407 406/1/406 
f 407/1/407 408/1/408 409/1/409 
f 409/1/409 410/1/410 407/1/407 
f 384/1/384 407/1/407 410/1/410 
f 410/1/410 385/1/385 384/1/384 
f 411/1/411 412/1/412 388/1/388 
f 388/1/388 387/1/387 411/1/411 
f 387/1/387 385/1/385 410/1/410 
f 410/1/410 411/1/411 387/1/387 
f 411/1/411 410/1/410 409/1/409 
f 409/1/409 413/1/413 411/1/411 
f 413/1/413 414/1/414 412/1/412 
f 412/1/412 411/1/411 413/1/413 
f 415/1/415 416/1/416 393/1/393 
f 393/1/393 392/1/392 415/1/415 
f 392/1/392 388/1/388 412/1/412 
f 412/1/412 415/1/415 392/1/392 
f 415/1/415 412/1/412 414/1/414 
f 414/1/414 417/1/417 415/1/415 
f 417/1/417 418/1/418 416/1/416 
f 416/1/416 415/1/415 417/1/417 
f 419/1/419 397/1/397 396/1/396 
f 396/1/396 420/1/420 419/1/419 
f 396/1/396 393/1/393 416/1/416 
f 416/1/416 420/1/420 396/1/396 
f 420/1/420 416/1/416 418/1/418 
f 418/1/418 421/1/421 420/1/420 
f 419/1/419 420/1/420 421/1/421 
f 421/1/421 422/1/422 419/1/419 
f 423/1/423 424/1/424 403/1/403 
f 403/1/403 402/1/402 423/1/423 
f 402/1/402 377/1/377 400/1/400 
f 400/1/400 423/1/423 402/1/402 
f 423/1/423 400/1/400 397/1/397 
f 419/1/419 422/1/422 424/1/424 
f 424/1/424 423/1/423 419/1/419 
f 425/1/425 426/1/426 427/1/427 
f 427/1/427 428/1/428 425/1/425 
f 428/1/428 429/1/429 430/1/430 
f 430/1/430 425/1/425 428/1/428 
f 425/1/425 430/1/430 431/1/431 
f 431/1/431 432/1/432 425/1/425 
f 432/1/432 433/1/433 426/1/426 
f 426/1/426 425/1/425 432/1/432 
f 434/1/434 435/1/435 436/1/436 
f 437/1/437 438/1/438 439/1/439 
f 439/1/439 434/1/434 437/1/437 
f 434/1/434 439/1/439 427/1/427 
f 427/1/427 440/1/440 434/1/434 
f 440/1/440 441/1/441 435/1/435 
f 435/1/435 434/1/434 440/1/440 
f 442/1/442 443/1/443 444/1/444 
f 444/1/444 445/1/445 442/1/442 
f 445/1/445 436/1/436 435/1/435 
f 435/1/435 442/1/442 445/1/445 
f 442/1/442 435/1/435 441/1/441 
f 441/1/441 446/1/446 442/1/442 
f 447/1/447 443/1/443 442/1/442 
f 448/1/448 449/1/449 444/1/444 
f 444/1/444 443/1/443 448/1/448 
f 443/1/443 447/1/447 450/1/450 
f 450/1/450 448/1/448 443/1/443 
f 448/1/448 450/1/450 451/1/451 
f 451/1/451 452/1/452 448/1/448 
f 452/1/452 453/1/453 449/1/449 
f 449/1/449 448/1/448 452/1/452 
f 454/1/454 455/1/455 453/1/453 
f 453/1/453 452/1/452 454/1/454 
f 452/1/452 451/1/451 456/1/456 
f 456/1/456 454/1/454 452/1/452 
f 454/1/454 456/1/456 457/1/457 
f 457/1/457 458/1/458 454/1/454 
f 458/1/458 459/1/459 455/1/455 
f 455/1/455 454/1/454 458/1/458 
f 460/1/460 461/1/461 462/1/462 
f 458/1/458 460/1/460 463/1/463 
f 463/1/463 459/1/459 458/1/458 
f 458/1/458 457/1/457 464/1/464 
f 464/1/464 460/1/460 458/1/458 
f 464/1/464 429/1/429 461/1/461 
f 461/1/461 460/1/460 464/1/464 
f 465/1/465 461/1/461 429/1/429 
f 429/1/429 428/1/428 465/1/465 
f 428/1/428 427/1/427 439/1/439 
f 439/1/439 465/1/465 428/1/428 
f 438/1/438 466/1/466 465/1/465 
f 465/1/465 466/1/466 462/1/462 
f 462/1/462 461/1/461 465/1/465 
f 467/1/467 408/1/408 405/1/405 
f 405/1/405 468/1/468 467/1/467 
f 468/1/468 469/1/469 470/1/470 
f 470/1/470 467/1/467 468/1/468 
f 470/1/470 471/1/471 472/1/472 
f 472/1/472 467/1/467 470/1/470 
f 472/1/472 409/1/409 408/1/408 
f 408/1/408 467/1/467 472/1/472 
f 473/1/473 472/1/472 471/1/471 
f 471/1/471 474/1/474 473/1/473 
f 474/1/474 475/1/475 476/1/476 
f 476/1/476 473/1/473 474/1/474 
f 473/1/473 476/1/476 414/1/414 
f 414/1/414 413/1/413 473/1/473 
f 413/1/413 409/1/409 472/1/472 
f 472/1/472 473/1/473 413/1/413 
f 477/1/477 478/1/478 418/1/418 
f 418/1/418 417/1/417 477/1/477 
f 417/1/417 414/1/414 476/1/476 
f 476/1/476 477/1/477 417/1/417 
f 477/1/477 476/1/476 475/1/475 
f 475/1/475 479/1/479 477/1/477 
f 479/1/479 480/1/480 478/1/478 
f 478/1/478 477/1/477 479/1/479 
f 481/1/481 482/1/482 422/1/422 
f 422/1/422 421/1/421 481/1/481 
f 421/1/421 418/1/418 478/1/478 
f 478/1/478 481/1/481 421/1/421 
f 481/1/481 478/1/478 480/1/480 
f 480/1/480 483/1/483 481/1/481 
f 483/1/483 484/1/484 482/1/482 
f 482/1/482 481/1/481 483/1/483 
f 485/1/485 424/1/424 422/1/422 
f 422/1/422 482/1/482 485/1/485 
f 486/1/486 485/1/485 482/1/482 
f 482/1/482 484/1/484 486/1/486 
f 485/1/485 486/1/486 487/1/487 
f 487/1/487 488/1/488 485/1/485 
f 488/1/488 403/1/403 424/1/424 
f 424/1/424 485/1/485 488/1/488 
f 489/1/489 490/1/490 469/1/469 
f 469/1/469 468/1/468 489/1/489 
f 468/1/468 405/1/405 404/1/404 
f 404/1/404 489/1/489 468/1/468 
f 489/1/489 404/1/404 403/1/403 
f 403/1/403 488/1/488 489/1/489 
f 488/1/488 487/1/487 490/1/490 
f 490/1/490 489/1/489 488/1/488 
f 491/1/491 492/1/492 471/1/471 
f 471/1/471 470/1/470 491/1/491 
f 470/1/470 469/1/469 493/1/493 
f 493/1/493 491/1/491 470/1/470 
f 491/1/491 493/1/493 494/1/494 
f 495/1/495 496/1/496 492/1/492 
f 492/1/492 491/1/491 495/1/495 
f 497/1/497 498/1/498 436/1/436 
f 436/1/436 445/1/445 497/1/497 
f 445/1/445 444/1/444 499/1/499 
f 499/1/499 497/1/497 445/1/445 
f 497/1/497 499/1/499 500/1/500 
f 500/1/500 501/1/501 497/1/497 
f 501/1/501 502/1/502 498/1/498 
f 498/1/498 497/1/497 501/1/501 
f 503/1/503 504/1/504 505/1/505 
f 505/1/505 506/1/506 503/1/503 
f 506/1/506 496/1/496 507/1/507 
f 503/1/503 507/1/507 500/1/500 
f 508/1/508 509/1/509 504/1/504 
f 510/1/510 511/1/511 475/1/475 
f 475/1/475 474/1/474 510/1/510 
f 474/1/474 471/1/471 492/1/492 
f 492/1/492 510/1/510 474/1/474 
f 510/1/510 492/1/492 496/1/496 
f 496/1/496 506/1/506 510/1/510 
f 506/1/506 505/1/505 511/1/511 
f 511/1/511 510/1/510 506/1/506 
f 508/1/508 500/1/500 499/1/499 
f 499/1/499 512/1/512 508/1/508 
f 512/1/512 499/1/499 444/1/444 
f 444/1/444 449/1/449 512/1/512 
f 449/1/449 453/1/453 513/1/513 
f 513/1/513 512/1/512 449/1/449 
f 513/1/513 509/1/509 508/1/508 
f 508/1/508 512/1/512 513/1/513 
f 514/1/514 515/1/515 480/1/480 
f 480/1/480 479/1/479 514/1/514 
f 479/1/479 475/1/475 511/1/511 
f 511/1/511 514/1/514 479/1/479 
f 514/1/514 511/1/511 505/1/505 
f 505/1/505 516/1/516 514/1/514 
f 516/1/516 517/1/517 515/1/515 
f 515/1/515 514/1/514 516/1/516 
f 518/1/518 519/1/519 484/1/484 
f 484/1/484 483/1/483 518/1/518 
f 483/1/483 480/1/480 515/1/515 
f 515/1/515 518/1/518 483/1/483 
f 518/1/518 515/1/515 517/1/517 
f 517/1/517 520/1/520 518/1/518 
f 520/1/520 521/1/521 519/1/519 
f 519/1/519 518/1/518 520/1/520 
f 522/1/522 502/1/502 501/1/501 
f 523/1/523 501/1/501 500/1/500 
f 500/1/500 507/1/507 523/1/523 
f 523/1/523 507/1/507 496/1/496 
f 495/1/495 494/1/494 522/1/522 
f 524/1/524 525/1/525 526/1/526 
f 526/1/526 527/1/527 524/1/524 
f 527/1/527 509/1/509 513/1/513 
f 513/1/513 524/1/524 527/1/527 
f 524/1/524 513/1/513 453/1/453 
f 453/1/453 455/1/455 524/1/524 
f 455/1/455 459/1/459 525/1/525 
f 525/1/525 524/1/524 455/1/455 
f 528/1/528 529/1/529 530/1/530 
f 531/1/531 532/1/532 533/1/533 
f 533/1/533 528/1/528 531/1/531 
f 528/1/528 533/1/533 526/1/526 
f 526/1/526 534/1/534 528/1/528 
f 534/1/534 535/1/535 529/1/529 
f 536/1/536 537/1/537 535/1/535 
f 534/1/534 526/1/526 525/1/525 
f 525/1/525 536/1/536 534/1/534 
f 463/1/463 536/1/536 525/1/525 
f 525/1/525 459/1/459 463/1/463 
f 463/1/463 462/1/462 537/1/537 
f 538/1/538 535/1/535 537/1/537 
f 537/1/537 539/1/539 538/1/538 
f 537/1/537 462/1/462 466/1/466 
f 539/1/539 466/1/466 438/1/438 
f 438/1/438 540/1/540 539/1/539 
f 540/1/540 541/1/541 538/1/538 
f 542/1/542 540/1/540 438/1/438 
f 438/1/438 437/1/437 542/1/542 
f 437/1/437 436/1/436 498/1/498 
f 542/1/542 498/1/498 502/1/502 
f 502/1/502 543/1/543 542/1/542 
f 543/1/543 541/1/541 540/1/540 
f 540/1/540 542/1/542 543/1/543 
f 544/1/544 545/1/545 541/1/541 
f 543/1/543 502/1/502 546/1/546 
f 546/1/546 544/1/544 543/1/543 
f 544/1/544 546/1/546 547/1/547 
f 547/1/547 548/1/548 544/1/544 
f 548/1/548 549/1/549 545/1/545 
f 545/1/545 544/1/544 548/1/548 
f 550/1/550 551/1/551 549/1/549 
f 549/1/549 548/1/548 550/1/550 
f 548/1/548 547/1/547 552/1/552 
f 552/1/552 550/1/550 548/1/548 
f 550/1/550 552/1/552 553/1/553 
f 553/1/553 554/1/554 550/1/550 
f 554/1/554 555/1/555 551/1/551 
f 551/1/551 550/1/550 554/1/554 
f 556/1/556 557/1/557 558/1/558 
f 556/1/556 559/1/559 560/1/560 
f 556/1/556 561/1/561 562/1/562 
f 562/1/562 557/1/557 556/1/556 
f 563/1/563 557/1/557 562/1/562 
f 562/1/562 564/1/564 563/1/563 
f 564/1/564 549/1/549 551/1/551 
f 551/1/551 563/1/563 564/1/564 
f 563/1/563 551/1/551 555/1/555 
f 555/1/555 565/1/565 563/1/563 
f 565/1/565 558/1/558 557/1/557 
f 557/1/557 563/1/563 565/1/565 
f 566/1/566 567/1/567 568/1/568 
f 568/1/568 569/1/569 566/1/566 
f 569/1/569 570/1/570 571/1/571 
f 566/1/566 571/1/571 572/1/572 
f 573/1/573 574/1/574 567/1/567 
f 567/1/567 566/1/566 573/1/573 
f 575/1/575 576/1/576 577/1/577 
f 577/1/577 578/1/578 575/1/575 
f 577/1/577 560/1/560 579/1/579 
f 579/1/579 568/1/568 567/1/567 
f 567/1/567 578/1/578 579/1/579 
f 578/1/578 567/1/567 574/1/574 
f 574/1/574 575/1/575 578/1/578 
f 580/1/580 581/1/581 576/1/576 
f 576/1/576 575/1/575 580/1/580 
f 575/1/575 574/1/574 582/1/582 
f 582/1/582 580/1/580 575/1/575 
f 580/1/580 582/1/582 583/1/583 
f 583/1/583 584/1/584 580/1/580 
f 584/1/584 585/1/585 581/1/581 
f 581/1/581 580/1/580 584/1/584 
f 586/1/586 587/1/587 588/1/588 
f 588/1/588 589/1/589 586/1/586 
f 589/1/589 590/1/590 591/1/591 
f 591/1/591 586/1/586 589/1/589 
f 529/1/529 586/1/586 591/1/591 
f 591/1/591 530/1/530 529/1/529 
f 529/1/529 535/1/535 587/1/587 
f 592/1/592 593/1/593 594/1/594 
f 595/1/595 588/1/588 587/1/587 
f 587/1/587 592/1/592 595/1/595 
f 592/1/592 587/1/587 535/1/535 
f 535/1/535 538/1/538 592/1/592 
f 538/1/538 541/1/541 593/1/593 
f 593/1/593 592/1/592 538/1/538 
f 595/1/595 594/1/594 596/1/596 
f 596/1/596 597/1/597 595/1/595 
f 598/1/598 597/1/597 596/1/596 
f 596/1/596 599/1/599 598/1/598 
f 597/1/597 598/1/598 588/1/588 
f 588/1/588 595/1/595 597/1/597 
f 600/1/600 601/1/601 594/1/594 
f 593/1/593 541/1/541 545/1/545 
f 545/1/545 600/1/600 593/1/593 
f 600/1/600 545/1/545 549/1/549 
f 549/1/549 564/1/564 600/1/600 
f 564/1/564 562/1/562 601/1/601 
f 601/1/601 600/1/600 564/1/564 
f 602/1/602 601/1/601 562/1/562 
f 561/1/561 560/1/560 603/1/603 
f 603/1/603 604/1/604 605/1/605 
f 605/1/605 594/1/594 601/1/601 
f 601/1/601 602/1/602 605/1/605 
f 605/1/605 604/1/604 606/1/606 
f 606/1/606 607/1/607 605/1/605 
f 606/1/606 608/1/608 609/1/609 
f 609/1/609 607/1/607 606/1/606 
f 607/1/607 609/1/609 599/1/599 
f 599/1/599 596/1/596 607/1/607 
f 596/1/596 594/1/594 605/1/605 
f 605/1/605 607/1/607 596/1/596 
f 610/1/610 611/1/611 604/1/604 
f 604/1/604 603/1/603 610/1/610 
f 603/1/603 560/1/560 577/1/577 
f 577/1/577 610/1/610 603/1/603 
f 610/1/610 577/1/577 576/1/576 
f 576/1/576 612/1/612 610/1/610 
f 612/1/612 613/1/613 611/1/611 
f 611/1/611 610/1/610 612/1/612 
f 614/1/614 615/1/615 616/1/616 
f 616/1/616 617/1/617 614/1/614 
f 617/1/617 604/1/604 611/1/611 
f 611/1/611 614/1/614 617/1/617 
f 614/1/614 611/1/611 613/1/613 
f 613/1/613 618/1/618 614/1/614 
f 618/1/618 619/1/619 615/1/615 
f 615/1/615 614/1/614 618/1/618 
f 620/1/620 621/1/621 622/1/622 
f 622/1/622 623/1/623 620/1/620 
f 623/1/623 585/1/585 624/1/624 
f 624/1/624 625/1/625 626/1/626 
f 626/1/626 620/1/620 624/1/624 
f 620/1/620 626/1/626 627/1/627 
f 627/1/627 621/1/621 620/1/620 
f 628/1/628 629/1/629 613/1/613 
f 612/1/612 576/1/576 581/1/581 
f 581/1/581 628/1/628 612/1/612 
f 628/1/628 581/1/581 585/1/585 
f 628/1/628 623/1/623 622/1/622 
f 622/1/622 629/1/629 628/1/628 
f 630/1/630 631/1/631 627/1/627 
f 627/1/627 626/1/626 630/1/630 
f 630/1/630 626/1/626 625/1/625 
f 625/1/625 632/1/632 630/1/630 
f 632/1/632 608/1/608 633/1/633 
f 633/1/633 630/1/630 632/1/632 
f 630/1/630 633/1/633 634/1/634 
f 634/1/634 631/1/631 630/1/630 
f 635/1/635 636/1/636 637/1/637 
f 637/1/637 638/1/638 635/1/635 
f 635/1/635 638/1/638 619/1/619 
f 619/1/619 618/1/618 635/1/635 
f 618/1/618 613/1/613 629/1/629 
f 629/1/629 622/1/622 636/1/636 
f 636/1/636 635/1/635 629/1/629 
f 639/1/639 633/1/633 608/1/608 
f 608/1/608 606/1/606 639/1/639 
f 606/1/606 604/1/604 617/1/617 
f 617/1/617 639/1/639 606/1/606 
f 639/1/639 617/1/617 616/1/616 
f 616/1/616 640/1/640 639/1/639 
f 640/1/640 634/1/634 633/1/633 
f 633/1/633 639/1/639 640/1/640 
f 641/1/641 642/1/642 634/1/634 
f 640/1/640 616/1/616 615/1/615 
f 641/1/641 615/1/615 619/1/619 
f 619/1/619 638/1/638 641/1/641 
f 638/1/638 637/1/637 642/1/642 
f 642/1/642 641/1/641 638/1/638 
f 643/1/643 642/1/642 637/1/637 
f 636/1/636 622/1/622 621/1/621 
f 643/1/643 621/1/621 627/1/627 
f 631/1/631 634/1/634 642/1/642 
f 644/1/644 645/1/645 646/1/646 
f 646/1/646 647/1/647 644/1/644 
f 647/1/647 76/1/76 75/1/75 
f 75/1/75 644/1/644 647/1/647 
f 644/1/644 75/1/75 59/1/59 
f 59/1/59 73/1/73 644/1/644 
f 73/1/73 72/1/72 645/1/645 
f 645/1/645 644/1/644 73/1/73 
f 648/1/648 645/1/645 72/1/72 
f 72/1/72 148/1/148 648/1/648 
f 148/1/148 153/1/153 649/1/649 
f 649/1/649 648/1/648 148/1/148 
f 648/1/648 649/1/649 650/1/650 
f 650/1/650 651/1/651 648/1/648 
f 651/1/651 646/1/646 645/1/645 
f 645/1/645 648/1/648 651/1/651 
f 652/1/652 653/1/653 646/1/646 
f 646/1/646 651/1/651 652/1/652 
f 651/1/651 650/1/650 654/1/654 
f 654/1/654 652/1/652 651/1/651 
f 652/1/652 654/1/654 655/1/655 
f 655/1/655 656/1/656 652/1/652 
f 656/1/656 657/1/657 653/1/653 
f 653/1/653 652/1/652 656/1/656 
f 658/1/658 650/1/650 649/1/649 
f 649/1/649 659/1/659 658/1/658 
f 649/1/649 153/1/153 191/1/191 
f 191/1/191 659/1/659 649/1/649 
f 659/1/659 191/1/191 195/1/195 
f 195/1/195 660/1/660 659/1/659 
f 659/1/659 660/1/660 661/1/661 
f 661/1/661 658/1/658 659/1/659 
f 662/1/662 663/1/663 655/1/655 
f 655/1/655 654/1/654 662/1/662 
f 662/1/662 654/1/654 650/1/650 
f 650/1/650 658/1/658 662/1/662 
f 662/1/662 658/1/658 661/1/661 
f 661/1/661 664/1/664 662/1/662 
f 664/1/664 665/1/665 663/1/663 
f 663/1/663 662/1/662 664/1/664 
f 666/1/666 661/1/661 660/1/660 
f 660/1/660 667/1/667 666/1/666 
f 660/1/660 195/1/195 201/1/201 
f 201/1/201 667/1/667 660/1/660 
f 201/1/201 200/1/200 668/1/668 
f 667/1/667 668/1/668 669/1/669 
f 666/1/666 670/1/670 664/1/664 
f 664/1/664 661/1/661 666/1/666 
f 666/1/666 669/1/669 671/1/671 
f 671/1/671 670/1/670 666/1/666 
f 671/1/671 672/1/672 673/1/673 
f 673/1/673 670/1/670 671/1/671 
f 670/1/670 673/1/673 665/1/665 
f 665/1/665 664/1/664 670/1/670 
f 674/1/674 675/1/675 676/1/676 
f 676/1/676 677/1/677 674/1/674 
f 674/1/674 677/1/677 284/1/284 
f 674/1/674 342/1/342 290/1/290 
f 290/1/290 347/1/347 674/1/674 
f 347/1/347 346/1/346 675/1/675 
f 675/1/675 674/1/674 347/1/347 
f 678/1/678 677/1/677 676/1/676 
f 679/1/679 669/1/669 668/1/668 
f 678/1/678 668/1/668 200/1/200 
f 285/1/285 284/1/284 677/1/677 
f 680/1/680 671/1/671 669/1/669 
f 669/1/669 679/1/679 680/1/680 
f 680/1/680 679/1/679 676/1/676 
f 676/1/676 681/1/681 680/1/680 
f 681/1/681 682/1/682 683/1/683 
f 683/1/683 680/1/680 681/1/681 
f 680/1/680 683/1/683 672/1/672 
f 672/1/672 671/1/671 680/1/680 
f 684/1/684 685/1/685 76/1/76 
f 76/1/76 647/1/647 684/1/684 
f 647/1/647 646/1/646 653/1/653 
f 653/1/653 684/1/684 647/1/647 
f 684/1/684 653/1/653 657/1/657 
f 657/1/657 686/1/686 684/1/684 
f 686/1/686 687/1/687 685/1/685 
f 685/1/685 684/1/684 686/1/686 
f 688/1/688 689/1/689 685/1/685 
f 685/1/685 687/1/687 688/1/688 
f 688/1/688 690/1/690 691/1/691 
f 691/1/691 689/1/689 688/1/688 
f 689/1/689 691/1/691 78/1/78 
f 78/1/78 77/1/77 689/1/689 
f 77/1/77 76/1/76 685/1/685 
f 685/1/685 689/1/689 77/1/77 
f 692/1/692 693/1/693 694/1/694 
f 694/1/694 695/1/695 692/1/692 
f 694/1/694 696/1/696 697/1/697 
f 697/1/697 695/1/695 694/1/694 
f 695/1/695 697/1/697 690/1/690 
f 690/1/690 688/1/688 695/1/695 
f 688/1/688 687/1/687 692/1/692 
f 692/1/692 695/1/695 688/1/688 
f 686/1/686 657/1/657 698/1/698 
f 698/1/698 699/1/699 686/1/686 
f 699/1/699 698/1/698 700/1/700 
f 700/1/700 701/1/701 699/1/699 
f 701/1/701 687/1/687 686/1/686 
f 686/1/686 699/1/699 701/1/701 
f 702/1/702 703/1/703 693/1/693 
f 693/1/693 692/1/692 702/1/702 
f 702/1/702 692/1/692 687/1/687 
f 701/1/701 700/1/700 704/1/704 
f 704/1/704 702/1/702 701/1/701 
f 704/1/704 705/1/705 703/1/703 
f 703/1/703 702/1/702 704/1/704 
f 706/1/706 707/1/707 708/1/708 
f 708/1/708 709/1/709 706/1/706 
f 708/1/708 700/1/700 698/1/698 
f 698/1/698 709/1/709 708/1/708 
f 709/1/709 698/1/698 657/1/657 
f 657/1/657 656/1/656 709/1/709 
f 656/1/656 655/1/655 706/1/706 
f 706/1/706 709/1/709 656/1/656 
f 710/1/710 711/1/711 712/1/712 
f 712/1/712 713/1/713 710/1/710 
f 713/1/713 693/1/693 703/1/703 
f 703/1/703 710/1/710 713/1/713 
f 710/1/710 703/1/703 705/1/705 
f 705/1/705 714/1/714 710/1/710 
f 714/1/714 715/1/715 711/1/711 
f 711/1/711 710/1/710 714/1/714 
f 716/1/716 711/1/711 715/1/715 
f 715/1/715 717/1/717 716/1/716 
f 717/1/717 13/1/13 12/1/12 
f 12/1/12 716/1/716 717/1/717 
f 716/1/716 12/1/12 7/1/7 
f 7/1/7 718/1/718 716/1/716 
f 718/1/718 712/1/712 711/1/711 
f 711/1/711 716/1/716 718/1/718 
f 719/1/719 720/1/720 721/1/721 
f 721/1/721 722/1/722 719/1/719 
f 720/1/720 719/1/719 705/1/705 
f 705/1/705 704/1/704 720/1/720 
f 720/1/720 704/1/704 700/1/700 
f 700/1/700 708/1/708 720/1/720 
f 721/1/721 720/1/720 708/1/708 
f 708/1/708 707/1/707 721/1/721 
f 714/1/714 705/1/705 719/1/719 
f 719/1/719 723/1/723 714/1/714 
f 723/1/723 719/1/719 722/1/722 
f 722/1/722 724/1/724 723/1/723 
f 723/1/723 724/1/724 715/1/715 
f 715/1/715 714/1/714 723/1/723 
f 725/1/725 103/1/103 13/1/13 
f 13/1/13 717/1/717 725/1/725 
f 717/1/717 715/1/715 726/1/726 
f 726/1/726 725/1/725 717/1/717 
f 725/1/725 726/1/726 727/1/727 
f 727/1/727 728/1/728 725/1/725 
f 725/1/725 728/1/728 104/1/104 
f 104/1/104 103/1/103 725/1/725 
f 729/1/729 730/1/730 707/1/707 
f 707/1/707 706/1/706 729/1/729 
f 706/1/706 655/1/655 663/1/663 
f 663/1/663 729/1/729 706/1/706 
f 729/1/729 663/1/663 665/1/665 
f 665/1/665 731/1/731 729/1/729 
f 731/1/731 732/1/732 730/1/730 
f 730/1/730 729/1/729 731/1/731 
f 726/1/726 733/1/733 734/1/734 
f 734/1/734 727/1/727 726/1/726 
f 726/1/726 715/1/715 724/1/724 
f 724/1/724 733/1/733 726/1/726 
f 733/1/733 724/1/724 722/1/722 
f 722/1/722 735/1/735 733/1/733 
f 735/1/735 736/1/736 734/1/734 
f 734/1/734 733/1/733 735/1/735 
f 737/1/737 738/1/738 736/1/736 
f 736/1/736 735/1/735 737/1/737 
f 735/1/735 722/1/722 721/1/721 
f 721/1/721 737/1/737 735/1/735 
f 721/1/721 707/1/707 730/1/730 
f 730/1/730 737/1/737 721/1/721 
f 730/1/730 732/1/732 738/1/738 
f 738/1/738 737/1/737 730/1/730 
f 739/1/739 740/1/740 732/1/732 
f 732/1/732 731/1/731 739/1/739 
f 731/1/731 665/1/665 673/1/673 
f 673/1/673 739/1/739 731/1/731 
f 739/1/739 673/1/673 672/1/672 
f 672/1/672 741/1/741 739/1/739 
f 741/1/741 742/1/742 740/1/740 
f 740/1/740 739/1/739 741/1/741 
f 743/1/743 738/1/738 732/1/732 
f 732/1/732 740/1/740 743/1/743 
f 740/1/740 742/1/742 744/1/744 
f 744/1/744 743/1/743 740/1/740 
f 743/1/743 744/1/744 745/1/745 
f 745/1/745 746/1/746 743/1/743 
f 746/1/746 736/1/736 738/1/738 
f 738/1/738 743/1/743 746/1/746 
f 747/1/747 748/1/748 727/1/727 
f 727/1/727 734/1/734 747/1/747 
f 734/1/734 736/1/736 746/1/746 
f 746/1/746 747/1/747 734/1/734 
f 746/1/746 745/1/745 749/1/749 
f 749/1/749 747/1/747 746/1/746 
f 748/1/748 747/1/747 749/1/749 
f 749/1/749 750/1/750 748/1/748 
f 751/1/751 752/1/752 108/1/108 
f 108/1/108 107/1/107 751/1/751 
f 107/1/107 104/1/104 728/1/728 
f 728/1/728 751/1/751 107/1/107 
f 751/1/751 728/1/728 727/1/727 
f 727/1/727 748/1/748 751/1/751 
f 748/1/748 750/1/750 752/1/752 
f 752/1/752 751/1/751 748/1/748 
f 753/1/753 754/1/754 755/1/755 
f 755/1/755 756/1/756 753/1/753 
f 756/1/756 745/1/745 744/1/744 
f 744/1/744 753/1/753 756/1/756 
f 753/1/753 744/1/744 742/1/742 
f 742/1/742 757/1/757 753/1/753 
f 757/1/757 758/1/758 754/1/754 
f 754/1/754 753/1/753 757/1/757 
f 759/1/759 757/1/757 742/1/742 
f 742/1/742 741/1/741 759/1/759 
f 741/1/741 672/1/672 683/1/683 
f 683/1/683 759/1/759 741/1/741 
f 759/1/759 683/1/683 682/1/682 
f 682/1/682 760/1/760 759/1/759 
f 760/1/760 758/1/758 757/1/757 
f 757/1/757 759/1/759 760/1/760 
f 761/1/761 749/1/749 745/1/745 
f 745/1/745 756/1/756 761/1/761 
f 756/1/756 755/1/755 762/1/762 
f 762/1/762 761/1/761 756/1/756 
f 762/1/762 750/1/750 749/1/749 
f 749/1/749 761/1/761 762/1/762 
f 763/1/763 764/1/764 682/1/682 
f 682/1/682 681/1/681 763/1/763 
f 681/1/681 676/1/676 675/1/675 
f 675/1/675 763/1/763 681/1/681 
f 763/1/763 675/1/675 346/1/346 
f 346/1/346 765/1/765 763/1/763 
f 765/1/765 766/1/766 764/1/764 
f 764/1/764 763/1/763 765/1/765 
f 767/1/767 768/1/768 299/1/299 
f 299/1/299 298/1/298 767/1/767 
f 298/1/298 108/1/108 752/1/752 
f 752/1/752 767/1/767 298/1/298 
f 767/1/767 752/1/752 750/1/750 
f 750/1/750 769/1/769 767/1/767 
f 769/1/769 770/1/770 768/1/768 
f 768/1/768 767/1/767 769/1/769 
f 760/1/760 682/1/682 764/1/764 
f 764/1/764 771/1/771 760/1/760 
f 771/1/771 764/1/764 766/1/766 
f 771/1/771 772/1/772 758/1/758 
f 758/1/758 760/1/760 771/1/771 
f 773/1/773 774/1/774 770/1/770 
f 770/1/770 769/1/769 773/1/773 
f 769/1/769 750/1/750 762/1/762 
f 762/1/762 773/1/773 769/1/769 
f 773/1/773 762/1/762 755/1/755 
f 755/1/755 775/1/775 773/1/773 
f 775/1/775 776/1/776 774/1/774 
f 774/1/774 773/1/773 775/1/775 
f 777/1/777 778/1/778 776/1/776 
f 776/1/776 775/1/775 777/1/777 
f 775/1/775 755/1/755 754/1/754 
f 754/1/754 777/1/777 775/1/775 
f 777/1/777 754/1/754 758/1/758 
f 758/1/758 772/1/772 777/1/777 
f 772/1/772 766/1/766 778/1/778 
f 778/1/778 777/1/777 772/1/772 
f 779/1/779 780/1/780 766/1/766 
f 766/1/766 765/1/765 779/1/779 
f 765/1/765 346/1/346 345/1/345 
f 345/1/345 779/1/779 765/1/765 
f 779/1/779 345/1/345 264/1/264 
f 264/1/264 781/1/781 779/1/779 
f 781/1/781 782/1/782 780/1/780 
f 780/1/780 779/1/779 781/1/781 
f 783/1/783 784/1/784 204/1/204 
f 204/1/204 302/1/302 783/1/783 
f 302/1/302 299/1/299 768/1/768 
f 768/1/768 783/1/783 302/1/302 
f 783/1/783 768/1/768 770/1/770 
f 770/1/770 785/1/785 783/1/783 
f 785/1/785 786/1/786 784/1/784 
f 784/1/784 783/1/783 785/1/785 
f 787/1/787 788/1/788 786/1/786 
f 786/1/786 785/1/785 787/1/787 
f 785/1/785 770/1/770 774/1/774 
f 774/1/774 787/1/787 785/1/785 
f 787/1/787 774/1/774 776/1/776 
f 776/1/776 789/1/789 787/1/787 
f 789/1/789 790/1/790 788/1/788 
f 788/1/788 787/1/787 789/1/789 
f 791/1/791 792/1/792 790/1/790 
f 790/1/790 789/1/789 791/1/791 
f 789/1/789 776/1/776 778/1/778 
f 778/1/778 791/1/791 789/1/789 
f 791/1/791 778/1/778 766/1/766 
f 766/1/766 780/1/780 791/1/791 
f 780/1/780 782/1/782 792/1/792 
f 792/1/792 791/1/791 780/1/780 
f 781/1/781 793/1/793 794/1/794 
f 794/1/794 782/1/782 781/1/781 
f 781/1/781 264/1/264 263/1/263 
f 263/1/263 793/1/793 781/1/781 
f 793/1/793 263/1/263 267/1/267 
f 267/1/267 795/1/795 793/1/793 
f 793/1/793 795/1/795 796/1/796 
f 796/1/796 794/1/794 793/1/793 
f 797/1/797 798/1/798 82/1/82 
f 82/1/82 205/1/205 797/1/797 
f 205/1/205 204/1/204 784/1/784 
f 784/1/784 797/1/797 205/1/205 
f 797/1/797 784/1/784 786/1/786 
f 786/1/786 799/1/799 797/1/797 
f 799/1/799 800/1/800 798/1/798 
f 798/1/798 797/1/797 799/1/799 
f 801/1/801 802/1/802 800/1/800 
f 800/1/800 799/1/799 801/1/801 
f 799/1/799 786/1/786 788/1/788 
f 788/1/788 801/1/801 799/1/799 
f 801/1/801 788/1/788 790/1/790 
f 790/1/790 803/1/803 801/1/801 
f 803/1/803 804/1/804 802/1/802 
f 802/1/802 801/1/801 803/1/803 
f 805/1/805 806/1/806 804/1/804 
f 804/1/804 803/1/803 805/1/805 
f 803/1/803 790/1/790 792/1/792 
f 792/1/792 805/1/805 803/1/803 
f 805/1/805 792/1/792 782/1/782 
f 782/1/782 794/1/794 805/1/805 
f 794/1/794 796/1/796 806/1/806 
f 806/1/806 805/1/805 794/1/794 
f 807/1/807 84/1/84 83/1/83 
f 83/1/83 808/1/808 807/1/807 
f 83/1/83 82/1/82 798/1/798 
f 798/1/798 808/1/808 83/1/83 
f 808/1/808 798/1/798 800/1/800 
f 800/1/800 809/1/809 808/1/808 
f 809/1/809 810/1/810 807/1/807 
f 807/1/807 808/1/808 809/1/809 
f 811/1/811 494/1/494 493/1/493 
f 493/1/493 812/1/812 811/1/811 
f 493/1/493 469/1/469 490/1/490 
f 812/1/812 490/1/490 487/1/487 
f 813/1/813 814/1/814 811/1/811 
f 811/1/811 812/1/812 813/1/813 
f 815/1/815 816/1/816 817/1/817 
f 817/1/817 818/1/818 815/1/815 
f 818/1/818 553/1/553 552/1/552 
f 552/1/552 815/1/815 818/1/818 
f 815/1/815 552/1/552 547/1/547 
f 547/1/547 819/1/819 815/1/815 
f 819/1/819 814/1/814 816/1/816 
f 816/1/816 815/1/815 819/1/819 
f 820/1/820 813/1/813 487/1/487 
f 486/1/486 484/1/484 519/1/519 
f 519/1/519 820/1/820 486/1/486 
f 820/1/820 519/1/519 521/1/521 
f 521/1/521 821/1/821 820/1/820 
f 821/1/821 814/1/814 813/1/813 
f 813/1/813 820/1/820 821/1/821 
f 819/1/819 547/1/547 546/1/546 
f 546/1/546 822/1/822 819/1/819 
f 546/1/546 502/1/502 522/1/522 
f 522/1/522 822/1/822 546/1/546 
f 822/1/822 522/1/522 494/1/494 
f 494/1/494 811/1/811 822/1/822 
f 811/1/811 814/1/814 819/1/819 
f 819/1/819 822/1/822 811/1/811 
f 823/1/823 824/1/824 825/1/825 
f 826/1/826 814/1/814 827/1/827 
f 823/1/823 827/1/827 828/1/828 
f 829/1/829 830/1/830 824/1/824 
f 831/1/831 832/1/832 830/1/830 
f 830/1/830 829/1/829 831/1/831 
f 829/1/829 828/1/828 833/1/833 
f 833/1/833 831/1/831 829/1/829 
f 831/1/831 833/1/833 834/1/834 
f 834/1/834 835/1/835 831/1/831 
f 835/1/835 836/1/836 832/1/832 
f 837/1/837 838/1/838 839/1/839 
f 839/1/839 840/1/840 837/1/837 
f 840/1/840 841/1/841 842/1/842 
f 842/1/842 837/1/837 840/1/840 
f 837/1/837 842/1/842 843/1/843 
f 843/1/843 844/1/844 837/1/837 
f 837/1/837 844/1/844 845/1/845 
f 845/1/845 838/1/838 837/1/837 
f 846/1/846 847/1/847 848/1/848 
f 848/1/848 849/1/849 846/1/846 
f 849/1/849 850/1/850 851/1/851 
f 851/1/851 846/1/846 849/1/849 
f 846/1/846 851/1/851 852/1/852 
f 852/1/852 853/1/853 846/1/846 
f 853/1/853 854/1/854 847/1/847 
f 847/1/847 846/1/846 853/1/853 
f 855/1/855 856/1/856 854/1/854 
f 854/1/854 853/1/853 855/1/855 
f 853/1/853 852/1/852 857/1/857 
f 857/1/857 855/1/855 853/1/853 
f 855/1/855 857/1/857 858/1/858 
f 858/1/858 859/1/859 855/1/855 
f 859/1/859 860/1/860 856/1/856 
f 856/1/856 855/1/855 859/1/859 
f 861/1/861 862/1/862 863/1/863 
f 863/1/863 864/1/864 861/1/861 
f 864/1/864 848/1/848 847/1/847 
f 847/1/847 861/1/861 864/1/864 
f 861/1/861 847/1/847 854/1/854 
f 854/1/854 865/1/865 861/1/861 
f 865/1/865 866/1/866 862/1/862 
f 862/1/862 861/1/861 865/1/865 
f 867/1/867 868/1/868 869/1/869 
f 870/1/870 863/1/863 862/1/862 
f 862/1/862 867/1/867 870/1/870 
f 867/1/867 862/1/862 866/1/866 
f 871/1/871 872/1/872 868/1/868 
f 868/1/868 867/1/867 871/1/871 
f 873/1/873 874/1/874 866/1/866 
f 866/1/866 865/1/865 873/1/873 
f 865/1/865 854/1/854 856/1/856 
f 856/1/856 873/1/873 865/1/865 
f 873/1/873 856/1/856 860/1/860 
f 860/1/860 875/1/875 873/1/873 
f 875/1/875 876/1/876 874/1/874 
f 874/1/874 873/1/873 875/1/875 
f 877/1/877 878/1/878 876/1/876 
f 876/1/876 875/1/875 877/1/877 
f 875/1/875 860/1/860 879/1/879 
f 879/1/879 877/1/877 875/1/875 
f 877/1/877 879/1/879 84/1/84 
f 84/1/84 807/1/807 877/1/877 
f 807/1/807 810/1/810 878/1/878 
f 878/1/878 877/1/877 807/1/807 
f 880/1/880 881/1/881 882/1/882 
f 882/1/882 883/1/883 880/1/880 
f 883/1/883 884/1/884 885/1/885 
f 885/1/885 880/1/880 883/1/883 
f 880/1/880 885/1/885 869/1/869 
f 869/1/869 886/1/886 880/1/880 
f 886/1/886 887/1/887 881/1/881 
f 881/1/881 880/1/880 886/1/886 
f 888/1/888 889/1/889 810/1/810 
f 810/1/810 809/1/809 888/1/888 
f 809/1/809 800/1/800 802/1/802 
f 802/1/802 888/1/888 809/1/809 
f 888/1/888 802/1/802 804/1/804 
f 804/1/804 890/1/890 888/1/888 
f 890/1/890 891/1/891 889/1/889 
f 889/1/889 888/1/888 890/1/890 
f 892/1/892 893/1/893 894/1/894 
f 894/1/894 895/1/895 892/1/892 
f 894/1/894 796/1/796 795/1/795 
f 795/1/795 267/1/267 896/1/896 
f 896/1/896 895/1/895 795/1/795 
f 896/1/896 897/1/897 892/1/892 
f 892/1/892 895/1/895 896/1/896 
f 898/1/898 899/1/899 891/1/891 
f 891/1/891 890/1/890 898/1/898 
f 890/1/890 804/1/804 806/1/806 
f 806/1/806 898/1/898 890/1/890 
f 898/1/898 806/1/806 796/1/796 
f 796/1/796 894/1/894 898/1/898 
f 894/1/894 893/1/893 899/1/899 
f 899/1/899 898/1/898 894/1/894 
f 900/1/900 892/1/892 897/1/897 
f 901/1/901 572/1/572 571/1/571 
f 571/1/571 900/1/900 901/1/901 
f 571/1/571 570/1/570 902/1/902 
f 902/1/902 900/1/900 571/1/571 
f 900/1/900 902/1/902 893/1/893 
f 903/1/903 904/1/904 876/1/876 
f 878/1/878 810/1/810 889/1/889 
f 889/1/889 903/1/903 878/1/878 
f 903/1/903 889/1/889 891/1/891 
f 891/1/891 905/1/905 903/1/903 
f 905/1/905 906/1/906 904/1/904 
f 907/1/907 908/1/908 872/1/872 
f 871/1/871 866/1/866 874/1/874 
f 907/1/907 874/1/874 876/1/876 
f 876/1/876 904/1/904 907/1/907 
f 904/1/904 906/1/906 908/1/908 
f 909/1/909 910/1/910 887/1/887 
f 887/1/887 886/1/886 909/1/909 
f 886/1/886 869/1/869 868/1/868 
f 868/1/868 909/1/909 886/1/886 
f 909/1/909 868/1/868 872/1/872 
f 872/1/872 908/1/908 909/1/909 
f 908/1/908 906/1/906 910/1/910 
f 911/1/911 912/1/912 913/1/913 
f 913/1/913 914/1/914 915/1/915 
f 915/1/915 887/1/887 910/1/910 
f 910/1/910 916/1/916 915/1/915 
f 916/1/916 910/1/910 906/1/906 
f 917/1/917 918/1/918 912/1/912 
f 912/1/912 911/1/911 917/1/917 
f 911/1/911 906/1/906 919/1/919 
f 919/1/919 917/1/917 911/1/911 
f 917/1/917 919/1/919 920/1/920 
f 921/1/921 922/1/922 918/1/918 
f 918/1/918 917/1/917 921/1/921 
f 923/1/923 921/1/921 920/1/920 
f 920/1/920 924/1/924 923/1/923 
f 924/1/924 893/1/893 902/1/902 
f 902/1/902 923/1/923 924/1/924 
f 923/1/923 902/1/902 570/1/570 
f 570/1/570 925/1/925 923/1/923 
f 925/1/925 922/1/922 921/1/921 
f 921/1/921 923/1/923 925/1/925 
f 905/1/905 891/1/891 899/1/899 
f 899/1/899 926/1/926 905/1/905 
f 926/1/926 899/1/899 893/1/893 
f 893/1/893 924/1/924 926/1/926 
f 926/1/926 924/1/924 920/1/920 
f 920/1/920 919/1/919 926/1/926 
f 919/1/919 906/1/906 905/1/905 
f 927/1/927 426/1/426 433/1/433 
f 433/1/433 928/1/928 927/1/927 
f 927/1/927 928/1/928 929/1/929 
f 929/1/929 930/1/930 927/1/927 
f 927/1/927 930/1/930 441/1/441 
f 441/1/441 440/1/440 927/1/927 
f 440/1/440 427/1/427 426/1/426 
f 426/1/426 927/1/927 440/1/440 
f 931/1/931 932/1/932 933/1/933 
f 933/1/933 934/1/934 931/1/931 
f 931/1/931 934/1/934 431/1/431 
f 431/1/431 430/1/430 931/1/931 
f 931/1/931 430/1/430 429/1/429 
f 429/1/429 464/1/464 931/1/931 
f 931/1/931 464/1/464 457/1/457 
f 457/1/457 932/1/932 931/1/931 
f 935/1/935 936/1/936 937/1/937 
f 937/1/937 938/1/938 935/1/935 
f 938/1/938 451/1/451 450/1/450 
f 450/1/450 935/1/935 938/1/938 
f 935/1/935 450/1/450 447/1/447 
f 447/1/447 939/1/939 935/1/935 
f 939/1/939 940/1/940 936/1/936 
f 936/1/936 935/1/935 939/1/939 
f 939/1/939 447/1/447 446/1/446 
f 446/1/446 941/1/941 939/1/939 
f 446/1/446 441/1/441 930/1/930 
f 930/1/930 941/1/941 446/1/446 
f 941/1/941 930/1/930 929/1/929 
f 929/1/929 942/1/942 941/1/941 
f 942/1/942 940/1/940 939/1/939 
f 939/1/939 941/1/941 942/1/942 
f 943/1/943 944/1/944 933/1/933 
f 933/1/933 932/1/932 943/1/943 
f 932/1/932 457/1/457 456/1/456 
f 456/1/456 943/1/943 932/1/932 
f 943/1/943 456/1/456 451/1/451 
f 451/1/451 938/1/938 943/1/943 
f 938/1/938 937/1/937 944/1/944 
f 944/1/944 943/1/943 938/1/938 
f 945/1/945 946/1/946 947/1/947 
f 947/1/947 948/1/948 945/1/945 
f 948/1/948 933/1/933 944/1/944 
f 944/1/944 945/1/945 948/1/948 
f 945/1/945 944/1/944 937/1/937 
f 937/1/937 936/1/936 945/1/945 
f 945/1/945 936/1/936 940/1/940 
f 949/1/949 942/1/942 929/1/929 
f 929/1/929 928/1/928 949/1/949 
f 949/1/949 928/1/928 433/1/433 
f 949/1/949 950/1/950 947/1/947 
f 946/1/946 940/1/940 942/1/942 
f 942/1/942 949/1/949 946/1/946 
f 951/1/951 948/1/948 947/1/947 
f 947/1/947 950/1/950 951/1/951 
f 433/1/433 432/1/432 951/1/951 
f 951/1/951 432/1/432 431/1/431 
f 431/1/431 934/1/934 951/1/951 
f 934/1/934 933/1/933 948/1/948 
f 948/1/948 951/1/951 934/1/934 
f 952/1/952 372/1/372 371/1/371 
f 371/1/371 953/1/953 952/1/952 
f 371/1/371 350/1/350 349/1/349 
f 349/1/349 953/1/953 371/1/371 
f 953/1/953 349/1/349 356/1/356 
f 356/1/356 954/1/954 953/1/953 
f 954/1/954 358/1/358 952/1/952 
f 952/1/952 953/1/953 954/1/954 
f 955/1/955 359/1/359 358/1/358 
f 358/1/358 954/1/954 955/1/955 
f 955/1/955 954/1/954 356/1/356 
f 356/1/356 355/1/355 955/1/955 
f 955/1/955 355/1/355 354/1/354 
f 354/1/354 383/1/383 955/1/955 
f 383/1/383 361/1/361 359/1/359 
f 359/1/359 955/1/955 383/1/383 
f 956/1/956 357/1/357 957/1/957 
f 957/1/957 366/1/366 956/1/956 
f 366/1/366 365/1/365 958/1/958 
f 958/1/958 956/1/956 366/1/366 
f 956/1/956 958/1/958 372/1/372 
f 956/1/956 952/1/952 358/1/358 
f 358/1/358 357/1/357 956/1/956 
f 959/1/959 958/1/958 365/1/365 
f 365/1/365 364/1/364 959/1/959 
f 364/1/364 368/1/368 395/1/395 
f 395/1/395 959/1/959 364/1/364 
f 959/1/959 395/1/395 374/1/374 
f 374/1/374 373/1/373 959/1/959 
f 373/1/373 372/1/372 958/1/958 
f 958/1/958 959/1/959 373/1/373 
f 960/1/960 881/1/881 887/1/887 
f 887/1/887 915/1/915 960/1/960 
f 915/1/915 914/1/914 961/1/961 
f 961/1/961 960/1/960 915/1/915 
f 960/1/960 961/1/961 962/1/962 
f 962/1/962 963/1/963 960/1/960 
f 963/1/963 882/1/882 881/1/881 
f 881/1/881 960/1/960 963/1/963 
f 964/1/964 965/1/965 553/1/553 
f 553/1/553 818/1/818 964/1/964 
f 818/1/818 817/1/817 966/1/966 
f 966/1/966 964/1/964 818/1/818 
f 964/1/964 966/1/966 967/1/967 
f 967/1/967 968/1/968 964/1/964 
f 968/1/968 969/1/969 965/1/965 
f 965/1/965 964/1/964 968/1/968 
f 970/1/970 971/1/971 972/1/972 
f 972/1/972 973/1/973 970/1/970 
f 973/1/973 962/1/962 961/1/961 
f 961/1/961 970/1/970 973/1/973 
f 970/1/970 961/1/961 914/1/914 
f 914/1/914 913/1/913 970/1/970 
f 913/1/913 912/1/912 971/1/971 
f 974/1/974 975/1/975 969/1/969 
f 969/1/969 968/1/968 974/1/974 
f 968/1/968 967/1/967 976/1/976 
f 976/1/976 974/1/974 968/1/968 
f 974/1/974 976/1/976 962/1/962 
f 962/1/962 973/1/973 974/1/974 
f 973/1/973 972/1/972 975/1/975 
f 975/1/975 974/1/974 973/1/973 
f 977/1/977 978/1/978 568/1/568 
f 568/1/568 579/1/579 977/1/977 
f 579/1/579 560/1/560 559/1/559 
f 559/1/559 977/1/977 579/1/579 
f 977/1/977 559/1/559 558/1/558 
f 558/1/558 979/1/979 977/1/977 
f 979/1/979 980/1/980 978/1/978 
f 978/1/978 977/1/977 979/1/979 
f 981/1/981 980/1/980 982/1/982 
f 982/1/982 972/1/972 971/1/971 
f 971/1/971 983/1/983 982/1/982 
f 983/1/983 971/1/971 912/1/912 
f 918/1/918 922/1/922 981/1/981 
f 981/1/981 983/1/983 918/1/918 
f 984/1/984 985/1/985 986/1/986 
f 986/1/986 987/1/987 984/1/984 
f 987/1/987 969/1/969 975/1/975 
f 975/1/975 984/1/984 987/1/987 
f 984/1/984 975/1/975 972/1/972 
f 972/1/972 982/1/982 984/1/984 
f 984/1/984 982/1/982 980/1/980 
f 980/1/980 985/1/985 984/1/984 
f 988/1/988 981/1/981 922/1/922 
f 922/1/922 925/1/925 988/1/988 
f 925/1/925 570/1/570 569/1/569 
f 569/1/569 988/1/988 925/1/925 
f 569/1/569 568/1/568 978/1/978 
f 978/1/978 980/1/980 981/1/981 
f 981/1/981 988/1/988 978/1/978 
f 989/1/989 979/1/979 558/1/558 
f 565/1/565 555/1/555 990/1/990 
f 990/1/990 989/1/989 565/1/565 
f 989/1/989 990/1/990 986/1/986 
f 986/1/986 985/1/985 989/1/989 
f 985/1/985 980/1/980 979/1/979 
f 991/1/991 990/1/990 555/1/555 
f 555/1/555 554/1/554 991/1/991 
f 554/1/554 553/1/553 965/1/965 
f 965/1/965 991/1/991 554/1/554 
f 991/1/991 965/1/965 969/1/969 
f 969/1/969 987/1/987 991/1/991 
f 987/1/987 986/1/986 990/1/990 
f 990/1/990 991/1/991 987/1/987 
f 992/1/992 993/1/993 845/1/845 
f 845/1/845 994/1/994 992/1/992 
f 994/1/994 995/1/995 996/1/996 
f 996/1/996 992/1/992 994/1/994 
f 992/1/992 996/1/996 997/1/997 
f 997/1/997 998/1/998 992/1/992 
f 998/1/998 999/1/999 993/1/993 
f 993/1/993 992/1/992 998/1/998 
f 1000/1/1000 1001/1/1001 817/1/817 
f 817/1/817 816/1/816 1000/1/1000 
f 816/1/816 814/1/814 826/1/826 
f 826/1/826 1000/1/1000 816/1/816 
f 1000/1/1000 826/1/826 825/1/825 
f 825/1/825 1002/1/1002 1000/1/1000 
f 1002/1/1002 1003/1/1003 1001/1/1001 
f 1001/1/1001 1000/1/1000 1002/1/1002 
f 1004/1/1004 1005/1/1005 967/1/967 
f 967/1/967 966/1/966 1004/1/1004 
f 966/1/966 817/1/817 1001/1/1001 
f 1001/1/1001 1004/1/1004 966/1/966 
f 1004/1/1004 1001/1/1001 1003/1/1003 
f 1003/1/1003 1006/1/1006 1004/1/1004 
f 1006/1/1006 1007/1/1007 1005/1/1005 
f 1008/1/1008 1005/1/1005 1007/1/1007 
f 1009/1/1009 882/1/882 963/1/963 
f 1008/1/1008 963/1/963 962/1/962 
f 976/1/976 967/1/967 1005/1/1005 
f 1010/1/1010 1011/1/1011 1007/1/1007 
f 1007/1/1007 1006/1/1006 1010/1/1010 
f 1006/1/1006 1003/1/1003 1012/1/1012 
f 1010/1/1010 1012/1/1012 1013/1/1013 
f 1013/1/1013 1014/1/1014 1010/1/1010 
f 1014/1/1014 1015/1/1015 1011/1/1011 
f 1011/1/1011 1010/1/1010 1014/1/1014 
f 1011/1/1011 1015/1/1015 1016/1/1016 
f 1016/1/1016 1017/1/1017 1011/1/1011 
f 1017/1/1017 1016/1/1016 884/1/884 
f 884/1/884 883/1/883 1017/1/1017 
f 883/1/883 882/1/882 1009/1/1009 
f 1009/1/1009 1017/1/1017 883/1/883 
f 1009/1/1009 1007/1/1007 1011/1/1011 
f 1011/1/1011 1017/1/1017 1009/1/1009 
f 1018/1/1018 1019/1/1019 1020/1/1020 
f 1020/1/1020 1021/1/1021 1018/1/1018 
f 1021/1/1021 999/1/999 1022/1/1022 
f 1022/1/1022 1018/1/1018 1021/1/1021 
f 1022/1/1022 1023/1/1023 1024/1/1024 
f 1024/1/1024 1018/1/1018 1022/1/1022 
f 1024/1/1024 1025/1/1025 1019/1/1019 
f 1019/1/1019 1018/1/1018 1024/1/1024 
f 1026/1/1026 1027/1/1027 1028/1/1028 
f 1028/1/1028 1029/1/1029 1026/1/1026 
f 1029/1/1029 884/1/884 1016/1/1016 
f 1016/1/1016 1026/1/1026 1029/1/1029 
f 1026/1/1026 1016/1/1016 1015/1/1015 
f 1015/1/1015 1030/1/1030 1026/1/1026 
f 1030/1/1030 1031/1/1031 1027/1/1027 
f 1027/1/1027 1026/1/1026 1030/1/1030 
f 1032/1/1032 839/1/839 838/1/838 
f 838/1/838 1033/1/1033 1032/1/1032 
f 838/1/838 845/1/845 993/1/993 
f 993/1/993 1033/1/1033 838/1/838 
f 1033/1/1033 993/1/993 999/1/999 
f 999/1/999 1021/1/1021 1033/1/1033 
f 1032/1/1032 1033/1/1033 1021/1/1021 
f 1021/1/1021 1020/1/1020 1032/1/1032 
f 1034/1/1034 1014/1/1014 1013/1/1013 
f 1013/1/1013 1035/1/1035 1034/1/1034 
f 1034/1/1034 1035/1/1035 1036/1/1036 
f 1036/1/1036 1037/1/1037 1034/1/1034 
f 1034/1/1034 1037/1/1037 1031/1/1031 
f 1031/1/1031 1030/1/1030 1034/1/1034 
f 1030/1/1030 1015/1/1015 1014/1/1014 
f 1014/1/1014 1034/1/1034 1030/1/1030 
f 1038/1/1038 1039/1/1039 1028/1/1028 
f 1028/1/1028 1040/1/1040 1038/1/1038 
f 1040/1/1040 1025/1/1025 1041/1/1041 
f 1041/1/1041 1038/1/1038 1040/1/1040 
f 1038/1/1038 1041/1/1041 848/1/848 
f 848/1/848 864/1/864 1038/1/1038 
f 864/1/864 863/1/863 1039/1/1039 
f 1039/1/1039 1038/1/1038 864/1/864 
f 1019/1/1019 1042/1/1042 1043/1/1043 
f 1043/1/1043 1020/1/1020 1019/1/1019 
f 1042/1/1042 1019/1/1019 1025/1/1025 
f 1025/1/1025 1040/1/1040 1042/1/1042 
f 1040/1/1040 1028/1/1028 1027/1/1027 
f 1027/1/1027 1042/1/1042 1040/1/1040 
f 1042/1/1042 1027/1/1027 1031/1/1031 
f 1031/1/1031 1043/1/1043 1042/1/1042 
f 1044/1/1044 1039/1/1039 863/1/863 
f 863/1/863 870/1/870 1044/1/1044 
f 870/1/870 869/1/869 885/1/885 
f 885/1/885 1044/1/1044 870/1/870 
f 1044/1/1044 885/1/885 884/1/884 
f 884/1/884 1029/1/1029 1044/1/1044 
f 1029/1/1029 1028/1/1028 1039/1/1039 
f 1039/1/1039 1044/1/1044 1029/1/1029 
f 1037/1/1037 1045/1/1045 1043/1/1043 
f 1043/1/1043 1031/1/1031 1037/1/1037 
f 1037/1/1037 1036/1/1036 1046/1/1046 
f 1046/1/1046 1045/1/1045 1037/1/1037 
f 1045/1/1045 1046/1/1046 839/1/839 
f 839/1/839 1032/1/1032 1045/1/1045 
f 1032/1/1032 1020/1/1020 1043/1/1043 
f 1043/1/1043 1045/1/1045 1032/1/1032 
f 1047/1/1047 1048/1/1048 1049/1/1049 
f 1049/1/1049 1050/1/1050 1047/1/1047 
f 1050/1/1050 897/1/897 896/1/896 
f 896/1/896 1047/1/1047 1050/1/1050 
f 1047/1/1047 896/1/896 267/1/267 
f 267/1/267 266/1/266 1047/1/1047 
f 266/1/266 252/1/252 1048/1/1048 
f 1048/1/1048 1047/1/1047 266/1/266 
f 1051/1/1051 1048/1/1048 252/1/252 
f 252/1/252 251/1/251 1051/1/1051 
f 251/1/251 250/1/250 1052/1/1052 
f 1052/1/1052 1051/1/1051 251/1/251 
f 1051/1/1051 1052/1/1052 1053/1/1053 
f 1053/1/1053 1054/1/1054 1051/1/1051 
f 1054/1/1054 1049/1/1049 1048/1/1048 
f 1048/1/1048 1051/1/1051 1054/1/1054 
f 1055/1/1055 1056/1/1056 1049/1/1049 
f 1049/1/1049 1054/1/1054 1055/1/1055 
f 1054/1/1054 1053/1/1053 1057/1/1057 
f 1057/1/1057 1055/1/1055 1054/1/1054 
f 1055/1/1055 1057/1/1057 1058/1/1058 
f 1058/1/1058 1059/1/1059 1055/1/1055 
f 1059/1/1059 1060/1/1060 1056/1/1056 
f 1056/1/1056 1055/1/1055 1059/1/1059 
f 1061/1/1061 241/1/241 240/1/240 
f 240/1/240 1062/1/1062 1061/1/1061 
f 1062/1/1062 240/1/240 239/1/239 
f 239/1/239 1063/1/1063 1062/1/1062 
f 1063/1/1063 1064/1/1064 1065/1/1065 
f 1065/1/1065 1062/1/1062 1063/1/1063 
f 1062/1/1062 1065/1/1065 1066/1/1066 
f 1066/1/1066 1061/1/1061 1062/1/1062 
f 1067/1/1067 1068/1/1068 230/1/230 
f 229/1/229 228/1/228 1069/1/1069 
f 1067/1/1067 1069/1/1069 1070/1/1070 
f 1070/1/1070 1071/1/1071 1067/1/1067 
f 1071/1/1071 1072/1/1072 1068/1/1068 
f 1073/1/1073 1074/1/1074 1075/1/1075 
f 1075/1/1075 1076/1/1076 1073/1/1073 
f 1076/1/1076 1077/1/1077 1078/1/1078 
f 1078/1/1078 1073/1/1073 1076/1/1076 
f 1073/1/1073 1078/1/1078 257/1/257 
f 257/1/257 256/1/256 1073/1/1073 
f 256/1/256 255/1/255 1074/1/1074 
f 1074/1/1074 1073/1/1073 256/1/256 
f 1079/1/1079 1080/1/1080 1081/1/1081 
f 1081/1/1081 1082/1/1082 1079/1/1079 
f 1082/1/1082 223/1/223 222/1/222 
f 222/1/222 1079/1/1079 1082/1/1082 
f 1079/1/1079 222/1/222 217/1/217 
f 217/1/217 1083/1/1083 1079/1/1079 
f 1083/1/1083 1084/1/1084 1080/1/1080 
f 1080/1/1080 1079/1/1079 1083/1/1083 
f 1085/1/1085 1086/1/1086 1087/1/1087 
f 1087/1/1087 1088/1/1088 1085/1/1085 
f 1088/1/1088 211/1/211 210/1/210 
f 210/1/210 1085/1/1085 1088/1/1088 
f 1085/1/1085 210/1/210 88/1/88 
f 88/1/88 87/1/87 1085/1/1085 
f 87/1/87 86/1/86 1086/1/1086 
f 1086/1/1086 1085/1/1085 87/1/87 
f 1089/1/1089 1090/1/1090 1084/1/1084 
f 1084/1/1084 1083/1/1083 1089/1/1089 
f 1083/1/1083 217/1/217 216/1/216 
f 216/1/216 1089/1/1089 1083/1/1083 
f 1089/1/1089 216/1/216 211/1/211 
f 211/1/211 1088/1/1088 1089/1/1089 
f 1088/1/1088 1087/1/1087 1090/1/1090 
f 1090/1/1090 1089/1/1089 1088/1/1088 
f 1091/1/1091 1092/1/1092 1093/1/1093 
f 1093/1/1093 1094/1/1094 1091/1/1091 
f 1094/1/1094 1084/1/1084 1090/1/1090 
f 1090/1/1090 1091/1/1091 1094/1/1094 
f 1091/1/1091 1090/1/1090 1087/1/1087 
f 1087/1/1087 1095/1/1095 1091/1/1091 
f 1095/1/1095 1096/1/1096 1092/1/1092 
f 1092/1/1092 1091/1/1091 1095/1/1095 
f 1097/1/1097 86/1/86 85/1/85 
f 85/1/85 1098/1/1098 1097/1/1097 
f 85/1/85 84/1/84 879/1/879 
f 879/1/879 1098/1/1098 85/1/85 
f 879/1/879 860/1/860 1099/1/1099 
f 1099/1/1099 1098/1/1098 879/1/879 
f 1099/1/1099 1100/1/1100 1097/1/1097 
f 1101/1/1101 1102/1/1102 1096/1/1096 
f 1096/1/1096 1095/1/1095 1101/1/1101 
f 1095/1/1095 1087/1/1087 1086/1/1086 
f 1086/1/1086 1101/1/1101 1095/1/1095 
f 1101/1/1101 1086/1/1086 86/1/86 
f 86/1/86 1097/1/1097 1101/1/1101 
f 1097/1/1097 1100/1/1100 1102/1/1102 
f 1102/1/1102 1101/1/1101 1097/1/1097 
f 1103/1/1103 1104/1/1104 1105/1/1105 
f 1105/1/1105 1106/1/1106 1103/1/1103 
f 1106/1/1106 1107/1/1107 1108/1/1108 
f 1103/1/1103 1108/1/1108 1109/1/1109 
f 1110/1/1110 1111/1/1111 1104/1/1104 
f 1112/1/1112 1113/1/1113 1114/1/1114 
f 1114/1/1114 1115/1/1115 1112/1/1112 
f 1115/1/1115 1116/1/1116 1117/1/1117 
f 1117/1/1117 1112/1/1112 1115/1/1115 
f 1112/1/1112 1117/1/1117 1107/1/1107 
f 1107/1/1107 1106/1/1106 1112/1/1112 
f 1106/1/1106 1105/1/1105 1113/1/1113 
f 1113/1/1113 1112/1/1112 1106/1/1106 
f 1118/1/1118 1119/1/1119 1120/1/1120 
f 1120/1/1120 1121/1/1121 1118/1/1118 
f 1121/1/1121 1120/1/1120 1122/1/1122 
f 1122/1/1122 1123/1/1123 1121/1/1121 
f 1123/1/1123 1124/1/1124 1125/1/1125 
f 1125/1/1125 1121/1/1121 1123/1/1123 
f 1121/1/1121 1125/1/1125 1126/1/1126 
f 1126/1/1126 1118/1/1118 1121/1/1121 
f 1127/1/1127 1128/1/1128 1129/1/1129 
f 1129/1/1129 1130/1/1130 1127/1/1127 
f 1130/1/1130 1131/1/1131 1132/1/1132 
f 1132/1/1132 1127/1/1127 1130/1/1130 
f 1127/1/1127 1132/1/1132 1133/1/1133 
f 1133/1/1133 1134/1/1134 1127/1/1127 
f 1134/1/1134 1135/1/1135 1128/1/1128 
f 1128/1/1128 1127/1/1127 1134/1/1134 
f 1136/1/1136 1137/1/1137 1060/1/1060 
f 1060/1/1060 1059/1/1059 1136/1/1136 
f 1059/1/1059 1058/1/1058 1138/1/1138 
f 1138/1/1138 1136/1/1136 1059/1/1059 
f 1136/1/1136 1138/1/1138 1139/1/1139 
f 1140/1/1140 1141/1/1141 1137/1/1137 
f 1137/1/1137 1136/1/1136 1140/1/1140 
f 1142/1/1142 1143/1/1143 1144/1/1144 
f 1144/1/1144 1145/1/1145 1146/1/1146 
f 1146/1/1146 1147/1/1147 1144/1/1144 
f 1147/1/1147 1146/1/1146 1148/1/1148 
f 1149/1/1149 1150/1/1150 1142/1/1142 
f 1142/1/1142 1147/1/1147 1149/1/1149 
f 1151/1/1151 1152/1/1152 1141/1/1141 
f 1153/1/1153 1151/1/1151 1140/1/1140 
f 1140/1/1140 1139/1/1139 1153/1/1153 
f 1151/1/1151 1153/1/1153 1154/1/1154 
f 1151/1/1151 1155/1/1155 1156/1/1156 
f 1156/1/1156 1152/1/1152 1151/1/1151 
f 1157/1/1157 1158/1/1158 1156/1/1156 
f 1155/1/1155 1154/1/1154 1159/1/1159 
f 1157/1/1157 1159/1/1159 1143/1/1143 
f 1143/1/1143 1142/1/1142 1157/1/1157 
f 1157/1/1157 1142/1/1142 1150/1/1150 
f 1160/1/1160 1161/1/1161 897/1/897 
f 897/1/897 1050/1/1050 1160/1/1160 
f 1050/1/1050 1049/1/1049 1056/1/1056 
f 1056/1/1056 1160/1/1160 1050/1/1050 
f 1160/1/1160 1056/1/1056 1060/1/1060 
f 1060/1/1060 1162/1/1162 1160/1/1160 
f 1162/1/1162 1163/1/1163 1161/1/1161 
f 1161/1/1161 1160/1/1160 1162/1/1162 
f 1164/1/1164 1163/1/1163 1162/1/1162 
f 1165/1/1165 1162/1/1162 1060/1/1060 
f 1060/1/1060 1137/1/1137 1165/1/1165 
f 1165/1/1165 1137/1/1137 1141/1/1141 
f 1141/1/1141 1164/1/1164 1165/1/1165 
f 1166/1/1166 1167/1/1167 1168/1/1168 
f 1168/1/1168 1169/1/1169 1166/1/1166 
f 1166/1/1166 1169/1/1169 1163/1/1163 
f 1164/1/1164 1141/1/1141 1152/1/1152 
f 1152/1/1152 1156/1/1156 1167/1/1167 
f 1170/1/1170 1167/1/1167 1156/1/1156 
f 1158/1/1158 1150/1/1150 1171/1/1171 
f 1170/1/1170 1171/1/1171 1172/1/1172 
f 1172/1/1172 1173/1/1173 1170/1/1170 
f 1173/1/1173 1168/1/1168 1167/1/1167 
f 1174/1/1174 582/1/582 574/1/574 
f 574/1/574 573/1/573 1174/1/1174 
f 573/1/573 572/1/572 1175/1/1175 
f 1175/1/1175 1174/1/1174 573/1/573 
f 1174/1/1174 1175/1/1175 1176/1/1176 
f 1176/1/1176 1177/1/1177 1174/1/1174 
f 1177/1/1177 583/1/583 582/1/582 
f 582/1/582 1174/1/1174 1177/1/1177 
f 1178/1/1178 1175/1/1175 572/1/572 
f 572/1/572 901/1/901 1178/1/1178 
f 901/1/901 897/1/897 1161/1/1161 
f 1161/1/1161 1178/1/1178 901/1/901 
f 1178/1/1178 1161/1/1161 1163/1/1163 
f 1163/1/1163 1179/1/1179 1178/1/1178 
f 1179/1/1179 1176/1/1176 1175/1/1175 
f 1175/1/1175 1178/1/1178 1179/1/1179 
f 1180/1/1180 1181/1/1181 590/1/590 
f 590/1/590 589/1/589 1180/1/1180 
f 589/1/589 588/1/588 598/1/598 
f 1180/1/1180 598/1/598 599/1/599 
f 599/1/599 1182/1/1182 1180/1/1180 
f 1182/1/1182 1183/1/1183 1181/1/1181 
f 1181/1/1181 1180/1/1180 1182/1/1182 
f 1179/1/1179 1163/1/1163 1169/1/1169 
f 1169/1/1169 1184/1/1184 1179/1/1179 
f 1169/1/1169 1168/1/1168 1185/1/1185 
f 1185/1/1185 1184/1/1184 1169/1/1169 
f 1185/1/1185 1186/1/1186 1187/1/1187 
f 1187/1/1187 1184/1/1184 1185/1/1185 
f 1184/1/1184 1187/1/1187 1176/1/1176 
f 1176/1/1176 1179/1/1179 1184/1/1184 
f 1188/1/1188 1183/1/1183 1189/1/1189 
f 1189/1/1189 1190/1/1190 1188/1/1188 
f 1189/1/1189 1186/1/1186 1191/1/1191 
f 1191/1/1191 1190/1/1190 1189/1/1189 
f 1190/1/1190 1191/1/1191 1192/1/1192 
f 1192/1/1192 1188/1/1188 1190/1/1190 
f 1193/1/1193 1194/1/1194 583/1/583 
f 583/1/583 1177/1/1177 1193/1/1193 
f 1177/1/1177 1176/1/1176 1187/1/1187 
f 1187/1/1187 1193/1/1193 1177/1/1177 
f 1193/1/1193 1187/1/1187 1186/1/1186 
f 1186/1/1186 1189/1/1189 1193/1/1193 
f 1189/1/1189 1183/1/1183 1194/1/1194 
f 1194/1/1194 1193/1/1193 1189/1/1189 
f 1195/1/1195 1196/1/1196 625/1/625 
f 625/1/625 624/1/624 1195/1/1195 
f 624/1/624 585/1/585 584/1/584 
f 584/1/584 1195/1/1195 624/1/624 
f 584/1/584 583/1/583 1194/1/1194 
f 1194/1/1194 1195/1/1195 584/1/584 
f 1194/1/1194 1183/1/1183 1196/1/1196 
f 1182/1/1182 599/1/599 609/1/609 
f 609/1/609 1197/1/1197 1182/1/1182 
f 1197/1/1197 609/1/609 608/1/608 
f 608/1/608 632/1/632 1197/1/1197 
f 632/1/632 625/1/625 1196/1/1196 
f 1196/1/1196 1183/1/1183 1182/1/1182 
f 1198/1/1198 1185/1/1185 1168/1/1168 
f 1173/1/1173 1172/1/1172 1199/1/1199 
f 1199/1/1199 1198/1/1198 1173/1/1173 
f 1198/1/1198 1199/1/1199 1192/1/1192 
f 1192/1/1192 1191/1/1191 1198/1/1198 
f 1198/1/1198 1191/1/1191 1186/1/1186 
f 1186/1/1186 1185/1/1185 1198/1/1198 
f 1200/1/1200 1201/1/1201 1202/1/1202 
f 1202/1/1202 1203/1/1203 1200/1/1200 
f 1203/1/1203 1204/1/1204 1205/1/1205 
f 1205/1/1205 1200/1/1200 1203/1/1203 
f 1200/1/1200 1205/1/1205 1206/1/1206 
f 1206/1/1206 1207/1/1207 1200/1/1200 
f 1207/1/1207 1208/1/1208 1201/1/1201 
f 1201/1/1201 1200/1/1200 1207/1/1207 
f 1209/1/1209 1210/1/1210 1206/1/1206 
f 1206/1/1206 1205/1/1205 1209/1/1209 
f 1205/1/1205 1204/1/1204 1211/1/1211 
f 1209/1/1209 1211/1/1211 1212/1/1212 
f 1212/1/1212 1213/1/1213 1209/1/1209 
f 1213/1/1213 1214/1/1214 1210/1/1210 
f 1210/1/1210 1209/1/1209 1213/1/1213 
f 1207/1/1207 1206/1/1206 1210/1/1210 
f 1210/1/1210 1215/1/1215 1207/1/1207 
f 1210/1/1210 1214/1/1214 1216/1/1216 
f 1216/1/1216 1215/1/1215 1210/1/1210 
f 1215/1/1215 1216/1/1216 1217/1/1217 
f 1217/1/1217 1218/1/1218 1215/1/1215 
f 1218/1/1218 1208/1/1208 1207/1/1207 
f 1207/1/1207 1215/1/1215 1218/1/1218 
f 1219/1/1219 1220/1/1220 1221/1/1221 
f 1221/1/1221 1222/1/1222 1219/1/1219 
f 1222/1/1222 1221/1/1221 1208/1/1208 
f 1208/1/1208 1218/1/1218 1222/1/1222 
f 1218/1/1218 1217/1/1217 1223/1/1223 
f 1223/1/1223 1222/1/1222 1218/1/1218 
f 1222/1/1222 1223/1/1223 1224/1/1224 
f 1224/1/1224 1219/1/1219 1222/1/1222 
f 1225/1/1225 1216/1/1216 1214/1/1214 
f 1214/1/1214 1226/1/1226 1225/1/1225 
f 1226/1/1226 1227/1/1227 1228/1/1228 
f 1228/1/1228 1225/1/1225 1226/1/1226 
f 1225/1/1225 1228/1/1228 1229/1/1229 
f 1229/1/1229 1230/1/1230 1225/1/1225 
f 1230/1/1230 1217/1/1217 1216/1/1216 
f 1216/1/1216 1225/1/1225 1230/1/1230 
f 1231/1/1231 1232/1/1232 1224/1/1224 
f 1224/1/1224 1223/1/1223 1231/1/1231 
f 1231/1/1231 1223/1/1223 1217/1/1217 
f 1217/1/1217 1230/1/1230 1231/1/1231 
f 1233/1/1233 1231/1/1231 1230/1/1230 
f 1230/1/1230 1229/1/1229 1233/1/1233 
f 1233/1/1233 1234/1/1234 1232/1/1232 
f 1232/1/1232 1231/1/1231 1233/1/1233 
f 1235/1/1235 1234/1/1234 1233/1/1233 
f 1233/1/1233 1236/1/1236 1235/1/1235 
f 1236/1/1236 1233/1/1233 1229/1/1229 
f 1229/1/1229 1237/1/1237 1236/1/1236 
f 1237/1/1237 1238/1/1238 1239/1/1239 
f 1239/1/1239 1236/1/1236 1237/1/1237 
f 1236/1/1236 1239/1/1239 1240/1/1240 
f 1240/1/1240 1235/1/1235 1236/1/1236 
f 1241/1/1241 1242/1/1242 1243/1/1243 
f 1243/1/1243 1244/1/1244 1241/1/1241 
f 1244/1/1244 1107/1/1107 1117/1/1117 
f 1117/1/1117 1241/1/1241 1244/1/1244 
f 1117/1/1117 1116/1/1116 1245/1/1245 
f 1245/1/1245 1241/1/1241 1117/1/1117 
f 1241/1/1241 1245/1/1245 1246/1/1246 
f 1246/1/1246 1242/1/1242 1241/1/1241 
f 1247/1/1247 1248/1/1248 1249/1/1249 
f 1249/1/1249 1250/1/1250 1247/1/1247 
f 1250/1/1250 1093/1/1093 1092/1/1092 
f 1092/1/1092 1247/1/1247 1250/1/1250 
f 1247/1/1247 1092/1/1092 1096/1/1096 
f 1096/1/1096 1251/1/1251 1247/1/1247 
f 1251/1/1251 1252/1/1252 1248/1/1248 
f 1248/1/1248 1247/1/1247 1251/1/1251 
f 1253/1/1253 1254/1/1254 1252/1/1252 
f 1251/1/1251 1096/1/1096 1102/1/1102 
f 1102/1/1102 1253/1/1253 1251/1/1251 
f 1102/1/1102 1100/1/1100 1254/1/1254 
f 1254/1/1254 1253/1/1253 1102/1/1102 
f 1255/1/1255 1256/1/1256 1109/1/1109 
f 1109/1/1109 1108/1/1108 1255/1/1255 
f 1255/1/1255 1108/1/1108 1107/1/1107 
f 1107/1/1107 1244/1/1244 1255/1/1255 
f 1243/1/1243 1257/1/1257 1255/1/1255 
f 1257/1/1257 1258/1/1258 1256/1/1256 
f 1259/1/1259 1260/1/1260 1261/1/1261 
f 1262/1/1262 1109/1/1109 1256/1/1256 
f 1259/1/1259 1256/1/1256 1258/1/1258 
f 1263/1/1263 1264/1/1264 1260/1/1260 
f 1260/1/1260 1259/1/1259 1263/1/1263 
f 1265/1/1265 1266/1/1266 1258/1/1258 
f 1258/1/1258 1257/1/1257 1265/1/1265 
f 1257/1/1257 1243/1/1243 1267/1/1267 
f 1267/1/1267 1265/1/1265 1257/1/1257 
f 1265/1/1265 1267/1/1267 1268/1/1268 
f 1268/1/1268 1269/1/1269 1265/1/1265 
f 1269/1/1269 1270/1/1270 1266/1/1266 
f 1266/1/1266 1265/1/1265 1269/1/1269 
f 1270/1/1270 1271/1/1271 1272/1/1272 
f 1271/1/1271 1252/1/1252 1254/1/1254 
f 1254/1/1254 1100/1/1100 1273/1/1273 
f 1273/1/1273 1264/1/1264 1274/1/1274 
f 1275/1/1275 1273/1/1273 1100/1/1100 
f 1100/1/1100 1099/1/1099 1275/1/1275 
f 1099/1/1099 860/1/860 859/1/859 
f 1275/1/1275 859/1/859 858/1/858 
f 858/1/858 1276/1/1276 1275/1/1275 
f 1276/1/1276 1264/1/1264 1273/1/1273 
f 1277/1/1277 1266/1/1266 1270/1/1270 
f 1270/1/1270 1274/1/1274 1277/1/1277 
f 1274/1/1274 1264/1/1264 1263/1/1263 
f 1263/1/1263 1277/1/1277 1274/1/1274 
f 1277/1/1277 1263/1/1263 1258/1/1258 
f 1258/1/1258 1266/1/1266 1277/1/1277 
f 1278/1/1278 857/1/857 852/1/852 
f 852/1/852 1279/1/1279 1278/1/1278 
f 1279/1/1279 1261/1/1261 1260/1/1260 
f 1260/1/1260 1278/1/1278 1279/1/1279 
f 1278/1/1278 1260/1/1260 1264/1/1264 
f 1264/1/1264 1276/1/1276 1278/1/1278 
f 1276/1/1276 858/1/858 857/1/857 
f 857/1/857 1278/1/1278 1276/1/1276 
f 1280/1/1280 1269/1/1269 1268/1/1268 
f 1281/1/1281 1249/1/1249 1248/1/1248 
f 1280/1/1280 1248/1/1248 1252/1/1252 
f 1252/1/1252 1271/1/1271 1280/1/1280 
f 1269/1/1269 1280/1/1280 1271/1/1271 
f 1271/1/1271 1270/1/1270 1269/1/1269 
f 1282/1/1282 1283/1/1283 850/1/850 
f 850/1/850 849/1/849 1282/1/1282 
f 849/1/849 848/1/848 1041/1/1041 
f 1041/1/1041 1282/1/1282 849/1/849 
f 1282/1/1282 1041/1/1041 1025/1/1025 
f 1025/1/1025 1024/1/1024 1282/1/1282 
f 1024/1/1024 1023/1/1023 1283/1/1283 
f 1283/1/1283 1282/1/1282 1024/1/1024 
f 1284/1/1284 1022/1/1022 999/1/999 
f 999/1/999 998/1/998 1284/1/1284 
f 998/1/998 997/1/997 1285/1/1285 
f 1285/1/1285 1284/1/1284 998/1/998 
f 1285/1/1285 1286/1/1286 1287/1/1287 
f 1287/1/1287 1284/1/1284 1285/1/1285 
f 1284/1/1284 1287/1/1287 1023/1/1023 
f 1023/1/1023 1022/1/1022 1284/1/1284 
f 1288/1/1288 1289/1/1289 1261/1/1261 
f 1279/1/1279 852/1/852 851/1/851 
f 851/1/851 1288/1/1288 1279/1/1279 
f 1288/1/1288 851/1/851 850/1/850 
f 850/1/850 1290/1/1290 1288/1/1288 
f 1290/1/1290 1291/1/1291 1289/1/1289 
f 1289/1/1289 1288/1/1288 1290/1/1290 
f 1292/1/1292 1110/1/1110 1109/1/1109 
f 1109/1/1109 1262/1/1262 1292/1/1292 
f 1262/1/1262 1261/1/1261 1289/1/1289 
f 1292/1/1292 1289/1/1289 1291/1/1291 
f 1291/1/1291 1293/1/1293 1292/1/1292 
f 1293/1/1293 1111/1/1111 1110/1/1110 
f 1110/1/1110 1292/1/1292 1293/1/1293 
f 1294/1/1294 1295/1/1295 1296/1/1296 
f 1296/1/1296 1297/1/1297 1294/1/1294 
f 1291/1/1291 1290/1/1290 1297/1/1297 
f 1290/1/1290 850/1/850 1283/1/1283 
f 1283/1/1283 1297/1/1297 1290/1/1290 
f 1297/1/1297 1283/1/1283 1023/1/1023 
f 1023/1/1023 1294/1/1294 1297/1/1297 
f 1298/1/1298 1287/1/1287 1286/1/1286 
f 1286/1/1286 1299/1/1299 1298/1/1298 
f 1298/1/1298 1299/1/1299 1295/1/1295 
f 1295/1/1295 1294/1/1294 1298/1/1298 
f 1294/1/1294 1023/1/1023 1287/1/1287 
f 1287/1/1287 1298/1/1298 1294/1/1294 
f 1293/1/1293 1291/1/1291 1300/1/1300 
f 1300/1/1300 1301/1/1301 1293/1/1293 
f 1301/1/1301 1300/1/1300 1302/1/1302 
f 1302/1/1302 1303/1/1303 1301/1/1301 
f 1301/1/1301 1303/1/1303 1111/1/1111 
f 1111/1/1111 1293/1/1293 1301/1/1301 
f 1304/1/1304 1305/1/1305 1286/1/1286 
f 1286/1/1286 1285/1/1285 1304/1/1304 
f 1304/1/1304 1285/1/1285 997/1/997 
f 997/1/997 1306/1/1306 1304/1/1304 
f 1306/1/1306 1307/1/1307 1308/1/1308 
f 1308/1/1308 1304/1/1304 1306/1/1306 
f 1304/1/1304 1308/1/1308 1309/1/1309 
f 1309/1/1309 1305/1/1305 1304/1/1304 
f 1310/1/1310 1295/1/1295 1299/1/1299 
f 1299/1/1299 1311/1/1311 1310/1/1310 
f 1299/1/1299 1286/1/1286 1305/1/1305 
f 1305/1/1305 1311/1/1311 1299/1/1299 
f 1305/1/1305 1309/1/1309 1312/1/1312 
f 1312/1/1312 1311/1/1311 1305/1/1305 
f 1311/1/1311 1312/1/1312 1313/1/1313 
f 1314/1/1314 1315/1/1315 1302/1/1302 
f 1302/1/1302 1300/1/1300 1314/1/1314 
f 1300/1/1300 1291/1/1291 1296/1/1296 
f 1296/1/1296 1314/1/1314 1300/1/1300 
f 1314/1/1314 1296/1/1296 1295/1/1295 
f 1295/1/1295 1310/1/1310 1314/1/1314 
f 1310/1/1310 1313/1/1313 1315/1/1315 
f 1315/1/1315 1314/1/1314 1310/1/1310 
f 1316/1/1316 1309/1/1309 1308/1/1308 
f 1317/1/1317 1308/1/1308 1307/1/1307 
f 1307/1/1307 1318/1/1318 1317/1/1317 
f 1318/1/1318 1319/1/1319 1320/1/1320 
f 1320/1/1320 1317/1/1317 1318/1/1318 
f 1317/1/1317 1320/1/1320 1321/1/1321 
f 1321/1/1321 1316/1/1316 1317/1/1317 
f 1322/1/1322 1105/1/1105 1104/1/1104 
f 1104/1/1104 1323/1/1323 1322/1/1322 
f 1104/1/1104 1111/1/1111 1303/1/1303 
f 1303/1/1303 1323/1/1323 1104/1/1104 
f 1323/1/1323 1303/1/1303 1302/1/1302 
f 1302/1/1302 1324/1/1324 1323/1/1323 
f 1322/1/1322 1323/1/1323 1324/1/1324 
f 1324/1/1324 1325/1/1325 1322/1/1322 
f 1326/1/1326 1327/1/1327 1325/1/1325 
f 1325/1/1325 1324/1/1324 1326/1/1326 
f 1324/1/1324 1302/1/1302 1315/1/1315 
f 1315/1/1315 1326/1/1326 1324/1/1324 
f 1326/1/1326 1315/1/1315 1313/1/1313 
f 1328/1/1328 1329/1/1329 1327/1/1327 
f 1327/1/1327 1326/1/1326 1328/1/1328 
f 1330/1/1330 1331/1/1331 1329/1/1329 
f 1329/1/1329 1328/1/1328 1330/1/1330 
f 1328/1/1328 1313/1/1313 1312/1/1312 
f 1330/1/1330 1312/1/1312 1309/1/1309 
f 1309/1/1309 1316/1/1316 1330/1/1330 
f 1316/1/1316 1321/1/1321 1331/1/1331 
f 1331/1/1331 1330/1/1330 1316/1/1316 
f 1332/1/1332 1333/1/1333 1334/1/1334 
f 1334/1/1334 1335/1/1335 1332/1/1332 
f 1335/1/1335 1321/1/1321 1320/1/1320 
f 1320/1/1320 1332/1/1332 1335/1/1335 
f 1332/1/1332 1320/1/1320 1319/1/1319 
f 1319/1/1319 1336/1/1336 1332/1/1332 
f 1336/1/1336 1337/1/1337 1333/1/1333 
f 1333/1/1333 1332/1/1332 1336/1/1336 
f 1338/1/1338 1113/1/1113 1105/1/1105 
f 1105/1/1105 1322/1/1322 1338/1/1338 
f 1322/1/1322 1325/1/1325 1339/1/1339 
f 1339/1/1339 1338/1/1338 1322/1/1322 
f 1339/1/1339 1340/1/1340 1341/1/1341 
f 1341/1/1341 1338/1/1338 1339/1/1339 
f 1341/1/1341 1114/1/1114 1113/1/1113 
f 1113/1/1113 1338/1/1338 1341/1/1341 
f 1342/1/1342 1343/1/1343 1340/1/1340 
f 1340/1/1340 1339/1/1339 1342/1/1342 
f 1339/1/1339 1325/1/1325 1327/1/1327 
f 1327/1/1327 1342/1/1342 1339/1/1339 
f 1342/1/1342 1327/1/1327 1329/1/1329 
f 1329/1/1329 1344/1/1344 1342/1/1342 
f 1344/1/1344 1345/1/1345 1343/1/1343 
f 1343/1/1343 1342/1/1342 1344/1/1344 
f 1346/1/1346 1347/1/1347 1345/1/1345 
f 1345/1/1345 1344/1/1344 1346/1/1346 
f 1344/1/1344 1329/1/1329 1331/1/1331 
f 1331/1/1331 1346/1/1346 1344/1/1344 
f 1346/1/1346 1331/1/1331 1321/1/1321 
f 1321/1/1321 1335/1/1335 1346/1/1346 
f 1335/1/1335 1334/1/1334 1347/1/1347 
f 1347/1/1347 1346/1/1346 1335/1/1335 
f 1348/1/1348 1349/1/1349 1350/1/1350 
f 1350/1/1350 1351/1/1351 1348/1/1348 
f 1351/1/1351 1352/1/1352 1353/1/1353 
f 1353/1/1353 1348/1/1348 1351/1/1351 
f 1348/1/1348 1353/1/1353 1354/1/1354 
f 1354/1/1354 1355/1/1355 1348/1/1348 
f 1355/1/1355 1356/1/1356 1349/1/1349 
f 1349/1/1349 1348/1/1348 1355/1/1355 
f 1357/1/1357 1358/1/1358 1350/1/1350 
f 1349/1/1349 1356/1/1356 1359/1/1359 
f 1359/1/1359 1357/1/1357 1349/1/1349 
f 1357/1/1357 1359/1/1359 1360/1/1360 
f 1360/1/1360 1361/1/1361 1357/1/1357 
f 1361/1/1361 1362/1/1362 1358/1/1358 
f 1358/1/1358 1357/1/1357 1361/1/1361 
f 1363/1/1363 1364/1/1364 1365/1/1365 
f 1365/1/1365 1366/1/1366 1363/1/1363 
f 1367/1/1367 1364/1/1364 1363/1/1363 
f 1363/1/1363 1368/1/1368 1367/1/1367 
f 1364/1/1364 1367/1/1367 1369/1/1369 
f 1369/1/1369 1370/1/1370 1364/1/1364 
f 1370/1/1370 1371/1/1371 1365/1/1365 
f 1372/1/1372 1373/1/1373 1371/1/1371 
f 1371/1/1371 1370/1/1370 1372/1/1372 
f 1370/1/1370 1369/1/1369 1374/1/1374 
f 1374/1/1374 1372/1/1372 1370/1/1370 
f 1372/1/1372 1374/1/1374 1375/1/1375 
f 1375/1/1375 1376/1/1376 1372/1/1372 
f 1376/1/1376 1377/1/1377 1373/1/1373 
f 1373/1/1373 1372/1/1372 1376/1/1376 
f 1378/1/1378 1146/1/1146 1145/1/1145 
f 1145/1/1145 1379/1/1379 1378/1/1378 
f 1379/1/1379 1380/1/1380 1381/1/1381 
f 1381/1/1381 1378/1/1378 1379/1/1379 
f 1378/1/1378 1381/1/1381 1382/1/1382 
f 1382/1/1382 1383/1/1383 1378/1/1378 
f 1383/1/1383 1148/1/1148 1146/1/1146 
f 1146/1/1146 1378/1/1378 1383/1/1383 
f 1384/1/1384 1385/1/1385 1386/1/1386 
f 1386/1/1386 1387/1/1387 1384/1/1384 
f 1387/1/1387 1371/1/1371 1373/1/1373 
f 1384/1/1384 1373/1/1373 1377/1/1377 
f 1377/1/1377 1388/1/1388 1384/1/1384 
f 1388/1/1388 1389/1/1389 1385/1/1385 
f 1390/1/1390 1385/1/1385 1389/1/1389 
f 1389/1/1389 1391/1/1391 1390/1/1390 
f 1391/1/1391 1382/1/1382 1381/1/1381 
f 1381/1/1381 1390/1/1390 1391/1/1391 
f 1390/1/1390 1381/1/1381 1380/1/1380 
f 1380/1/1380 1392/1/1392 1390/1/1390 
f 1392/1/1392 1386/1/1386 1385/1/1385 
f 1385/1/1385 1390/1/1390 1392/1/1392 
f 1393/1/1393 1394/1/1394 1395/1/1395 
f 1395/1/1395 1396/1/1396 1393/1/1393 
f 1396/1/1396 1397/1/1397 1398/1/1398 
f 1398/1/1398 1393/1/1393 1396/1/1396 
f 1393/1/1393 1398/1/1398 1399/1/1399 
f 1399/1/1399 1400/1/1400 1393/1/1393 
f 1400/1/1400 1401/1/1401 1394/1/1394 
f 1394/1/1394 1393/1/1393 1400/1/1400 
f 1402/1/1402 1403/1/1403 1404/1/1404 
f 1404/1/1404 1405/1/1405 1402/1/1402 
f 1405/1/1405 1172/1/1172 1171/1/1171 
f 1171/1/1171 1402/1/1402 1405/1/1405 
f 1402/1/1402 1171/1/1171 1150/1/1150 
f 1149/1/1149 1148/1/1148 1403/1/1403 
f 1403/1/1403 1402/1/1402 1149/1/1149 
f 1406/1/1406 1404/1/1404 1403/1/1403 
f 1403/1/1403 1407/1/1407 1406/1/1406 
f 1407/1/1407 1403/1/1403 1148/1/1148 
f 1383/1/1383 1382/1/1382 1406/1/1406 
f 1406/1/1406 1407/1/1407 1383/1/1383 
f 1408/1/1408 1409/1/1409 1377/1/1377 
f 1377/1/1377 1376/1/1376 1408/1/1408 
f 1376/1/1376 1375/1/1375 1410/1/1410 
f 1410/1/1410 1408/1/1408 1376/1/1376 
f 1408/1/1408 1410/1/1410 1397/1/1397 
f 1397/1/1397 1396/1/1396 1408/1/1408 
f 1396/1/1396 1395/1/1395 1409/1/1409 
f 1409/1/1409 1408/1/1408 1396/1/1396 
f 1411/1/1411 1199/1/1199 1172/1/1172 
f 1405/1/1405 1404/1/1404 1412/1/1412 
f 1412/1/1412 1411/1/1411 1405/1/1405 
f 1411/1/1411 1412/1/1412 1413/1/1413 
f 1414/1/1414 1192/1/1192 1199/1/1199 
f 1199/1/1199 1411/1/1411 1414/1/1414 
f 1415/1/1415 1416/1/1416 1417/1/1417 
f 1418/1/1418 1413/1/1413 1412/1/1412 
f 1412/1/1412 1415/1/1415 1418/1/1418 
f 1415/1/1415 1412/1/1412 1404/1/1404 
f 1404/1/1404 1416/1/1416 1415/1/1415 
f 1419/1/1419 1401/1/1401 1420/1/1420 
f 1420/1/1420 1421/1/1421 1419/1/1419 
f 1420/1/1420 530/1/530 591/1/591 
f 591/1/591 590/1/590 1422/1/1422 
f 1421/1/1421 1422/1/1422 1413/1/1413 
f 1418/1/1418 1417/1/1417 1423/1/1423 
f 1423/1/1423 1395/1/1395 1394/1/1394 
f 1394/1/1394 1424/1/1424 1423/1/1423 
f 1424/1/1424 1394/1/1394 1401/1/1401 
f 1419/1/1419 1413/1/1413 1418/1/1418 
f 1418/1/1418 1424/1/1424 1419/1/1419 
f 1425/1/1425 1422/1/1422 590/1/590 
f 1181/1/1181 1183/1/1183 1188/1/1188 
f 1188/1/1188 1425/1/1425 1181/1/1181 
f 1425/1/1425 1188/1/1188 1192/1/1192 
f 1414/1/1414 1413/1/1413 1422/1/1422 
f 1422/1/1422 1425/1/1425 1414/1/1414 
f 1426/1/1426 1427/1/1427 1389/1/1389 
f 1389/1/1389 1388/1/1388 1426/1/1426 
f 1388/1/1388 1377/1/1377 1409/1/1409 
f 1409/1/1409 1426/1/1426 1388/1/1388 
f 1426/1/1426 1409/1/1409 1395/1/1395 
f 1423/1/1423 1417/1/1417 1427/1/1427 
f 1427/1/1427 1426/1/1426 1423/1/1423 
f 1416/1/1416 1404/1/1404 1406/1/1406 
f 1428/1/1428 1406/1/1406 1382/1/1382 
f 1391/1/1391 1389/1/1389 1427/1/1427 
f 1427/1/1427 1417/1/1417 1416/1/1416 
f 1416/1/1416 1428/1/1428 1427/1/1427 
f 1429/1/1429 1430/1/1430 1431/1/1431 
f 1431/1/1431 1432/1/1432 1429/1/1429 
f 1432/1/1432 1399/1/1399 1398/1/1398 
f 1429/1/1429 1398/1/1398 1397/1/1397 
f 1397/1/1397 1410/1/1410 1429/1/1429 
f 1410/1/1410 1375/1/1375 1430/1/1430 
f 1430/1/1430 1429/1/1429 1410/1/1410 
f 1433/1/1433 1431/1/1431 1430/1/1430 
f 1430/1/1430 1434/1/1434 1433/1/1433 
f 1430/1/1430 1375/1/1375 1374/1/1374 
f 1374/1/1374 1434/1/1434 1430/1/1430 
f 1434/1/1434 1374/1/1374 1369/1/1369 
f 1435/1/1435 1436/1/1436 1433/1/1433 
f 1433/1/1433 1434/1/1434 1435/1/1435 
f 1437/1/1437 1438/1/1438 1439/1/1439 
f 1439/1/1439 1440/1/1440 1437/1/1437 
f 1440/1/1440 1431/1/1431 1433/1/1433 
f 1433/1/1433 1437/1/1437 1440/1/1440 
f 1437/1/1437 1433/1/1433 1436/1/1436 
f 1441/1/1441 1442/1/1442 1438/1/1438 
f 1438/1/1438 1437/1/1437 1441/1/1441 
f 1435/1/1435 1369/1/1369 1367/1/1367 
f 1367/1/1367 1443/1/1443 1435/1/1435 
f 1368/1/1368 1444/1/1444 1443/1/1443 
f 1443/1/1443 1444/1/1444 1445/1/1445 
f 1445/1/1445 1446/1/1446 1443/1/1443 
f 1443/1/1443 1446/1/1446 1436/1/1436 
f 1436/1/1436 1435/1/1435 1443/1/1443 
f 1441/1/1441 1436/1/1436 1446/1/1446 
f 1446/1/1446 1447/1/1447 1441/1/1441 
f 1446/1/1446 1445/1/1445 1448/1/1448 
f 1448/1/1448 1447/1/1447 1446/1/1446 
f 1447/1/1447 1448/1/1448 1449/1/1449 
f 1449/1/1449 1450/1/1450 1447/1/1447 
f 1441/1/1441 1447/1/1447 1450/1/1450 
f 1450/1/1450 1442/1/1442 1441/1/1441 
f 1451/1/1451 1452/1/1452 1453/1/1453 
f 1453/1/1453 1454/1/1454 1451/1/1451 
f 1454/1/1454 1455/1/1455 1456/1/1456 
f 1456/1/1456 1451/1/1451 1454/1/1454 
f 1451/1/1451 1456/1/1456 1457/1/1457 
f 1457/1/1457 1458/1/1458 1451/1/1451 
f 1458/1/1458 1459/1/1459 1452/1/1452 
f 1452/1/1452 1451/1/1451 1458/1/1458 
f 1460/1/1460 1461/1/1461 1462/1/1462 
f 1462/1/1462 1463/1/1463 1460/1/1460 
f 1463/1/1463 1354/1/1354 1353/1/1353 
f 1353/1/1353 1460/1/1460 1463/1/1463 
f 1460/1/1460 1353/1/1353 1352/1/1352 
f 1352/1/1352 1464/1/1464 1460/1/1460 
f 1464/1/1464 1465/1/1465 1461/1/1461 
f 1461/1/1461 1460/1/1460 1464/1/1464 
f 1466/1/1466 1467/1/1467 1468/1/1468 
f 1468/1/1468 1469/1/1469 1466/1/1466 
f 1469/1/1469 1470/1/1470 1471/1/1471 
f 1471/1/1471 1466/1/1466 1469/1/1469 
f 1466/1/1466 1471/1/1471 1337/1/1337 
f 1337/1/1337 1336/1/1336 1466/1/1466 
f 1336/1/1336 1319/1/1319 1467/1/1467 
f 1467/1/1467 1466/1/1466 1336/1/1336 
f 1472/1/1472 1473/1/1473 1307/1/1307 
f 1307/1/1307 1306/1/1306 1472/1/1472 
f 1306/1/1306 997/1/997 996/1/996 
f 996/1/996 1472/1/1472 1306/1/1306 
f 1472/1/1472 996/1/996 995/1/995 
f 995/1/995 1474/1/1474 1472/1/1472 
f 1474/1/1474 1475/1/1475 1473/1/1473 
f 1473/1/1473 1472/1/1472 1474/1/1474 
f 1476/1/1476 1473/1/1473 1475/1/1475 
f 1475/1/1475 1477/1/1477 1476/1/1476 
f 1477/1/1477 1468/1/1468 1467/1/1467 
f 1467/1/1467 1476/1/1476 1477/1/1477 
f 1476/1/1476 1467/1/1467 1319/1/1319 
f 1319/1/1319 1318/1/1318 1476/1/1476 
f 1318/1/1318 1307/1/1307 1473/1/1473 
f 1473/1/1473 1476/1/1476 1318/1/1318 
f 1478/1/1478 1479/1/1479 1475/1/1475 
f 1475/1/1475 1474/1/1474 1478/1/1478 
f 1474/1/1474 995/1/995 1480/1/1480 
f 1480/1/1480 1478/1/1478 1474/1/1474 
f 1478/1/1478 1480/1/1480 1481/1/1481 
f 1482/1/1482 1483/1/1483 1479/1/1479 
f 1484/1/1484 1480/1/1480 995/1/995 
f 995/1/995 994/1/994 1484/1/1484 
f 994/1/994 845/1/845 844/1/844 
f 844/1/844 1484/1/1484 994/1/994 
f 1484/1/1484 844/1/844 843/1/843 
f 843/1/843 1485/1/1485 1484/1/1484 
f 1485/1/1485 1481/1/1481 1480/1/1480 
f 1480/1/1480 1484/1/1484 1485/1/1485 
f 1486/1/1486 1479/1/1479 1483/1/1483 
f 1487/1/1487 1488/1/1488 1489/1/1489 
f 1486/1/1486 1489/1/1489 1468/1/1468 
f 1468/1/1468 1477/1/1477 1486/1/1486 
f 1477/1/1477 1475/1/1475 1479/1/1479 
f 1479/1/1479 1486/1/1486 1477/1/1477 
f 1482/1/1482 1481/1/1481 1490/1/1490 
f 1490/1/1490 1491/1/1491 1482/1/1482 
f 1491/1/1491 1490/1/1490 1492/1/1492 
f 1492/1/1492 1493/1/1493 1491/1/1491 
f 1491/1/1491 1493/1/1493 1483/1/1483 
f 1483/1/1483 1482/1/1482 1491/1/1491 
f 1494/1/1494 1495/1/1495 1431/1/1431 
f 1431/1/1431 1440/1/1440 1494/1/1494 
f 1440/1/1440 1439/1/1439 1496/1/1496 
f 1496/1/1496 1494/1/1494 1440/1/1440 
f 1494/1/1494 1496/1/1496 1497/1/1497 
f 1497/1/1497 1498/1/1498 1494/1/1494 
f 1498/1/1498 1499/1/1499 1495/1/1495 
f 1495/1/1495 1494/1/1494 1498/1/1498 
f 1500/1/1500 1501/1/1501 1502/1/1502 
f 1502/1/1502 1503/1/1503 1500/1/1500 
f 1503/1/1503 1504/1/1504 1505/1/1505 
f 1505/1/1505 1500/1/1500 1503/1/1503 
f 1505/1/1505 1499/1/1499 1501/1/1501 
f 1506/1/1506 1507/1/1507 1399/1/1399 
f 1432/1/1432 1431/1/1431 1495/1/1495 
f 1506/1/1506 1495/1/1495 1499/1/1499 
f 1499/1/1499 1505/1/1505 1506/1/1506 
f 1505/1/1505 1504/1/1504 1507/1/1507 
f 1507/1/1507 1506/1/1506 1505/1/1505 
f 1508/1/1508 1509/1/1509 1510/1/1510 
f 1510/1/1510 1511/1/1511 1508/1/1508 
f 1510/1/1510 1512/1/1512 1513/1/1513 
f 1513/1/1513 1511/1/1511 1510/1/1510 
f 1511/1/1511 1513/1/1513 1514/1/1514 
f 1514/1/1514 1515/1/1515 1511/1/1511 
f 1511/1/1511 1515/1/1515 1516/1/1516 
f 1516/1/1516 1508/1/1508 1511/1/1511 
f 1517/1/1517 1518/1/1518 1519/1/1519 
f 1520/1/1520 1521/1/1521 1522/1/1522 
f 1522/1/1522 1517/1/1517 1520/1/1520 
f 1522/1/1522 1523/1/1523 1524/1/1524 
f 1524/1/1524 1517/1/1517 1522/1/1522 
f 1517/1/1517 1524/1/1524 1525/1/1525 
f 1525/1/1525 1518/1/1518 1517/1/1517 
f 1526/1/1526 1527/1/1527 1528/1/1528 
f 1528/1/1528 1529/1/1529 1526/1/1526 
f 1526/1/1526 1529/1/1529 1521/1/1521 
f 1521/1/1521 1520/1/1520 1526/1/1526 
f 1526/1/1526 1520/1/1520 1519/1/1519 
f 1519/1/1519 1530/1/1530 1526/1/1526 
f 1526/1/1526 1530/1/1530 1531/1/1531 
f 1531/1/1531 1527/1/1527 1526/1/1526 
f 1532/1/1532 1531/1/1531 1530/1/1530 
f 1530/1/1530 1533/1/1533 1532/1/1532 
f 1518/1/1518 1533/1/1533 1530/1/1530 
f 1530/1/1530 1519/1/1519 1518/1/1518 
f 1533/1/1533 1518/1/1518 1525/1/1525 
f 1525/1/1525 1534/1/1534 1533/1/1533 
f 1534/1/1534 1535/1/1535 1532/1/1532 
f 1532/1/1532 1533/1/1533 1534/1/1534 
f 1536/1/1536 1514/1/1514 1513/1/1513 
f 1513/1/1513 1537/1/1537 1536/1/1536 
f 1537/1/1537 1513/1/1513 1512/1/1512 
f 1512/1/1512 1538/1/1538 1537/1/1537 
f 1538/1/1538 1528/1/1528 1527/1/1527 
f 1527/1/1527 1537/1/1537 1538/1/1538 
f 1536/1/1536 1537/1/1537 1527/1/1527 
f 1527/1/1527 1531/1/1531 1536/1/1536 
f 1539/1/1539 1540/1/1540 1516/1/1516 
f 1515/1/1515 1514/1/1514 1536/1/1536 
f 1536/1/1536 1539/1/1539 1515/1/1515 
f 1539/1/1539 1536/1/1536 1531/1/1531 
f 1531/1/1531 1532/1/1532 1539/1/1539 
f 1532/1/1532 1535/1/1535 1540/1/1540 
f 1541/1/1541 1542/1/1542 1509/1/1509 
f 1509/1/1509 1508/1/1508 1541/1/1541 
f 1508/1/1508 1516/1/1516 1540/1/1540 
f 1540/1/1540 1541/1/1541 1508/1/1508 
f 1541/1/1541 1540/1/1540 1535/1/1535 
f 1535/1/1535 1543/1/1543 1541/1/1541 
f 1543/1/1543 1544/1/1544 1542/1/1542 
f 1542/1/1542 1541/1/1541 1543/1/1543 
f 1545/1/1545 1524/1/1524 1523/1/1523 
f 1523/1/1523 1546/1/1546 1545/1/1545 
f 1546/1/1546 1544/1/1544 1543/1/1543 
f 1543/1/1543 1545/1/1545 1546/1/1546 
f 1545/1/1545 1543/1/1543 1535/1/1535 
f 1535/1/1535 1534/1/1534 1545/1/1545 
f 1534/1/1534 1525/1/1525 1524/1/1524 
f 1524/1/1524 1545/1/1545 1534/1/1534 
f 1547/1/1547 1548/1/1548 1549/1/1549 
f 1549/1/1549 1550/1/1550 1547/1/1547 
f 1550/1/1550 1551/1/1551 1552/1/1552 
f 1552/1/1552 1547/1/1547 1550/1/1550 
f 1547/1/1547 1552/1/1552 1553/1/1553 
f 1553/1/1553 1554/1/1554 1547/1/1547 
f 1554/1/1554 1555/1/1555 1548/1/1548 
f 1548/1/1548 1547/1/1547 1554/1/1554 
f 1556/1/1556 1557/1/1557 1549/1/1549 
f 1549/1/1549 1548/1/1548 1556/1/1556 
f 1548/1/1548 1555/1/1555 1558/1/1558 
f 1558/1/1558 1556/1/1556 1548/1/1548 
f 1556/1/1556 1558/1/1558 1559/1/1559 
f 1559/1/1559 1560/1/1560 1556/1/1556 
f 1560/1/1560 1561/1/1561 1557/1/1557 
f 1557/1/1557 1556/1/1556 1560/1/1560 
f 1562/1/1562 1563/1/1563 1564/1/1564 
f 1564/1/1564 1565/1/1565 1562/1/1562 
f 1565/1/1565 1566/1/1566 1567/1/1567 
f 1567/1/1567 1562/1/1562 1565/1/1565 
f 1562/1/1562 1567/1/1567 1551/1/1551 
f 1551/1/1551 1550/1/1550 1562/1/1562 
f 1550/1/1550 1549/1/1549 1563/1/1563 
f 1563/1/1563 1562/1/1562 1550/1/1550 
f 1568/1/1568 1569/1/1569 1564/1/1564 
f 1564/1/1564 1563/1/1563 1568/1/1568 
f 1563/1/1563 1549/1/1549 1557/1/1557 
f 1557/1/1557 1568/1/1568 1563/1/1563 
f 1568/1/1568 1557/1/1557 1561/1/1561 
f 1561/1/1561 1570/1/1570 1568/1/1568 
f 1570/1/1570 1571/1/1571 1569/1/1569 
f 1569/1/1569 1568/1/1568 1570/1/1570 
f 1572/1/1572 1573/1/1573 1504/1/1504 
f 1504/1/1504 1503/1/1503 1572/1/1572 
f 1503/1/1503 1502/1/1502 1574/1/1574 
f 1574/1/1574 1572/1/1572 1503/1/1503 
f 1572/1/1572 1574/1/1574 1566/1/1566 
f 1566/1/1566 1575/1/1575 1572/1/1572 
f 1575/1/1575 1576/1/1576 1573/1/1573 
f 1573/1/1573 1572/1/1572 1575/1/1575 
f 1577/1/1577 1571/1/1571 1578/1/1578 
f 1578/1/1578 834/1/834 833/1/833 
f 833/1/833 1579/1/1579 1578/1/1578 
f 1579/1/1579 833/1/833 828/1/828 
f 1580/1/1580 1581/1/1581 1577/1/1577 
f 1577/1/1577 1579/1/1579 1580/1/1580 
f 1582/1/1582 1580/1/1580 828/1/828 
f 827/1/827 814/1/814 821/1/821 
f 821/1/821 1582/1/1582 827/1/827 
f 1582/1/1582 821/1/821 521/1/521 
f 521/1/521 1583/1/1583 1582/1/1582 
f 1583/1/1583 1581/1/1581 1580/1/1580 
f 1584/1/1584 1585/1/1585 1576/1/1576 
f 1586/1/1586 532/1/532 531/1/531 
f 1584/1/1584 531/1/531 530/1/530 
f 1420/1/1420 1401/1/1401 1585/1/1585 
f 1573/1/1573 1576/1/1576 1585/1/1585 
f 1585/1/1585 1587/1/1587 1573/1/1573 
f 1585/1/1585 1401/1/1401 1400/1/1400 
f 1400/1/1400 1399/1/1399 1507/1/1507 
f 1507/1/1507 1587/1/1587 1400/1/1400 
f 1507/1/1507 1504/1/1504 1573/1/1573 
f 1573/1/1573 1587/1/1587 1507/1/1507 
f 1588/1/1588 1583/1/1583 521/1/521 
f 521/1/521 520/1/520 1588/1/1588 
f 520/1/520 517/1/517 1589/1/1589 
f 1589/1/1589 1590/1/1590 1591/1/1591 
f 1591/1/1591 1581/1/1581 1583/1/1583 
f 1583/1/1583 1588/1/1588 1591/1/1591 
f 1592/1/1592 1575/1/1575 1566/1/1566 
f 1565/1/1565 1564/1/1564 1593/1/1593 
f 1592/1/1592 1593/1/1593 1594/1/1594 
f 1594/1/1594 1595/1/1595 1592/1/1592 
f 1595/1/1595 1576/1/1576 1575/1/1575 
f 1596/1/1596 1597/1/1597 509/1/509 
f 509/1/509 527/1/527 1596/1/1596 
f 527/1/527 526/1/526 533/1/533 
f 533/1/533 1596/1/1596 527/1/527 
f 533/1/533 532/1/532 1598/1/1598 
f 1598/1/1598 1596/1/1596 533/1/533 
f 1598/1/1598 1590/1/1590 1597/1/1597 
f 1597/1/1597 1596/1/1596 1598/1/1598 
f 1599/1/1599 516/1/516 505/1/505 
f 504/1/504 509/1/509 1597/1/1597 
f 1597/1/1597 1599/1/1599 504/1/504 
f 1589/1/1589 1599/1/1599 1597/1/1597 
f 1597/1/1597 1590/1/1590 1589/1/1589 
f 1589/1/1589 517/1/517 516/1/516 
f 516/1/516 1599/1/1599 1589/1/1589 
f 1591/1/1591 1590/1/1590 1600/1/1600 
f 1600/1/1600 1601/1/1601 1591/1/1591 
f 1601/1/1601 1600/1/1600 1594/1/1594 
f 1594/1/1594 1602/1/1602 1601/1/1601 
f 1601/1/1601 1602/1/1602 1581/1/1581 
f 1603/1/1603 1598/1/1598 532/1/532 
f 532/1/532 1586/1/1586 1603/1/1603 
f 1586/1/1586 1576/1/1576 1595/1/1595 
f 1595/1/1595 1603/1/1603 1586/1/1586 
f 1595/1/1595 1594/1/1594 1600/1/1600 
f 1600/1/1600 1590/1/1590 1598/1/1598 
f 1598/1/1598 1603/1/1603 1600/1/1600 
f 1604/1/1604 1593/1/1593 1564/1/1564 
f 1564/1/1564 1569/1/1569 1604/1/1604 
f 1569/1/1569 1571/1/1571 1577/1/1577 
f 1577/1/1577 1604/1/1604 1569/1/1569 
f 1604/1/1604 1577/1/1577 1581/1/1581 
f 1581/1/1581 1602/1/1602 1604/1/1604 
f 1602/1/1602 1594/1/1594 1593/1/1593 
f 1593/1/1593 1604/1/1604 1602/1/1602 
f 1605/1/1605 835/1/835 834/1/834 
f 834/1/834 1578/1/1578 1605/1/1605 
f 1578/1/1578 1571/1/1571 1606/1/1606 
f 1606/1/1606 1607/1/1607 1608/1/1608 
f 1608/1/1608 1605/1/1605 1606/1/1606 
f 1605/1/1605 1608/1/1608 836/1/836 
f 1609/1/1609 1610/1/1610 1611/1/1611 
f 1611/1/1611 1612/1/1612 1609/1/1609 
f 1611/1/1611 1481/1/1481 1485/1/1485 
f 1485/1/1485 1612/1/1612 1611/1/1611 
f 1612/1/1612 1485/1/1485 843/1/843 
f 1613/1/1613 1614/1/1614 1609/1/1609 
f 1609/1/1609 1614/1/1614 1615/1/1615 
f 1615/1/1615 1616/1/1616 1609/1/1609 
f 1616/1/1616 1615/1/1615 1617/1/1617 
f 1616/1/1616 1618/1/1618 1610/1/1610 
f 1610/1/1610 1609/1/1609 1616/1/1616 
f 1619/1/1619 1615/1/1615 1614/1/1614 
f 1620/1/1620 836/1/836 1608/1/1608 
f 1608/1/1608 1619/1/1619 1620/1/1620 
f 1619/1/1619 1608/1/1608 1607/1/1607 
f 1621/1/1621 1617/1/1617 1615/1/1615 
f 1615/1/1615 1619/1/1619 1621/1/1621 
f 1622/1/1622 1623/1/1623 1624/1/1624 
f 1624/1/1624 1492/1/1492 1490/1/1490 
f 1490/1/1490 1625/1/1625 1624/1/1624 
f 1625/1/1625 1490/1/1490 1481/1/1481 
f 1611/1/1611 1610/1/1610 1622/1/1622 
f 1626/1/1626 1627/1/1627 1607/1/1607 
f 1607/1/1607 1606/1/1606 1626/1/1626 
f 1606/1/1606 1571/1/1571 1570/1/1570 
f 1570/1/1570 1626/1/1626 1606/1/1606 
f 1626/1/1626 1570/1/1570 1561/1/1561 
f 1561/1/1561 1628/1/1628 1626/1/1626 
f 1628/1/1628 1629/1/1629 1627/1/1627 
f 1627/1/1627 1626/1/1626 1628/1/1628 
f 1630/1/1630 1631/1/1631 1617/1/1617 
f 1617/1/1617 1621/1/1621 1630/1/1630 
f 1621/1/1621 1607/1/1607 1627/1/1627 
f 1627/1/1627 1630/1/1630 1621/1/1621 
f 1630/1/1630 1627/1/1627 1629/1/1629 
f 1629/1/1629 1632/1/1632 1630/1/1630 
f 1632/1/1632 1633/1/1633 1631/1/1631 
f 1631/1/1631 1630/1/1630 1632/1/1632 
f 1634/1/1634 1635/1/1635 1623/1/1623 
f 1623/1/1623 1622/1/1622 1634/1/1634 
f 1618/1/1618 1634/1/1634 1622/1/1622 
f 1622/1/1622 1610/1/1610 1618/1/1618 
f 1618/1/1618 1617/1/1617 1631/1/1631 
f 1631/1/1631 1634/1/1634 1618/1/1618 
f 1631/1/1631 1633/1/1633 1635/1/1635 
f 1635/1/1635 1634/1/1634 1631/1/1631 
f 1636/1/1636 1637/1/1637 1629/1/1629 
f 1629/1/1629 1628/1/1628 1636/1/1636 
f 1628/1/1628 1561/1/1561 1560/1/1560 
f 1560/1/1560 1636/1/1636 1628/1/1628 
f 1636/1/1636 1560/1/1560 1559/1/1559 
f 1559/1/1559 1638/1/1638 1636/1/1636 
f 1638/1/1638 1639/1/1639 1637/1/1637 
f 1637/1/1637 1636/1/1636 1638/1/1638 
f 1640/1/1640 1641/1/1641 1642/1/1642 
f 1642/1/1642 1643/1/1643 1640/1/1640 
f 1643/1/1643 1623/1/1623 1635/1/1635 
f 1635/1/1635 1640/1/1640 1643/1/1643 
f 1640/1/1640 1635/1/1635 1633/1/1633 
f 1633/1/1633 1644/1/1644 1640/1/1640 
f 1644/1/1644 1645/1/1645 1641/1/1641 
f 1641/1/1641 1640/1/1640 1644/1/1644 
f 1644/1/1644 1633/1/1633 1632/1/1632 
f 1632/1/1632 1646/1/1646 1644/1/1644 
f 1632/1/1632 1629/1/1629 1637/1/1637 
f 1637/1/1637 1646/1/1646 1632/1/1632 
f 1646/1/1646 1637/1/1637 1639/1/1639 
f 1639/1/1639 1647/1/1647 1646/1/1646 
f 1646/1/1646 1647/1/1647 1645/1/1645 
f 1645/1/1645 1644/1/1644 1646/1/1646 
f 1648/1/1648 1649/1/1649 1639/1/1639 
f 1639/1/1639 1638/1/1638 1648/1/1648 
f 1638/1/1638 1559/1/1559 1650/1/1650 
f 1650/1/1650 1648/1/1648 1638/1/1638 
f 1648/1/1648 1650/1/1650 1651/1/1651 
f 1651/1/1651 1652/1/1652 1648/1/1648 
f 1648/1/1648 1652/1/1652 1653/1/1653 
f 1653/1/1653 1649/1/1649 1648/1/1648 
f 1654/1/1654 1655/1/1655 1656/1/1656 
f 1656/1/1656 1657/1/1657 1654/1/1654 
f 1657/1/1657 1642/1/1642 1641/1/1641 
f 1641/1/1641 1654/1/1654 1657/1/1657 
f 1654/1/1654 1641/1/1641 1645/1/1645 
f 1645/1/1645 1658/1/1658 1654/1/1654 
f 1658/1/1658 1659/1/1659 1655/1/1655 
f 1655/1/1655 1654/1/1654 1658/1/1658 
f 1660/1/1660 1661/1/1661 1659/1/1659 
f 1659/1/1659 1658/1/1658 1660/1/1660 
f 1658/1/1658 1645/1/1645 1647/1/1647 
f 1647/1/1647 1660/1/1660 1658/1/1658 
f 1660/1/1660 1647/1/1647 1639/1/1639 
f 1639/1/1639 1649/1/1649 1660/1/1660 
f 1649/1/1649 1653/1/1653 1661/1/1661 
f 1661/1/1661 1660/1/1660 1649/1/1649 
f 1662/1/1662 1663/1/1663 1664/1/1664 
f 1664/1/1664 1665/1/1665 1662/1/1662 
f 1665/1/1665 1666/1/1666 1667/1/1667 
f 1667/1/1667 1662/1/1662 1665/1/1665 
f 1662/1/1662 1667/1/1667 1668/1/1668 
f 1668/1/1668 1669/1/1669 1662/1/1662 
f 1669/1/1669 1670/1/1670 1663/1/1663 
f 1663/1/1663 1662/1/1662 1669/1/1669 
f 1671/1/1671 1672/1/1672 1673/1/1673 
f 1673/1/1673 1674/1/1674 1671/1/1671 
f 1674/1/1674 1673/1/1673 1666/1/1666 
f 1666/1/1666 1665/1/1665 1674/1/1674 
f 1665/1/1665 1664/1/1664 1675/1/1675 
f 1675/1/1675 1674/1/1674 1665/1/1665 
f 1674/1/1674 1675/1/1675 1676/1/1676 
f 1676/1/1676 1671/1/1671 1674/1/1674 
f 1677/1/1677 1678/1/1678 1679/1/1679 
f 1679/1/1679 1680/1/1680 1677/1/1677 
f 1680/1/1680 1681/1/1681 1682/1/1682 
f 1682/1/1682 1677/1/1677 1680/1/1680 
f 1677/1/1677 1682/1/1682 1672/1/1672 
f 1672/1/1672 1671/1/1671 1677/1/1677 
f 1671/1/1671 1676/1/1676 1678/1/1678 
f 1678/1/1678 1677/1/1677 1671/1/1671 
f 1683/1/1683 1684/1/1684 1685/1/1685 
f 1685/1/1685 1686/1/1686 1683/1/1683 
f 1686/1/1686 1687/1/1687 1688/1/1688 
f 1688/1/1688 1683/1/1683 1686/1/1686 
f 1683/1/1683 1688/1/1688 171/1/171 
f 171/1/171 170/1/170 1683/1/1683 
f 170/1/170 177/1/177 1684/1/1684 
f 1684/1/1684 1683/1/1683 170/1/170 
f 1689/1/1689 180/1/180 179/1/179 
f 179/1/179 1690/1/1690 1689/1/1689 
f 179/1/179 171/1/171 1688/1/1688 
f 1688/1/1688 1690/1/1690 179/1/179 
f 1690/1/1690 1688/1/1688 1687/1/1687 
f 1690/1/1690 1691/1/1691 1692/1/1692 
f 1692/1/1692 1689/1/1689 1690/1/1690 
f 1693/1/1693 188/1/188 180/1/180 
f 180/1/180 1689/1/1689 1693/1/1693 
f 1689/1/1689 1692/1/1692 1694/1/1694 
f 1694/1/1694 1693/1/1693 1689/1/1689 
f 1693/1/1693 1694/1/1694 1695/1/1695 
f 1696/1/1696 189/1/189 188/1/188 
f 188/1/188 1693/1/1693 1696/1/1696 
f 1697/1/1697 1698/1/1698 1699/1/1699 
f 1699/1/1699 1700/1/1700 1697/1/1697 
f 1700/1/1700 1699/1/1699 1129/1/1129 
f 1129/1/1129 1701/1/1701 1700/1/1700 
f 1701/1/1701 1702/1/1702 1703/1/1703 
f 1703/1/1703 1700/1/1700 1701/1/1701 
f 1700/1/1700 1703/1/1703 1704/1/1704 
f 1704/1/1704 1697/1/1697 1700/1/1700 
f 1705/1/1705 1706/1/1706 273/1/273 
f 273/1/273 272/1/272 1705/1/1705 
f 272/1/272 138/1/138 136/1/136 
f 136/1/136 1705/1/1705 272/1/272 
f 1705/1/1705 136/1/136 135/1/135 
f 135/1/135 1707/1/1707 1705/1/1705 
f 1707/1/1707 1708/1/1708 1706/1/1706 
f 1706/1/1706 1705/1/1705 1707/1/1707 
f 1709/1/1709 1710/1/1710 130/1/130 
f 130/1/130 128/1/128 1709/1/1709 
f 128/1/128 127/1/127 143/1/143 
f 143/1/143 1709/1/1709 128/1/128 
f 143/1/143 142/1/142 1711/1/1711 
f 1711/1/1711 1709/1/1709 143/1/143 
f 1709/1/1709 1711/1/1711 1712/1/1712 
f 1712/1/1712 1710/1/1710 1709/1/1709 
f 1713/1/1713 1714/1/1714 1715/1/1715 
f 1715/1/1715 1716/1/1716 1713/1/1713 
f 1716/1/1716 328/1/328 327/1/327 
f 327/1/327 1713/1/1713 1716/1/1716 
f 1713/1/1713 327/1/327 273/1/273 
f 273/1/273 1706/1/1706 1713/1/1713 
f 1706/1/1706 1708/1/1708 1714/1/1714 
f 1714/1/1714 1713/1/1713 1706/1/1706 
f 1717/1/1717 1718/1/1718 1227/1/1227 
f 1227/1/1227 1226/1/1226 1717/1/1717 
f 1717/1/1717 1226/1/1226 1214/1/1214 
f 1214/1/1214 1213/1/1213 1717/1/1717 
f 1717/1/1717 1213/1/1213 1212/1/1212 
f 1212/1/1212 1719/1/1719 1717/1/1717 
f 1719/1/1719 1720/1/1720 1718/1/1718 
f 1721/1/1721 1722/1/1722 1723/1/1723 
f 1723/1/1723 1724/1/1724 1721/1/1721 
f 1724/1/1724 1725/1/1725 1726/1/1726 
f 1726/1/1726 1721/1/1721 1724/1/1724 
f 1721/1/1721 1726/1/1726 1720/1/1720 
f 1719/1/1719 1212/1/1212 1722/1/1722 
f 1722/1/1722 1721/1/1721 1719/1/1719 
f 1727/1/1727 1728/1/1728 1238/1/1238 
f 1238/1/1238 1237/1/1237 1727/1/1727 
f 1237/1/1237 1229/1/1229 1228/1/1228 
f 1228/1/1228 1727/1/1727 1237/1/1237 
f 1727/1/1727 1228/1/1228 1227/1/1227 
f 1227/1/1227 1718/1/1718 1727/1/1727 
f 1718/1/1718 1720/1/1720 1728/1/1728 
f 1728/1/1728 1727/1/1727 1718/1/1718 
f 1729/1/1729 1232/1/1232 1234/1/1234 
f 1234/1/1234 1235/1/1235 1729/1/1729 
f 1235/1/1235 1240/1/1240 1730/1/1730 
f 1730/1/1730 1731/1/1731 1732/1/1732 
f 1732/1/1732 1224/1/1224 1232/1/1232 
f 1232/1/1232 1729/1/1729 1732/1/1732 
f 1733/1/1733 1734/1/1734 1735/1/1735 
f 1735/1/1735 1736/1/1736 1733/1/1733 
f 1735/1/1735 1737/1/1737 1738/1/1738 
f 1738/1/1738 1736/1/1736 1735/1/1735 
f 1736/1/1736 1738/1/1738 1523/1/1523 
f 1523/1/1523 1522/1/1522 1736/1/1736 
f 1736/1/1736 1522/1/1522 1521/1/1521 
f 1521/1/1521 1733/1/1733 1736/1/1736 
f 1739/1/1739 1529/1/1529 1528/1/1528 
f 1740/1/1740 1741/1/1741 1742/1/1742 
f 1742/1/1742 1739/1/1739 1740/1/1740 
f 1739/1/1739 1742/1/1742 1734/1/1734 
f 1733/1/1733 1521/1/1521 1529/1/1529 
f 1529/1/1529 1739/1/1739 1733/1/1733 
f 1743/1/1743 1744/1/1744 1745/1/1745 
f 1746/1/1746 1509/1/1509 1542/1/1542 
f 1542/1/1542 1743/1/1743 1746/1/1746 
f 1743/1/1743 1542/1/1542 1544/1/1544 
f 1544/1/1544 1747/1/1747 1743/1/1743 
f 1747/1/1747 1748/1/1748 1744/1/1744 
f 1744/1/1744 1743/1/1743 1747/1/1747 
f 1749/1/1749 1747/1/1747 1544/1/1544 
f 1544/1/1544 1546/1/1546 1749/1/1749 
f 1546/1/1546 1523/1/1523 1738/1/1738 
f 1738/1/1738 1749/1/1749 1546/1/1546 
f 1738/1/1738 1737/1/1737 1750/1/1750 
f 1750/1/1750 1749/1/1749 1738/1/1738 
f 1750/1/1750 1748/1/1748 1747/1/1747 
f 1747/1/1747 1749/1/1749 1750/1/1750 
f 1751/1/1751 1202/1/1202 1201/1/1201 
f 1201/1/1201 1752/1/1752 1751/1/1751 
f 1201/1/1201 1208/1/1208 1221/1/1221 
f 1221/1/1221 1752/1/1752 1201/1/1201 
f 1752/1/1752 1221/1/1221 1220/1/1220 
f 1220/1/1220 1753/1/1753 1752/1/1752 
f 1753/1/1753 1754/1/1754 1751/1/1751 
f 1751/1/1751 1752/1/1752 1753/1/1753 
f 1755/1/1755 1753/1/1753 1220/1/1220 
f 1220/1/1220 1219/1/1219 1755/1/1755 
f 1219/1/1219 1224/1/1224 1732/1/1732 
f 1732/1/1732 1755/1/1755 1219/1/1219 
f 1755/1/1755 1732/1/1732 1731/1/1731 
f 1756/1/1756 1754/1/1754 1753/1/1753 
f 1753/1/1753 1755/1/1755 1756/1/1756 
f 1757/1/1757 1125/1/1125 1124/1/1124 
f 1124/1/1124 1758/1/1758 1757/1/1757 
f 1758/1/1758 1759/1/1759 1760/1/1760 
f 1760/1/1760 1757/1/1757 1758/1/1758 
f 1757/1/1757 1760/1/1760 1761/1/1761 
f 1761/1/1761 1762/1/1762 1757/1/1757 
f 1762/1/1762 1126/1/1126 1125/1/1125 
f 1125/1/1125 1757/1/1757 1762/1/1762 
f 1763/1/1763 1760/1/1760 1759/1/1759 
f 1759/1/1759 1764/1/1764 1763/1/1763 
f 1361/1/1361 1763/1/1763 1764/1/1764 
f 1764/1/1764 1362/1/1362 1361/1/1361 
f 1765/1/1765 1763/1/1763 1361/1/1361 
f 1361/1/1361 1360/1/1360 1765/1/1765 
f 1765/1/1765 1761/1/1761 1760/1/1760 
f 1760/1/1760 1763/1/1763 1765/1/1765 
f 1766/1/1766 1767/1/1767 1768/1/1768 
f 1768/1/1768 1769/1/1769 1766/1/1766 
f 1769/1/1769 1770/1/1770 1771/1/1771 
f 1771/1/1771 1766/1/1766 1769/1/1769 
f 1766/1/1766 1771/1/1771 1772/1/1772 
f 1772/1/1772 1773/1/1773 1766/1/1766 
f 1773/1/1773 1774/1/1774 1767/1/1767 
f 1767/1/1767 1766/1/1766 1773/1/1773 
f 1775/1/1775 1776/1/1776 1777/1/1777 
f 1777/1/1777 1778/1/1778 1775/1/1775 
f 1775/1/1775 158/1/158 157/1/157 
f 157/1/157 1776/1/1776 1775/1/1775 
f 1776/1/1776 157/1/157 156/1/156 
f 156/1/156 1779/1/1779 1776/1/1776 
f 1777/1/1777 1776/1/1776 1779/1/1779 
f 1779/1/1779 1780/1/1780 1777/1/1777 
f 1781/1/1781 1782/1/1782 1783/1/1783 
f 1783/1/1783 1784/1/1784 1781/1/1781 
f 1784/1/1784 1785/1/1785 1786/1/1786 
f 1786/1/1786 1781/1/1781 1784/1/1784 
f 1781/1/1781 1786/1/1786 48/1/48 
f 48/1/48 47/1/47 1781/1/1781 
f 47/1/47 46/1/46 1782/1/1782 
f 1782/1/1782 1781/1/1781 47/1/47 
f 1787/1/1787 48/1/48 1786/1/1786 
f 1786/1/1786 1788/1/1788 1787/1/1787 
f 1788/1/1788 1786/1/1786 1785/1/1785 
f 1785/1/1785 1789/1/1789 1788/1/1788 
f 1788/1/1788 1789/1/1789 1790/1/1790 
f 1790/1/1790 1791/1/1791 1788/1/1788 
f 1788/1/1788 1791/1/1791 1792/1/1792 
f 1792/1/1792 1787/1/1787 1788/1/1788 
f 1793/1/1793 1791/1/1791 1790/1/1790 
f 1790/1/1790 1794/1/1794 1793/1/1793 
f 1794/1/1794 1712/1/1712 1711/1/1711 
f 1711/1/1711 1793/1/1793 1794/1/1794 
f 1793/1/1793 1711/1/1711 142/1/142 
f 142/1/142 1795/1/1795 1793/1/1793 
f 1795/1/1795 1792/1/1792 1791/1/1791 
f 1791/1/1791 1793/1/1793 1795/1/1795 
f 1796/1/1796 1797/1/1797 1792/1/1792 
f 1795/1/1795 142/1/142 141/1/141 
f 141/1/141 1796/1/1796 1795/1/1795 
f 1796/1/1796 141/1/141 147/1/147 
f 1798/1/1798 1799/1/1799 1797/1/1797 
f 1797/1/1797 1796/1/1796 1798/1/1798 
f 1800/1/1800 49/1/49 48/1/48 
f 1787/1/1787 1792/1/1792 1797/1/1797 
f 1797/1/1797 1800/1/1800 1787/1/1787 
f 1800/1/1800 1797/1/1797 1799/1/1799 
f 1799/1/1799 1801/1/1801 1800/1/1800 
f 1801/1/1801 50/1/50 49/1/49 
f 1802/1/1802 1803/1/1803 1804/1/1804 
f 1804/1/1804 1805/1/1805 1802/1/1802 
f 1805/1/1805 1685/1/1685 1684/1/1684 
f 1684/1/1684 1802/1/1802 1805/1/1805 
f 1802/1/1802 1684/1/1684 177/1/177 
f 177/1/177 1806/1/1806 1802/1/1802 
f 1806/1/1806 1807/1/1807 1803/1/1803 
f 1803/1/1803 1802/1/1802 1806/1/1806 
f 1808/1/1808 1803/1/1803 1807/1/1807 
f 1807/1/1807 1809/1/1809 1808/1/1808 
f 1809/1/1809 1768/1/1768 1767/1/1767 
f 1767/1/1767 1808/1/1808 1809/1/1809 
f 1808/1/1808 1767/1/1767 1774/1/1774 
f 1774/1/1774 1810/1/1810 1808/1/1808 
f 1810/1/1810 1804/1/1804 1803/1/1803 
f 1803/1/1803 1808/1/1808 1810/1/1810 
f 1811/1/1811 1812/1/1812 1725/1/1725 
f 1725/1/1725 1724/1/1724 1811/1/1811 
f 1724/1/1724 1723/1/1723 1813/1/1813 
f 1813/1/1813 1811/1/1811 1724/1/1724 
f 1811/1/1811 1813/1/1813 1070/1/1070 
f 1070/1/1070 1814/1/1814 1811/1/1811 
f 1814/1/1814 1815/1/1815 1812/1/1812 
f 1816/1/1816 1817/1/1817 1064/1/1064 
f 1064/1/1064 1063/1/1063 1816/1/1816 
f 1063/1/1063 239/1/239 1818/1/1818 
f 1818/1/1818 1816/1/1816 1063/1/1063 
f 1816/1/1816 1818/1/1818 1819/1/1819 
f 1819/1/1819 1820/1/1820 1816/1/1816 
f 1820/1/1820 1821/1/1821 1817/1/1817 
f 1817/1/1817 1816/1/1816 1820/1/1820 
f 1822/1/1822 1703/1/1703 1702/1/1702 
f 1702/1/1702 1823/1/1823 1822/1/1822 
f 1823/1/1823 1064/1/1064 1817/1/1817 
f 1817/1/1817 1822/1/1822 1823/1/1823 
f 1822/1/1822 1817/1/1817 1821/1/1821 
f 1821/1/1821 1824/1/1824 1822/1/1822 
f 1824/1/1824 1704/1/1704 1703/1/1703 
f 1703/1/1703 1822/1/1822 1824/1/1824 
f 1825/1/1825 1826/1/1826 1815/1/1815 
f 1814/1/1814 1070/1/1070 1069/1/1069 
f 1825/1/1825 1069/1/1069 228/1/228 
f 228/1/228 1827/1/1827 1825/1/1825 
f 1827/1/1827 1828/1/1828 1826/1/1826 
f 1826/1/1826 1825/1/1825 1827/1/1827 
f 1829/1/1829 1830/1/1830 1831/1/1831 
f 1832/1/1832 234/1/234 331/1/331 
f 331/1/331 1829/1/1829 1832/1/1832 
f 1829/1/1829 331/1/331 328/1/328 
f 328/1/328 1716/1/1716 1829/1/1829 
f 1716/1/1716 1715/1/1715 1830/1/1830 
f 1830/1/1830 1829/1/1829 1716/1/1716 
f 1833/1/1833 1834/1/1834 1828/1/1828 
f 1827/1/1827 228/1/228 227/1/227 
f 227/1/227 1833/1/1833 1827/1/1827 
f 1833/1/1833 227/1/227 234/1/234 
f 234/1/234 1832/1/1832 1833/1/1833 
f 1832/1/1832 1831/1/1831 1834/1/1834 
f 1834/1/1834 1833/1/1833 1832/1/1832 
f 1835/1/1835 1836/1/1836 1837/1/1837 
f 1837/1/1837 1838/1/1838 1835/1/1835 
f 1838/1/1838 1819/1/1819 1818/1/1818 
f 1818/1/1818 1835/1/1835 1838/1/1838 
f 1835/1/1835 1818/1/1818 239/1/239 
f 239/1/239 238/1/238 1835/1/1835 
f 238/1/238 237/1/237 1836/1/1836 
f 1836/1/1836 1835/1/1835 238/1/238 
f 1839/1/1839 1840/1/1840 1841/1/1841 
f 1841/1/1841 1842/1/1842 1839/1/1839 
f 1842/1/1842 1122/1/1122 1120/1/1120 
f 1839/1/1839 1120/1/1120 1119/1/1119 
f 1119/1/1119 1843/1/1843 1839/1/1839 
f 1843/1/1843 1844/1/1844 1840/1/1840 
f 1840/1/1840 1839/1/1839 1843/1/1843 
f 1845/1/1845 1846/1/1846 133/1/133 
f 133/1/133 139/1/139 1845/1/1845 
f 1845/1/1845 139/1/139 138/1/138 
f 138/1/138 271/1/271 1845/1/1845 
f 271/1/271 270/1/270 1847/1/1847 
f 1847/1/1847 1845/1/1845 271/1/271 
f 1847/1/1847 1848/1/1848 1846/1/1846 
f 1846/1/1846 1845/1/1845 1847/1/1847 
f 1849/1/1849 144/1/144 127/1/127 
f 127/1/127 126/1/126 1849/1/1849 
f 126/1/126 133/1/133 1846/1/1846 
f 1846/1/1846 1849/1/1849 126/1/126 
f 1850/1/1850 1849/1/1849 1846/1/1846 
f 1846/1/1846 1848/1/1848 1850/1/1850 
f 1850/1/1850 145/1/145 144/1/144 
f 144/1/144 1849/1/1849 1850/1/1850 
f 1851/1/1851 1852/1/1852 1708/1/1708 
f 1708/1/1708 1707/1/1707 1851/1/1851 
f 1707/1/1707 135/1/135 134/1/134 
f 134/1/134 1851/1/1851 1707/1/1707 
f 1851/1/1851 134/1/134 131/1/131 
f 131/1/131 1853/1/1853 1851/1/1851 
f 1853/1/1853 1854/1/1854 1852/1/1852 
f 1852/1/1852 1851/1/1851 1853/1/1853 
f 1855/1/1855 1856/1/1856 1854/1/1854 
f 1854/1/1854 1853/1/1853 1855/1/1855 
f 1853/1/1853 131/1/131 129/1/129 
f 129/1/129 1855/1/1855 1853/1/1853 
f 129/1/129 130/1/130 1710/1/1710 
f 1710/1/1710 1855/1/1855 129/1/129 
f 1710/1/1710 1712/1/1712 1856/1/1856 
f 1856/1/1856 1855/1/1855 1710/1/1710 
f 1857/1/1857 1858/1/1858 1859/1/1859 
f 1859/1/1859 1860/1/1860 1857/1/1857 
f 1860/1/1860 1837/1/1837 1836/1/1836 
f 1836/1/1836 1857/1/1857 1860/1/1860 
f 1857/1/1857 1836/1/1836 237/1/237 
f 237/1/237 338/1/338 1857/1/1857 
f 338/1/338 335/1/335 1858/1/1858 
f 1858/1/1858 1857/1/1857 338/1/338 
f 1861/1/1861 1858/1/1858 335/1/335 
f 335/1/335 334/1/334 1861/1/1861 
f 1861/1/1861 334/1/334 189/1/189 
f 189/1/189 1696/1/1696 1861/1/1861 
f 1862/1/1862 1861/1/1861 1696/1/1696 
f 1696/1/1696 1695/1/1695 1862/1/1862 
f 1862/1/1862 1859/1/1859 1858/1/1858 
f 1858/1/1858 1861/1/1861 1862/1/1862 
f 1863/1/1863 1864/1/1864 261/1/261 
f 261/1/261 260/1/260 1863/1/1863 
f 260/1/260 259/1/259 1865/1/1865 
f 1865/1/1865 1863/1/1863 260/1/260 
f 1863/1/1863 1865/1/1865 1866/1/1866 
f 1866/1/1866 1867/1/1867 1863/1/1863 
f 1863/1/1863 1867/1/1867 1868/1/1868 
f 1868/1/1868 1864/1/1864 1863/1/1863 
f 1869/1/1869 280/1/280 279/1/279 
f 279/1/279 1870/1/1870 1869/1/1869 
f 1870/1/1870 1868/1/1868 1867/1/1867 
f 1867/1/1867 1869/1/1869 1870/1/1870 
f 1869/1/1869 1867/1/1867 1866/1/1866 
f 1866/1/1866 1871/1/1871 1869/1/1869 
f 280/1/280 1869/1/1869 1871/1/1871 
f 1871/1/1871 281/1/281 280/1/280 
f 1872/1/1872 1873/1/1873 1512/1/1512 
f 1512/1/1512 1510/1/1510 1872/1/1872 
f 1872/1/1872 1510/1/1510 1509/1/1509 
f 1509/1/1509 1746/1/1746 1872/1/1872 
f 1746/1/1746 1745/1/1745 1874/1/1874 
f 1874/1/1874 1872/1/1872 1746/1/1746 
f 1874/1/1874 1875/1/1875 1873/1/1873 
f 1873/1/1873 1872/1/1872 1874/1/1874 
f 1876/1/1876 1873/1/1873 1875/1/1875 
f 1877/1/1877 1741/1/1741 1740/1/1740 
f 1876/1/1876 1740/1/1740 1528/1/1528 
f 1528/1/1528 1538/1/1538 1876/1/1876 
f 1538/1/1538 1512/1/1512 1873/1/1873 
f 1873/1/1873 1876/1/1876 1538/1/1538 
f 1878/1/1878 1879/1/1879 1880/1/1880 
f 1880/1/1880 1881/1/1881 1878/1/1878 
f 1881/1/1881 1882/1/1882 1883/1/1883 
f 1883/1/1883 1878/1/1878 1881/1/1881 
f 1878/1/1878 1883/1/1883 1884/1/1884 
f 1884/1/1884 1885/1/1885 1878/1/1878 
f 1885/1/1885 1886/1/1886 1879/1/1879 
f 1879/1/1879 1878/1/1878 1885/1/1885 
f 1887/1/1887 1454/1/1454 1453/1/1453 
f 1453/1/1453 1888/1/1888 1887/1/1887 
f 1888/1/1888 1880/1/1880 1879/1/1879 
f 1879/1/1879 1887/1/1887 1888/1/1888 
f 1887/1/1887 1879/1/1879 1886/1/1886 
f 1886/1/1886 1889/1/1889 1887/1/1887 
f 1889/1/1889 1455/1/1455 1454/1/1454 
f 1454/1/1454 1887/1/1887 1889/1/1889 
f 1890/1/1890 1891/1/1891 1892/1/1892 
f 1892/1/1892 1893/1/1893 1890/1/1890 
f 1893/1/1893 1894/1/1894 1895/1/1895 
f 1895/1/1895 1890/1/1890 1893/1/1893 
f 1890/1/1890 1895/1/1895 1896/1/1896 
f 1896/1/1896 1897/1/1897 1890/1/1890 
f 1897/1/1897 1898/1/1898 1891/1/1891 
f 1891/1/1891 1890/1/1890 1897/1/1897 
f 1899/1/1899 1900/1/1900 1901/1/1901 
f 1901/1/1901 1902/1/1902 1899/1/1899 
f 1902/1/1902 1903/1/1903 1904/1/1904 
f 1904/1/1904 1899/1/1899 1902/1/1902 
f 1899/1/1899 1904/1/1904 1898/1/1898 
f 1898/1/1898 1897/1/1897 1899/1/1899 
f 1897/1/1897 1896/1/1896 1900/1/1900 
f 1900/1/1900 1899/1/1899 1897/1/1897 
f 1905/1/1905 1906/1/1906 1723/1/1723 
f 1723/1/1723 1722/1/1722 1905/1/1905 
f 1722/1/1722 1212/1/1212 1211/1/1211 
f 1211/1/1211 1905/1/1905 1722/1/1722 
f 1905/1/1905 1211/1/1211 1204/1/1204 
f 1204/1/1204 1907/1/1907 1905/1/1905 
f 1907/1/1907 1908/1/1908 1906/1/1906 
f 1906/1/1906 1905/1/1905 1907/1/1907 
f 1909/1/1909 1910/1/1910 1072/1/1072 
f 1072/1/1072 1071/1/1071 1909/1/1909 
f 1071/1/1071 1070/1/1070 1813/1/1813 
f 1813/1/1813 1909/1/1909 1071/1/1071 
f 1906/1/1906 1909/1/1909 1813/1/1813 
f 1813/1/1813 1723/1/1723 1906/1/1906 
f 1909/1/1909 1906/1/1906 1908/1/1908 
f 1908/1/1908 1910/1/1910 1909/1/1909 
f 1911/1/1911 1912/1/1912 1077/1/1077 
f 1077/1/1077 1076/1/1076 1911/1/1911 
f 1076/1/1076 1075/1/1075 1913/1/1913 
f 1913/1/1913 1911/1/1911 1076/1/1076 
f 1911/1/1911 1913/1/1913 1914/1/1914 
f 1914/1/1914 1915/1/1915 1911/1/1911 
f 1915/1/1915 1916/1/1916 1912/1/1912 
f 1912/1/1912 1911/1/1911 1915/1/1915 
f 1917/1/1917 1918/1/1918 1919/1/1919 
f 1919/1/1919 1920/1/1920 1917/1/1917 
f 1917/1/1917 1920/1/1920 1921/1/1921 
f 1921/1/1921 1922/1/1922 1917/1/1917 
f 1917/1/1917 1922/1/1922 1916/1/1916 
f 1916/1/1916 1915/1/1915 1917/1/1917 
f 1915/1/1915 1914/1/1914 1918/1/1918 
f 1918/1/1918 1917/1/1917 1915/1/1915 
f 1923/1/1923 1924/1/1924 1925/1/1925 
f 1926/1/1926 1927/1/1927 1928/1/1928 
f 1923/1/1923 1928/1/1928 1929/1/1929 
f 1929/1/1929 1930/1/1930 1923/1/1923 
f 1930/1/1930 1931/1/1931 1924/1/1924 
f 1924/1/1924 1923/1/1923 1930/1/1930 
f 1932/1/1932 1924/1/1924 1931/1/1931 
f 1931/1/1931 1933/1/1933 1932/1/1932 
f 1933/1/1933 1754/1/1754 1756/1/1756 
f 1756/1/1756 1731/1/1731 1934/1/1934 
f 1934/1/1934 1932/1/1932 1756/1/1756 
f 1934/1/1934 1925/1/1925 1924/1/1924 
f 1935/1/1935 1936/1/1936 1894/1/1894 
f 1894/1/1894 1893/1/1893 1935/1/1935 
f 1893/1/1893 1892/1/1892 1937/1/1937 
f 1937/1/1937 1935/1/1935 1893/1/1893 
f 1935/1/1935 1937/1/1937 1131/1/1131 
f 1131/1/1131 1938/1/1938 1935/1/1935 
f 1938/1/1938 1939/1/1939 1936/1/1936 
f 1936/1/1936 1935/1/1935 1938/1/1938 
f 1131/1/1131 1130/1/1130 1940/1/1940 
f 1130/1/1130 1129/1/1129 1699/1/1699 
f 1699/1/1699 1940/1/1940 1130/1/1130 
f 1940/1/1940 1699/1/1699 1698/1/1698 
f 1941/1/1941 1939/1/1939 1938/1/1938 
f 1938/1/1938 1940/1/1940 1941/1/1941 
f 1942/1/1942 1943/1/1943 1944/1/1944 
f 1944/1/1944 1945/1/1945 1942/1/1942 
f 1945/1/1945 1841/1/1841 1840/1/1840 
f 1840/1/1840 1942/1/1942 1945/1/1945 
f 1942/1/1942 1840/1/1840 1844/1/1844 
f 1844/1/1844 1946/1/1946 1942/1/1942 
f 1946/1/1946 1947/1/1947 1943/1/1943 
f 1943/1/1943 1942/1/1942 1946/1/1946 
f 1948/1/1948 1943/1/1943 1947/1/1947 
f 1947/1/1947 1949/1/1949 1948/1/1948 
f 1949/1/1949 1921/1/1921 1920/1/1920 
f 1920/1/1920 1948/1/1948 1949/1/1949 
f 1948/1/1948 1920/1/1920 1919/1/1919 
f 1919/1/1919 1950/1/1950 1948/1/1948 
f 1950/1/1950 1944/1/1944 1943/1/1943 
f 1951/1/1951 1929/1/1929 1928/1/1928 
f 1927/1/1927 1952/1/1952 1953/1/1953 
f 1954/1/1954 1953/1/1953 1952/1/1952 
f 1952/1/1952 1955/1/1955 1954/1/1954 
f 1954/1/1954 1956/1/1956 1951/1/1951 
f 1951/1/1951 1953/1/1953 1954/1/1954 
f 1954/1/1954 1955/1/1955 1957/1/1957 
f 1957/1/1957 1745/1/1745 1744/1/1744 
f 1744/1/1744 1958/1/1958 1957/1/1957 
f 1744/1/1744 1748/1/1748 1959/1/1959 
f 1959/1/1959 1958/1/1958 1744/1/1744 
f 1954/1/1954 1958/1/1958 1959/1/1959 
f 1959/1/1959 1956/1/1956 1954/1/1954 
f 1960/1/1960 1961/1/1961 1903/1/1903 
f 1903/1/1903 1902/1/1902 1960/1/1960 
f 1902/1/1902 1901/1/1901 1962/1/1962 
f 1962/1/1962 1960/1/1960 1902/1/1902 
f 1962/1/1962 1963/1/1963 1964/1/1964 
f 1964/1/1964 1960/1/1960 1962/1/1962 
f 1960/1/1960 1964/1/1964 1965/1/1965 
f 1965/1/1965 1961/1/1961 1960/1/1960 
f 1966/1/1966 1964/1/1964 1963/1/1963 
f 1963/1/1963 1967/1/1967 1966/1/1966 
f 1967/1/1967 1884/1/1884 1883/1/1883 
f 1966/1/1966 1883/1/1883 1882/1/1882 
f 1882/1/1882 1968/1/1968 1966/1/1966 
f 1968/1/1968 1965/1/1965 1964/1/1964 
f 1964/1/1964 1966/1/1966 1968/1/1968 
f 1969/1/1969 1970/1/1970 1971/1/1971 
f 1972/1/1972 1734/1/1734 1742/1/1742 
f 1742/1/1742 1969/1/1969 1972/1/1972 
f 1969/1/1969 1742/1/1742 1741/1/1741 
f 1741/1/1741 1973/1/1973 1969/1/1969 
f 1973/1/1973 1974/1/1974 1970/1/1970 
f 1975/1/1975 1976/1/1976 1977/1/1977 
f 1977/1/1977 1978/1/1978 1975/1/1975 
f 1978/1/1978 1462/1/1462 1461/1/1461 
f 1461/1/1461 1975/1/1975 1978/1/1978 
f 1975/1/1975 1461/1/1461 1465/1/1465 
f 1465/1/1465 1979/1/1979 1975/1/1975 
f 1979/1/1979 1980/1/1980 1976/1/1976 
f 1976/1/1976 1975/1/1975 1979/1/1979 
f 1981/1/1981 1982/1/1982 1983/1/1983 
f 1983/1/1983 1984/1/1984 1981/1/1981 
f 1984/1/1984 1985/1/1985 1986/1/1986 
f 1986/1/1986 1981/1/1981 1984/1/1984 
f 1981/1/1981 1986/1/1986 1987/1/1987 
f 1987/1/1987 1988/1/1988 1981/1/1981 
f 1988/1/1988 1989/1/1989 1982/1/1982 
f 1982/1/1982 1981/1/1981 1988/1/1988 
f 1990/1/1990 1982/1/1982 1989/1/1989 
f 1989/1/1989 1991/1/1991 1990/1/1990 
f 1991/1/1991 1670/1/1670 1669/1/1669 
f 1669/1/1669 1990/1/1990 1991/1/1991 
f 1990/1/1990 1669/1/1669 1668/1/1668 
f 1668/1/1668 1992/1/1992 1990/1/1990 
f 1992/1/1992 1983/1/1983 1982/1/1982 
f 1982/1/1982 1990/1/1990 1992/1/1992 
f 1993/1/1993 1994/1/1994 1995/1/1995 
f 1995/1/1995 1996/1/1996 1993/1/1993 
f 1996/1/1996 1997/1/1997 1998/1/1998 
f 1998/1/1998 1993/1/1993 1996/1/1996 
f 1993/1/1993 1998/1/1998 1687/1/1687 
f 1687/1/1687 1686/1/1686 1993/1/1993 
f 1686/1/1686 1685/1/1685 1994/1/1994 
f 1994/1/1994 1993/1/1993 1686/1/1686 
f 1999/1/1999 2000/1/2000 2001/1/2001 
f 2002/1/2002 1695/1/1695 1694/1/1694 
f 1694/1/1694 1999/1/1999 2002/1/2002 
f 1999/1/1999 1694/1/1694 1692/1/1692 
f 2003/1/2003 2004/1/2004 2000/1/2000 
f 2005/1/2005 2006/1/2006 2007/1/2007 
f 2007/1/2007 2008/1/2008 2005/1/2005 
f 2008/1/2008 2009/1/2009 2010/1/2010 
f 2010/1/2010 2005/1/2005 2008/1/2008 
f 2005/1/2005 2010/1/2010 1821/1/1821 
f 1821/1/1821 1820/1/1820 2005/1/2005 
f 1820/1/1820 1819/1/1819 2006/1/2006 
f 2006/1/2006 2005/1/2005 1820/1/1820 
f 2011/1/2011 2012/1/2012 2013/1/2013 
f 2013/1/2013 2014/1/2014 2011/1/2011 
f 2014/1/2014 2015/1/2015 2016/1/2016 
f 2016/1/2016 2011/1/2011 2014/1/2014 
f 2011/1/2011 2016/1/2016 1939/1/1939 
f 1939/1/1939 1941/1/1941 2011/1/2011 
f 1941/1/1941 1698/1/1698 2012/1/2012 
f 2012/1/2012 2011/1/2011 1941/1/1941 
f 2017/1/2017 2018/1/2018 2019/1/2019 
f 2019/1/2019 2020/1/2020 2017/1/2017 
f 2020/1/2020 1715/1/1715 1714/1/1714 
f 1714/1/1714 2017/1/2017 2020/1/2020 
f 2017/1/2017 1714/1/1714 1708/1/1708 
f 1708/1/1708 2021/1/2021 2017/1/2017 
f 2021/1/2021 2022/1/2022 2018/1/2018 
f 2018/1/2018 2017/1/2017 2021/1/2021 
f 2023/1/2023 2024/1/2024 2025/1/2025 
f 2025/1/2025 2026/1/2026 2023/1/2023 
f 2026/1/2026 1238/1/1238 1728/1/1728 
f 1728/1/1728 2023/1/2023 2026/1/2026 
f 2023/1/2023 1728/1/1728 1720/1/1720 
f 1720/1/1720 2027/1/2027 2023/1/2023 
f 2027/1/2027 2028/1/2028 2024/1/2024 
f 2024/1/2024 2023/1/2023 2027/1/2027 
f 2029/1/2029 2030/1/2030 2031/1/2031 
f 2031/1/2031 2032/1/2032 2029/1/2029 
f 2032/1/2032 1815/1/1815 1826/1/1826 
f 1826/1/1826 2029/1/2029 2032/1/2032 
f 2029/1/2029 1826/1/1826 1828/1/1828 
f 1828/1/1828 2033/1/2033 2029/1/2029 
f 2033/1/2033 2034/1/2034 2030/1/2030 
f 2030/1/2030 2029/1/2029 2033/1/2033 
f 2035/1/2035 2036/1/2036 2037/1/2037 
f 2037/1/2037 2038/1/2038 2035/1/2035 
f 2037/1/2037 2039/1/2039 2040/1/2040 
f 2040/1/2040 2038/1/2038 2037/1/2037 
f 2038/1/2038 2040/1/2040 1737/1/1737 
f 1737/1/1737 1735/1/1735 2038/1/2038 
f 1735/1/1735 1734/1/1734 2035/1/2035 
f 2035/1/2035 2038/1/2038 1735/1/1735 
f 2041/1/2041 2042/1/2042 2043/1/2043 
f 2044/1/2044 2015/1/2015 2045/1/2045 
f 2045/1/2045 2041/1/2041 2044/1/2044 
f 2041/1/2041 2045/1/2045 1202/1/1202 
f 1202/1/1202 1751/1/1751 2041/1/2041 
f 1751/1/1751 1754/1/1754 2042/1/2042 
f 2042/1/2042 2041/1/2041 1751/1/1751 
f 2046/1/2046 2047/1/2047 2048/1/2048 
f 2048/1/2048 2049/1/2049 2046/1/2046 
f 2049/1/2049 2050/1/2050 2051/1/2051 
f 2051/1/2051 2046/1/2046 2049/1/2049 
f 2046/1/2046 2051/1/2051 1963/1/1963 
f 1963/1/1963 1962/1/1962 2046/1/2046 
f 1962/1/1962 1901/1/1901 2047/1/2047 
f 2052/1/2052 2053/1/2053 2054/1/2054 
f 2054/1/2054 2055/1/2055 2052/1/2052 
f 2055/1/2055 2056/1/2056 2057/1/2057 
f 2057/1/2057 2052/1/2052 2055/1/2055 
f 2052/1/2052 2057/1/2057 1774/1/1774 
f 1774/1/1774 1773/1/1773 2052/1/2052 
f 1773/1/1773 1772/1/1772 2053/1/2053 
f 2053/1/2053 2052/1/2052 1773/1/1773 
f 2058/1/2058 2059/1/2059 147/1/147 
f 147/1/147 146/1/146 2058/1/2058 
f 146/1/146 145/1/145 2060/1/2060 
f 2060/1/2060 2058/1/2058 146/1/146 
f 2058/1/2058 2060/1/2060 1995/1/1995 
f 1995/1/1995 2061/1/2061 2058/1/2058 
f 2061/1/2061 2062/1/2062 2059/1/2059 
f 2059/1/2059 2058/1/2058 2061/1/2061 
f 1996/1/1996 1995/1/1995 2060/1/2060 
f 2060/1/2060 2063/1/2063 1996/1/1996 
f 2063/1/2063 2060/1/2060 145/1/145 
f 145/1/145 1850/1/1850 2063/1/2063 
f 2063/1/2063 1850/1/1850 1848/1/1848 
f 1848/1/1848 2064/1/2064 2063/1/2063 
f 2063/1/2063 2064/1/2064 1997/1/1997 
f 1997/1/1997 1996/1/1996 2063/1/2063 
f 2065/1/2065 1994/1/1994 1685/1/1685 
f 1685/1/1685 1805/1/1805 2065/1/2065 
f 1805/1/1805 1804/1/1804 2066/1/2066 
f 2066/1/2066 2065/1/2065 1805/1/1805 
f 2065/1/2065 2066/1/2066 2062/1/2062 
f 2062/1/2062 2061/1/2061 2065/1/2065 
f 2061/1/2061 1995/1/1995 1994/1/1994 
f 1994/1/1994 2065/1/2065 2061/1/2061 
f 2067/1/2067 2064/1/2064 1848/1/1848 
f 1848/1/1848 1847/1/1847 2067/1/2067 
f 2067/1/2067 1847/1/1847 270/1/270 
f 270/1/270 2068/1/2068 2067/1/2067 
f 2068/1/2068 2004/1/2004 2069/1/2069 
f 2069/1/2069 2067/1/2067 2068/1/2068 
f 2069/1/2069 1997/1/1997 2064/1/2064 
f 2064/1/2064 2067/1/2067 2069/1/2069 
f 2070/1/2070 2000/1/2000 2004/1/2004 
f 2004/1/2004 2068/1/2068 2070/1/2070 
f 2068/1/2068 270/1/270 269/1/269 
f 269/1/269 2070/1/2070 2068/1/2068 
f 2070/1/2070 269/1/269 275/1/275 
f 275/1/275 2071/1/2071 2070/1/2070 
f 2071/1/2071 2001/1/2001 2000/1/2000 
f 2000/1/2000 2070/1/2070 2071/1/2071 
f 2003/1/2003 1692/1/1692 1691/1/1691 
f 1691/1/1691 1687/1/1687 1998/1/1998 
f 1998/1/1998 2072/1/2072 1691/1/1691 
f 2072/1/2072 1998/1/1998 1997/1/1997 
f 2072/1/2072 2069/1/2069 2004/1/2004 
f 2004/1/2004 2003/1/2003 2072/1/2072 
f 2073/1/2073 2071/1/2071 275/1/275 
f 275/1/275 326/1/326 2073/1/2073 
f 326/1/326 325/1/325 2074/1/2074 
f 2074/1/2074 2073/1/2073 326/1/326 
f 2073/1/2073 2074/1/2074 2075/1/2075 
f 2075/1/2075 2076/1/2076 2073/1/2073 
f 2073/1/2073 2076/1/2076 2001/1/2001 
f 2001/1/2001 2071/1/2071 2073/1/2073 
f 2002/1/2002 2001/1/2001 2076/1/2076 
f 2076/1/2076 2077/1/2077 2002/1/2002 
f 2076/1/2076 2075/1/2075 2078/1/2078 
f 2078/1/2078 2077/1/2077 2076/1/2076 
f 2077/1/2077 2078/1/2078 1859/1/1859 
f 2077/1/2077 1862/1/1862 1695/1/1695 
f 1695/1/1695 2002/1/2002 2077/1/2077 
f 2079/1/2079 2080/1/2080 232/1/232 
f 232/1/232 231/1/231 2079/1/2079 
f 231/1/231 230/1/230 2081/1/2081 
f 2081/1/2081 2079/1/2079 231/1/231 
f 2079/1/2079 2081/1/2081 2007/1/2007 
f 2007/1/2007 2082/1/2082 2079/1/2079 
f 2082/1/2082 2083/1/2083 2080/1/2080 
f 2080/1/2080 2079/1/2079 2082/1/2082 
f 2084/1/2084 2081/1/2081 230/1/230 
f 230/1/230 1068/1/1068 2084/1/2084 
f 1068/1/1068 1072/1/1072 2085/1/2085 
f 2085/1/2085 2084/1/2084 1068/1/1068 
f 2084/1/2084 2085/1/2085 2009/1/2009 
f 2009/1/2009 2008/1/2008 2084/1/2084 
f 2008/1/2008 2007/1/2007 2081/1/2081 
f 2081/1/2081 2084/1/2084 2008/1/2008 
f 2086/1/2086 2006/1/2006 1819/1/1819 
f 1819/1/1819 1838/1/1838 2086/1/2086 
f 1838/1/1838 1837/1/1837 2087/1/2087 
f 2087/1/2087 2086/1/2086 1838/1/1838 
f 2086/1/2086 2087/1/2087 2083/1/2083 
f 2083/1/2083 2082/1/2082 2086/1/2086 
f 2082/1/2082 2007/1/2007 2006/1/2006 
f 2006/1/2006 2086/1/2086 2082/1/2082 
f 2088/1/2088 2089/1/2089 1908/1/1908 
f 1908/1/1908 1907/1/1907 2088/1/2088 
f 1907/1/1907 1204/1/1204 2090/1/2090 
f 2090/1/2090 2088/1/2088 1907/1/1907 
f 2088/1/2088 2090/1/2090 2013/1/2013 
f 2013/1/2013 2091/1/2091 2088/1/2088 
f 2091/1/2091 2092/1/2092 2089/1/2089 
f 2089/1/2089 2088/1/2088 2091/1/2091 
f 2093/1/2093 2090/1/2090 1204/1/1204 
f 1204/1/1204 1203/1/1203 2093/1/2093 
f 1203/1/1203 1202/1/1202 2045/1/2045 
f 2045/1/2045 2093/1/2093 1203/1/1203 
f 2093/1/2093 2045/1/2045 2015/1/2015 
f 2015/1/2015 2014/1/2014 2093/1/2093 
f 2014/1/2014 2013/1/2013 2090/1/2090 
f 2090/1/2090 2093/1/2093 2014/1/2014 
f 2094/1/2094 2012/1/2012 1698/1/1698 
f 1698/1/1698 1697/1/1697 2094/1/2094 
f 1697/1/1697 1704/1/1704 2095/1/2095 
f 2095/1/2095 2094/1/2094 1697/1/1697 
f 2094/1/2094 2095/1/2095 2092/1/2092 
f 2092/1/2092 2091/1/2091 2094/1/2094 
f 2091/1/2091 2013/1/2013 2012/1/2012 
f 2012/1/2012 2094/1/2094 2091/1/2091 
f 2096/1/2096 2097/1/2097 2098/1/2098 
f 2098/1/2098 2099/1/2099 2096/1/2096 
f 2099/1/2099 156/1/156 155/1/155 
f 155/1/155 2096/1/2096 2099/1/2099 
f 2096/1/2096 155/1/155 162/1/162 
f 162/1/162 2100/1/2100 2096/1/2096 
f 2100/1/2100 2101/1/2101 2097/1/2097 
f 2097/1/2097 2096/1/2096 2100/1/2100 
f 2102/1/2102 2103/1/2103 2101/1/2101 
f 2101/1/2101 2100/1/2100 2102/1/2102 
f 2100/1/2100 162/1/162 164/1/164 
f 164/1/164 2102/1/2102 2100/1/2100 
f 2102/1/2102 164/1/164 168/1/168 
f 168/1/168 2104/1/2104 2102/1/2102 
f 2104/1/2104 2105/1/2105 2103/1/2103 
f 2103/1/2103 2102/1/2102 2104/1/2104 
f 2106/1/2106 2107/1/2107 2101/1/2101 
f 2101/1/2101 2103/1/2103 2106/1/2106 
f 2106/1/2106 2103/1/2103 2105/1/2105 
f 2105/1/2105 2108/1/2108 2106/1/2106 
f 1856/1/1856 2106/1/2106 2108/1/2108 
f 2108/1/2108 1854/1/1854 1856/1/1856 
f 1856/1/1856 1712/1/1712 2107/1/2107 
f 2107/1/2107 2106/1/2106 1856/1/1856 
f 2109/1/2109 1794/1/1794 1790/1/1790 
f 1790/1/1790 2110/1/2110 2109/1/2109 
f 2110/1/2110 2098/1/2098 2097/1/2097 
f 2097/1/2097 2109/1/2109 2110/1/2110 
f 2109/1/2109 2097/1/2097 2101/1/2101 
f 2101/1/2101 2107/1/2107 2109/1/2109 
f 2107/1/2107 1712/1/1712 1794/1/1794 
f 1794/1/1794 2109/1/2109 2107/1/2107 
f 2111/1/2111 2112/1/2112 2105/1/2105 
f 2105/1/2105 2104/1/2104 2111/1/2111 
f 2104/1/2104 168/1/168 277/1/277 
f 277/1/277 2111/1/2111 2104/1/2104 
f 2111/1/2111 277/1/277 281/1/281 
f 281/1/281 2113/1/2113 2111/1/2111 
f 2113/1/2113 2022/1/2022 2112/1/2112 
f 2112/1/2112 2111/1/2111 2113/1/2113 
f 2114/1/2114 2018/1/2018 2022/1/2022 
f 2022/1/2022 2113/1/2113 2114/1/2114 
f 2113/1/2113 281/1/281 1871/1/1871 
f 1871/1/1871 2114/1/2114 2113/1/2113 
f 2114/1/2114 1871/1/1871 1866/1/1866 
f 1866/1/1866 2115/1/2115 2114/1/2114 
f 2115/1/2115 2019/1/2019 2018/1/2018 
f 2018/1/2018 2114/1/2114 2115/1/2115 
f 2116/1/2116 1852/1/1852 1854/1/1854 
f 1854/1/1854 2108/1/2108 2116/1/2116 
f 2108/1/2108 2105/1/2105 2112/1/2112 
f 2112/1/2112 2116/1/2116 2108/1/2108 
f 2116/1/2116 2112/1/2112 2022/1/2022 
f 2022/1/2022 2021/1/2021 2116/1/2116 
f 2021/1/2021 1708/1/1708 1852/1/1852 
f 1852/1/1852 2116/1/2116 2021/1/2021 
f 2117/1/2117 2118/1/2118 2119/1/2119 
f 2119/1/2119 2120/1/2120 2117/1/2117 
f 2120/1/2120 1916/1/1916 1922/1/1922 
f 1922/1/1922 2117/1/2117 2120/1/2120 
f 2117/1/2117 1922/1/1922 1921/1/1921 
f 1921/1/1921 2121/1/2121 2117/1/2117 
f 2121/1/2121 2028/1/2028 2118/1/2118 
f 2118/1/2118 2117/1/2117 2121/1/2121 
f 2122/1/2122 2121/1/2121 1921/1/1921 
f 1949/1/1949 1947/1/1947 2123/1/2123 
f 2123/1/2123 2122/1/2122 1949/1/1949 
f 2123/1/2123 2025/1/2025 2024/1/2024 
f 2122/1/2122 2024/1/2024 2028/1/2028 
f 2028/1/2028 2121/1/2121 2122/1/2122 
f 2124/1/2124 1726/1/1726 1725/1/1725 
f 1725/1/1725 2125/1/2125 2124/1/2124 
f 2125/1/2125 2119/1/2119 2118/1/2118 
f 2124/1/2124 2118/1/2118 2028/1/2028 
f 2028/1/2028 2027/1/2027 2124/1/2124 
f 2027/1/2027 1720/1/1720 1726/1/1726 
f 1726/1/1726 2124/1/2124 2027/1/2027 
f 2126/1/2126 2127/1/2127 2128/1/2128 
f 2128/1/2128 2129/1/2129 2126/1/2126 
f 2129/1/2129 259/1/259 258/1/258 
f 258/1/258 2126/1/2126 2129/1/2129 
f 2126/1/2126 258/1/258 257/1/257 
f 257/1/257 2130/1/2130 2126/1/2126 
f 2130/1/2130 2034/1/2034 2127/1/2127 
f 2127/1/2127 2126/1/2126 2130/1/2130 
f 2131/1/2131 2030/1/2030 2034/1/2034 
f 2034/1/2034 2130/1/2130 2131/1/2131 
f 2130/1/2130 257/1/257 1078/1/1078 
f 1078/1/1078 2131/1/2131 2130/1/2130 
f 2131/1/2131 1078/1/1078 1077/1/1077 
f 1077/1/1077 2132/1/2132 2131/1/2131 
f 2132/1/2132 2031/1/2031 2030/1/2030 
f 2030/1/2030 2131/1/2131 2132/1/2132 
f 2133/1/2133 1834/1/1834 1831/1/1831 
f 1831/1/1831 2134/1/2134 2133/1/2133 
f 2134/1/2134 2128/1/2128 2127/1/2127 
f 2127/1/2127 2133/1/2133 2134/1/2134 
f 2133/1/2133 2127/1/2127 2034/1/2034 
f 2034/1/2034 2033/1/2033 2133/1/2133 
f 2033/1/2033 1828/1/1828 1834/1/1834 
f 1834/1/1834 2133/1/2133 2033/1/2033 
f 2135/1/2135 2136/1/2136 2137/1/2137 
f 2137/1/2137 2138/1/2138 2135/1/2135 
f 2138/1/2138 1844/1/1844 1843/1/1843 
f 1843/1/1843 2135/1/2135 2138/1/2138 
f 2135/1/2135 1843/1/1843 1119/1/1119 
f 2139/1/2139 2140/1/2140 2136/1/2136 
f 2139/1/2139 1119/1/1119 1118/1/1118 
f 1118/1/1118 2141/1/2141 2139/1/2139 
f 1118/1/1118 1126/1/1126 2142/1/2142 
f 2142/1/2142 2141/1/2141 1118/1/1118 
f 2141/1/2141 2142/1/2142 2143/1/2143 
f 2143/1/2143 2144/1/2144 2141/1/2141 
f 2141/1/2141 2144/1/2144 2140/1/2140 
f 2145/1/2145 2140/1/2140 2144/1/2144 
f 2144/1/2144 2146/1/2146 2145/1/2145 
f 2144/1/2144 2143/1/2143 2147/1/2147 
f 2147/1/2147 2146/1/2146 2144/1/2144 
f 2146/1/2146 2147/1/2147 1925/1/1925 
f 1925/1/1925 1934/1/1934 2146/1/2146 
f 2146/1/2146 1934/1/1934 1731/1/1731 
f 1731/1/1731 2145/1/2145 2146/1/2146 
f 2148/1/2148 1730/1/1730 1240/1/1240 
f 1240/1/1240 2149/1/2149 2148/1/2148 
f 2149/1/2149 2137/1/2137 2136/1/2136 
f 2148/1/2148 2136/1/2136 2140/1/2140 
f 2140/1/2140 2145/1/2145 2148/1/2148 
f 2145/1/2145 1731/1/1731 1730/1/1730 
f 1730/1/1730 2148/1/2148 2145/1/2145 
f 2150/1/2150 2151/1/2151 2152/1/2152 
f 2152/1/2152 2153/1/2153 2150/1/2150 
f 2153/1/2153 1360/1/1360 1359/1/1359 
f 1359/1/1359 2150/1/2150 2153/1/2153 
f 2150/1/2150 1359/1/1359 1356/1/1356 
f 2154/1/2154 2155/1/2155 2151/1/2151 
f 2156/1/2156 2154/1/2154 1356/1/1356 
f 1356/1/1356 1355/1/1355 2156/1/2156 
f 1355/1/1355 1354/1/1354 2157/1/2157 
f 2157/1/2157 2156/1/2156 1355/1/1355 
f 2156/1/2156 2157/1/2157 2158/1/2158 
f 2158/1/2158 2159/1/2159 2156/1/2156 
f 2159/1/2159 2155/1/2155 2154/1/2154 
f 2160/1/2160 2161/1/2161 2155/1/2155 
f 2155/1/2155 2159/1/2159 2160/1/2160 
f 2159/1/2159 2158/1/2158 2162/1/2162 
f 2162/1/2162 2160/1/2160 2159/1/2159 
f 2160/1/2160 2162/1/2162 1875/1/1875 
f 1875/1/1875 1874/1/1874 2160/1/2160 
f 1874/1/1874 1745/1/1745 2161/1/2161 
f 2161/1/2161 2160/1/2160 1874/1/1874 
f 2163/1/2163 1957/1/1957 1955/1/1955 
f 1955/1/1955 2164/1/2164 2163/1/2163 
f 2164/1/2164 2152/1/2152 2151/1/2151 
f 2151/1/2151 2163/1/2163 2164/1/2164 
f 2163/1/2163 2151/1/2151 2155/1/2155 
f 2155/1/2155 2161/1/2161 2163/1/2163 
f 2161/1/2161 1745/1/1745 1957/1/1957 
f 1957/1/1957 2163/1/2163 2161/1/2161 
f 2165/1/2165 2157/1/2157 1354/1/1354 
f 1354/1/1354 1463/1/1463 2165/1/2165 
f 1463/1/1463 1462/1/1462 2166/1/2166 
f 2165/1/2165 2166/1/2166 2167/1/2167 
f 2167/1/2167 2168/1/2168 2165/1/2165 
f 2168/1/2168 2158/1/2158 2157/1/2157 
f 2157/1/2157 2165/1/2165 2168/1/2168 
f 2169/1/2169 2166/1/2166 1462/1/1462 
f 1462/1/1462 1978/1/1978 2169/1/2169 
f 1978/1/1978 1977/1/1977 2170/1/2170 
f 2170/1/2170 2169/1/2169 1978/1/1978 
f 2169/1/2169 2170/1/2170 2171/1/2171 
f 2171/1/2171 2172/1/2172 2169/1/2169 
f 2172/1/2172 2167/1/2167 2166/1/2166 
f 2166/1/2166 2169/1/2169 2172/1/2172 
f 2173/1/2173 2174/1/2174 2167/1/2167 
f 2167/1/2167 2172/1/2172 2173/1/2173 
f 2172/1/2172 2171/1/2171 2175/1/2175 
f 2175/1/2175 2173/1/2173 2172/1/2172 
f 2173/1/2173 2175/1/2175 1974/1/1974 
f 1973/1/1973 1741/1/1741 2174/1/2174 
f 2174/1/2174 2173/1/2173 1973/1/1973 
f 2176/1/2176 2174/1/2174 1741/1/1741 
f 1741/1/1741 1877/1/1877 2176/1/2176 
f 1877/1/1877 1875/1/1875 2162/1/2162 
f 2162/1/2162 2176/1/2176 1877/1/1877 
f 2176/1/2176 2162/1/2162 2158/1/2158 
f 2158/1/2158 2168/1/2168 2176/1/2176 
f 2168/1/2168 2167/1/2167 2174/1/2174 
f 2174/1/2174 2176/1/2176 2168/1/2168 
f 2177/1/2177 2178/1/2178 1679/1/1679 
f 1679/1/1679 1678/1/1678 2177/1/2177 
f 1678/1/1678 1676/1/1676 2179/1/2179 
f 2179/1/2179 2177/1/2177 1678/1/1678 
f 2177/1/2177 2179/1/2179 2180/1/2180 
f 2180/1/2180 2181/1/2181 2177/1/2177 
f 2181/1/2181 2182/1/2182 2178/1/2178 
f 2178/1/2178 2177/1/2177 2181/1/2181 
f 2179/1/2179 2183/1/2183 2184/1/2184 
f 2184/1/2184 2180/1/2180 2179/1/2179 
f 2179/1/2179 1676/1/1676 1675/1/1675 
f 1675/1/1675 2183/1/2183 2179/1/2179 
f 2183/1/2183 1675/1/1675 1664/1/1664 
f 1664/1/1664 2185/1/2185 2183/1/2183 
f 2185/1/2185 2186/1/2186 2184/1/2184 
f 2184/1/2184 2183/1/2183 2185/1/2185 
f 2187/1/2187 2188/1/2188 2186/1/2186 
f 2186/1/2186 2185/1/2185 2187/1/2187 
f 2185/1/2185 1664/1/1664 1663/1/1663 
f 1663/1/1663 2187/1/2187 2185/1/2185 
f 2187/1/2187 1663/1/1663 1670/1/1670 
f 1670/1/1670 2189/1/2189 2187/1/2187 
f 2189/1/2189 2190/1/2190 2188/1/2188 
f 2188/1/2188 2187/1/2187 2189/1/2189 
f 2191/1/2191 2189/1/2189 1670/1/1670 
f 1670/1/1670 1991/1/1991 2191/1/2191 
f 1991/1/1991 1989/1/1989 2192/1/2192 
f 2192/1/2192 2191/1/2191 1991/1/1991 
f 2191/1/2191 2192/1/2192 2193/1/2193 
f 2193/1/2193 2194/1/2194 2191/1/2191 
f 2194/1/2194 2190/1/2190 2189/1/2189 
f 2189/1/2189 2191/1/2191 2194/1/2194 
f 2195/1/2195 2192/1/2192 1989/1/1989 
f 1989/1/1989 1988/1/1988 2195/1/2195 
f 1988/1/1988 1987/1/1987 2196/1/2196 
f 2195/1/2195 2196/1/2196 2197/1/2197 
f 2197/1/2197 2198/1/2198 2195/1/2195 
f 2198/1/2198 2193/1/2193 2192/1/2192 
f 2192/1/2192 2195/1/2195 2198/1/2198 
f 2199/1/2199 2200/1/2200 2201/1/2201 
f 2201/1/2201 2202/1/2202 2199/1/2199 
f 2202/1/2202 1457/1/1457 1456/1/1456 
f 1456/1/1456 2199/1/2199 2202/1/2202 
f 2199/1/2199 1456/1/1456 1455/1/1455 
f 1455/1/1455 2203/1/2203 2199/1/2199 
f 2203/1/2203 2036/1/2036 2200/1/2200 
f 2200/1/2200 2199/1/2199 2203/1/2203 
f 2204/1/2204 2203/1/2203 1455/1/1455 
f 1455/1/1455 1889/1/1889 2204/1/2204 
f 1889/1/1889 1886/1/1886 2205/1/2205 
f 2204/1/2204 2205/1/2205 2039/1/2039 
f 2039/1/2039 2037/1/2037 2204/1/2204 
f 2037/1/2037 2036/1/2036 2203/1/2203 
f 2203/1/2203 2204/1/2204 2037/1/2037 
f 2206/1/2206 1972/1/1972 1971/1/1971 
f 1971/1/1971 2207/1/2207 2206/1/2206 
f 2207/1/2207 2201/1/2201 2200/1/2200 
f 2200/1/2200 2206/1/2206 2207/1/2207 
f 2206/1/2206 2200/1/2200 2036/1/2036 
f 2036/1/2036 2035/1/2035 2206/1/2206 
f 2035/1/2035 1734/1/1734 1972/1/1972 
f 1972/1/1972 2206/1/2206 2035/1/2035 
f 2208/1/2208 2205/1/2205 1886/1/1886 
f 1886/1/1886 1885/1/1885 2208/1/2208 
f 1885/1/1885 1884/1/1884 2209/1/2209 
f 2209/1/2209 2208/1/2208 1885/1/1885 
f 2208/1/2208 2209/1/2209 2210/1/2210 
f 2210/1/2210 2211/1/2211 2208/1/2208 
f 2211/1/2211 2039/1/2039 2205/1/2205 
f 2205/1/2205 2208/1/2208 2211/1/2211 
f 2212/1/2212 2209/1/2209 1884/1/1884 
f 1884/1/1884 1967/1/1967 2212/1/2212 
f 1967/1/1967 1963/1/1963 2051/1/2051 
f 2212/1/2212 2051/1/2051 2050/1/2050 
f 2050/1/2050 2213/1/2213 2212/1/2212 
f 2213/1/2213 2210/1/2210 2209/1/2209 
f 2213/1/2213 2050/1/2050 2214/1/2214 
f 2214/1/2214 2215/1/2215 2213/1/2213 
f 2215/1/2215 2214/1/2214 1956/1/1956 
f 1956/1/1956 1959/1/1959 2215/1/2215 
f 2215/1/2215 1959/1/1959 1748/1/1748 
f 1748/1/1748 2216/1/2216 2215/1/2215 
f 2215/1/2215 2216/1/2216 2210/1/2210 
f 2210/1/2210 2213/1/2213 2215/1/2215 
f 2217/1/2217 1750/1/1750 1737/1/1737 
f 1737/1/1737 2040/1/2040 2217/1/2217 
f 2217/1/2217 2040/1/2040 2039/1/2039 
f 2039/1/2039 2211/1/2211 2217/1/2217 
f 2217/1/2217 2211/1/2211 2210/1/2210 
f 2210/1/2210 2216/1/2216 2217/1/2217 
f 2216/1/2216 1748/1/1748 1750/1/1750 
f 1750/1/1750 2217/1/2217 2216/1/2216 
f 2218/1/2218 2219/1/2219 2220/1/2220 
f 2220/1/2220 2221/1/2221 2218/1/2218 
f 2221/1/2221 1896/1/1896 1895/1/1895 
f 2218/1/2218 1895/1/1895 1894/1/1894 
f 1894/1/1894 2222/1/2222 2218/1/2218 
f 2222/1/2222 2043/1/2043 2219/1/2219 
f 2219/1/2219 2218/1/2218 2222/1/2222 
f 2222/1/2222 1894/1/1894 1936/1/1936 
f 1936/1/1936 1939/1/1939 2016/1/2016 
f 2223/1/2223 2016/1/2016 2015/1/2015 
f 2015/1/2015 2044/1/2044 2223/1/2223 
f 2044/1/2044 2043/1/2043 2222/1/2222 
f 2222/1/2222 2223/1/2223 2044/1/2044 
f 2224/1/2224 1933/1/1933 1931/1/1931 
f 1931/1/1931 2225/1/2225 2224/1/2224 
f 2225/1/2225 2220/1/2220 2219/1/2219 
f 2224/1/2224 2219/1/2219 2043/1/2043 
f 2043/1/2043 2042/1/2042 2224/1/2224 
f 2042/1/2042 1754/1/1754 1933/1/1933 
f 1933/1/1933 2224/1/2224 2042/1/2042 
f 2226/1/2226 2225/1/2225 1931/1/1931 
f 1931/1/1931 1930/1/1930 2226/1/2226 
f 1930/1/1930 1929/1/1929 2227/1/2227 
f 2227/1/2227 2226/1/2226 1930/1/1930 
f 2226/1/2226 2227/1/2227 2048/1/2048 
f 2048/1/2048 2228/1/2228 2226/1/2226 
f 2228/1/2228 2220/1/2220 2225/1/2225 
f 2225/1/2225 2226/1/2226 2228/1/2228 
f 2229/1/2229 2227/1/2227 1929/1/1929 
f 1929/1/1929 1951/1/1951 2229/1/2229 
f 2214/1/2214 2229/1/2229 1951/1/1951 
f 1951/1/1951 1956/1/1956 2214/1/2214 
f 2229/1/2229 2214/1/2214 2050/1/2050 
f 2049/1/2049 2048/1/2048 2227/1/2227 
f 2227/1/2227 2229/1/2229 2049/1/2049 
f 2230/1/2230 2047/1/2047 1901/1/1901 
f 1901/1/1901 1900/1/1900 2230/1/2230 
f 2230/1/2230 1900/1/1900 1896/1/1896 
f 2230/1/2230 2221/1/2221 2220/1/2220 
f 2220/1/2220 2228/1/2228 2230/1/2230 
f 2228/1/2228 2048/1/2048 2047/1/2047 
f 2047/1/2047 2230/1/2230 2228/1/2228 
f 2231/1/2231 2164/1/2164 1955/1/1955 
f 1955/1/1955 1952/1/1952 2231/1/2231 
f 1952/1/1952 1927/1/1927 2232/1/2232 
f 2232/1/2232 2231/1/2231 1952/1/1952 
f 2231/1/2231 2232/1/2232 2233/1/2233 
f 2233/1/2233 2234/1/2234 2231/1/2231 
f 2164/1/2164 2231/1/2231 2234/1/2234 
f 2234/1/2234 2152/1/2152 2164/1/2164 
f 2235/1/2235 2232/1/2232 1927/1/1927 
f 1926/1/1926 1925/1/1925 2147/1/2147 
f 2147/1/2147 2235/1/2235 1926/1/1926 
f 2235/1/2235 2147/1/2147 2143/1/2143 
f 2143/1/2143 2236/1/2236 2235/1/2235 
f 2236/1/2236 2233/1/2233 2232/1/2232 
f 2237/1/2237 2238/1/2238 2233/1/2233 
f 2233/1/2233 2236/1/2236 2237/1/2237 
f 2236/1/2236 2143/1/2143 2142/1/2142 
f 2237/1/2237 2142/1/2142 1126/1/1126 
f 1126/1/1126 1762/1/1762 2237/1/2237 
f 1762/1/1762 1761/1/1761 2238/1/2238 
f 2238/1/2238 2237/1/2237 1762/1/1762 
f 2239/1/2239 2238/1/2238 1761/1/1761 
f 1761/1/1761 1765/1/1765 2239/1/2239 
f 1765/1/1765 1360/1/1360 2153/1/2153 
f 2153/1/2153 2239/1/2239 1765/1/1765 
f 2239/1/2239 2153/1/2153 2152/1/2152 
f 2152/1/2152 2234/1/2234 2239/1/2239 
f 2234/1/2234 2233/1/2233 2238/1/2238 
f 2238/1/2238 2239/1/2239 2234/1/2234 
f 2240/1/2240 2241/1/2241 52/1/52 
f 52/1/52 51/1/51 2240/1/2240 
f 51/1/51 50/1/50 2242/1/2242 
f 2242/1/2242 2240/1/2240 51/1/51 
f 2240/1/2240 2242/1/2242 2054/1/2054 
f 2054/1/2054 2243/1/2243 2240/1/2240 
f 2243/1/2243 2244/1/2244 2241/1/2241 
f 2241/1/2241 2240/1/2240 2243/1/2243 
f 2245/1/2245 2242/1/2242 50/1/50 
f 1801/1/1801 1799/1/1799 2246/1/2246 
f 2246/1/2246 2245/1/2245 1801/1/1801 
f 2245/1/2245 2246/1/2246 2056/1/2056 
f 2055/1/2055 2054/1/2054 2242/1/2242 
f 2242/1/2242 2245/1/2245 2055/1/2055 
f 2247/1/2247 2053/1/2053 1772/1/1772 
f 1772/1/1772 2248/1/2248 2247/1/2247 
f 2248/1/2248 2249/1/2249 2250/1/2250 
f 2250/1/2250 2247/1/2247 2248/1/2248 
f 2247/1/2247 2250/1/2250 2244/1/2244 
f 2244/1/2244 2243/1/2243 2247/1/2247 
f 2243/1/2243 2054/1/2054 2053/1/2053 
f 2053/1/2053 2247/1/2247 2243/1/2243 
f 2251/1/2251 2252/1/2252 2098/1/2098 
f 2098/1/2098 2110/1/2110 2251/1/2251 
f 2110/1/2110 1790/1/1790 1789/1/1789 
f 1789/1/1789 2251/1/2251 2110/1/2110 
f 2251/1/2251 1789/1/1789 1785/1/1785 
f 1785/1/1785 2253/1/2253 2251/1/2251 
f 2253/1/2253 2254/1/2254 2252/1/2252 
f 2252/1/2252 2251/1/2251 2253/1/2253 
f 2255/1/2255 1780/1/1780 1779/1/1779 
f 1779/1/1779 2256/1/2256 2255/1/2255 
f 2099/1/2099 2256/1/2256 1779/1/1779 
f 1779/1/1779 156/1/156 2099/1/2099 
f 2099/1/2099 2098/1/2098 2252/1/2252 
f 2252/1/2252 2256/1/2256 2099/1/2099 
f 2256/1/2256 2252/1/2252 2254/1/2254 
f 2254/1/2254 2255/1/2255 2256/1/2256 
f 2257/1/2257 2066/1/2066 1804/1/1804 
f 1804/1/1804 1810/1/1810 2257/1/2257 
f 1810/1/1810 1774/1/1774 2057/1/2057 
f 2057/1/2057 2257/1/2257 1810/1/1810 
f 2257/1/2257 2057/1/2057 2056/1/2056 
f 2056/1/2056 2258/1/2258 2257/1/2257 
f 2258/1/2258 2062/1/2062 2066/1/2066 
f 2066/1/2066 2257/1/2257 2258/1/2258 
f 2259/1/2259 2246/1/2246 1799/1/1799 
f 1799/1/1799 1798/1/1798 2259/1/2259 
f 1798/1/1798 147/1/147 2059/1/2059 
f 2059/1/2059 2259/1/2259 1798/1/1798 
f 2259/1/2259 2059/1/2059 2062/1/2062 
f 2062/1/2062 2258/1/2258 2259/1/2259 
f 2258/1/2258 2056/1/2056 2246/1/2246 
f 2246/1/2246 2259/1/2259 2258/1/2258 
f 2260/1/2260 2085/1/2085 1072/1/1072 
f 1072/1/1072 1910/1/1910 2260/1/2260 
f 1910/1/1910 1908/1/1908 2089/1/2089 
f 2089/1/2089 2260/1/2260 1910/1/1910 
f 2260/1/2260 2089/1/2089 2092/1/2092 
f 2092/1/2092 2261/1/2261 2260/1/2260 
f 2261/1/2261 2009/1/2009 2085/1/2085 
f 2085/1/2085 2260/1/2260 2261/1/2261 
f 2262/1/2262 2010/1/2010 2009/1/2009 
f 2009/1/2009 2261/1/2261 2262/1/2262 
f 2261/1/2261 2092/1/2092 2095/1/2095 
f 2095/1/2095 2262/1/2262 2261/1/2261 
f 2262/1/2262 2095/1/2095 1704/1/1704 
f 1704/1/1704 1824/1/1824 2262/1/2262 
f 1824/1/1824 1821/1/1821 2010/1/2010 
f 2010/1/2010 2262/1/2262 1824/1/1824 
f 2263/1/2263 2264/1/2264 2031/1/2031 
f 2031/1/2031 2132/1/2132 2263/1/2263 
f 2132/1/2132 1077/1/1077 1912/1/1912 
f 1912/1/1912 2263/1/2263 2132/1/2132 
f 2263/1/2263 1912/1/1912 1916/1/1916 
f 1916/1/1916 2120/1/2120 2263/1/2263 
f 2120/1/2120 2119/1/2119 2264/1/2264 
f 2264/1/2264 2263/1/2263 2120/1/2120 
f 2265/1/2265 2264/1/2264 2119/1/2119 
f 2119/1/2119 2125/1/2125 2265/1/2265 
f 2125/1/2125 1725/1/1725 1812/1/1812 
f 2265/1/2265 1812/1/1812 1815/1/1815 
f 1815/1/1815 2032/1/2032 2265/1/2265 
f 2032/1/2032 2031/1/2031 2264/1/2264 
f 2264/1/2264 2265/1/2265 2032/1/2032 
f 2266/1/2266 2267/1/2267 2019/1/2019 
f 2019/1/2019 2115/1/2115 2266/1/2266 
f 2115/1/2115 1866/1/1866 1865/1/1865 
f 1865/1/1865 2266/1/2266 2115/1/2115 
f 2266/1/2266 1865/1/1865 259/1/259 
f 259/1/259 2129/1/2129 2266/1/2266 
f 2129/1/2129 2128/1/2128 2267/1/2267 
f 2267/1/2267 2266/1/2266 2129/1/2129 
f 2268/1/2268 1830/1/1830 1715/1/1715 
f 2020/1/2020 2019/1/2019 2267/1/2267 
f 2267/1/2267 2268/1/2268 2020/1/2020 
f 2268/1/2268 2267/1/2267 2128/1/2128 
f 2128/1/2128 2134/1/2134 2268/1/2268 
f 2134/1/2134 1831/1/1831 1830/1/1830 
f 1830/1/1830 2268/1/2268 2134/1/2134 
f 2269/1/2269 2074/1/2074 325/1/325 
f 330/1/330 232/1/232 2080/1/2080 
f 2269/1/2269 2080/1/2080 2083/1/2083 
f 2270/1/2270 2075/1/2075 2074/1/2074 
f 2074/1/2074 2269/1/2269 2270/1/2270 
f 2271/1/2271 2087/1/2087 1837/1/1837 
f 1837/1/1837 1860/1/1860 2271/1/2271 
f 1860/1/1860 1859/1/1859 2078/1/2078 
f 2271/1/2271 2078/1/2078 2075/1/2075 
f 2075/1/2075 2270/1/2270 2271/1/2271 
f 2270/1/2270 2083/1/2083 2087/1/2087 
f 2087/1/2087 2271/1/2271 2270/1/2270 
f 2149/1/2149 1240/1/1240 1239/1/1239 
f 1239/1/1239 2272/1/2272 2149/1/2149 
f 2272/1/2272 1239/1/1239 1238/1/1238 
f 1238/1/1238 2026/1/2026 2272/1/2272 
f 2026/1/2026 2025/1/2025 2273/1/2273 
f 2273/1/2273 2272/1/2272 2026/1/2026 
f 2272/1/2272 2273/1/2273 2137/1/2137 
f 2138/1/2138 2137/1/2137 2273/1/2273 
f 2273/1/2273 2274/1/2274 2138/1/2138 
f 2273/1/2273 2025/1/2025 2123/1/2123 
f 2123/1/2123 2274/1/2274 2273/1/2273 
f 2274/1/2274 2123/1/2123 1947/1/1947 
f 1947/1/1947 1946/1/1946 2274/1/2274 
f 2138/1/2138 2274/1/2274 1946/1/1946 
f 1946/1/1946 1844/1/1844 2138/1/2138 
f 2275/1/2275 2276/1/2276 1614/1/1614 
f 1614/1/1614 1613/1/1613 2275/1/2275 
f 1613/1/1613 843/1/843 842/1/842 
f 842/1/842 2275/1/2275 1613/1/1613 
f 2275/1/2275 842/1/842 841/1/841 
f 2277/1/2277 2278/1/2278 2276/1/2276 
f 2279/1/2279 2280/1/2280 1013/1/1013 
f 1013/1/1013 1012/1/1012 2279/1/2279 
f 2279/1/2279 1012/1/1012 1003/1/1003 
f 1003/1/1003 1002/1/1002 2279/1/2279 
f 2279/1/2279 1002/1/1002 825/1/825 
f 825/1/825 2281/1/2281 2279/1/2279 
f 2281/1/2281 2282/1/2282 2280/1/2280 
f 2280/1/2280 2279/1/2279 2281/1/2281 
f 2283/1/2283 2284/1/2284 2285/1/2285 
f 2285/1/2285 2286/1/2286 2283/1/2283 
f 2286/1/2286 1036/1/1036 1035/1/1035 
f 1035/1/1035 2283/1/2283 2286/1/2286 
f 2283/1/2283 1035/1/1035 1013/1/1013 
f 1013/1/1013 2280/1/2280 2283/1/2283 
f 2280/1/2280 2282/1/2282 2284/1/2284 
f 2284/1/2284 2283/1/2283 2280/1/2280 
f 2287/1/2287 2282/1/2282 2281/1/2281 
f 2281/1/2281 2288/1/2288 2287/1/2287 
f 2281/1/2281 825/1/825 824/1/824 
f 824/1/824 2288/1/2288 2281/1/2281 
f 2288/1/2288 824/1/824 830/1/830 
f 830/1/830 2289/1/2289 2288/1/2288 
f 2288/1/2288 2289/1/2289 2290/1/2290 
f 2290/1/2290 2287/1/2287 2288/1/2288 
f 2291/1/2291 2284/1/2284 2282/1/2282 
f 2282/1/2282 2287/1/2287 2291/1/2291 
f 2287/1/2287 2290/1/2290 2292/1/2292 
f 2292/1/2292 2291/1/2291 2287/1/2287 
f 2291/1/2291 2292/1/2292 2293/1/2293 
f 2293/1/2293 2294/1/2294 2291/1/2291 
f 2294/1/2294 2285/1/2285 2284/1/2284 
f 2284/1/2284 2291/1/2291 2294/1/2294 
f 2295/1/2295 2293/1/2293 2292/1/2292 
f 2296/1/2296 2292/1/2292 2290/1/2290 
f 2290/1/2290 2289/1/2289 2296/1/2296 
f 2289/1/2289 830/1/830 832/1/832 
f 832/1/832 2296/1/2296 2289/1/2289 
f 832/1/832 836/1/836 2295/1/2295 
f 2295/1/2295 836/1/836 1620/1/1620 
f 1620/1/1620 1614/1/1614 2276/1/2276 
f 2297/1/2297 2276/1/2276 2278/1/2278 
f 2278/1/2278 2298/1/2298 2297/1/2297 
f 2297/1/2297 2298/1/2298 2293/1/2293 
f 2293/1/2293 2295/1/2295 2297/1/2297 
f 2298/1/2298 2278/1/2278 2277/1/2277 
f 2277/1/2277 2299/1/2299 2298/1/2298 
f 2277/1/2277 841/1/841 2300/1/2300 
f 2300/1/2300 2299/1/2299 2277/1/2277 
f 2299/1/2299 2300/1/2300 2285/1/2285 
f 2285/1/2285 2294/1/2294 2299/1/2299 
f 2294/1/2294 2293/1/2293 2298/1/2298 
f 2298/1/2298 2299/1/2299 2294/1/2294 
f 2301/1/2301 2300/1/2300 841/1/841 
f 841/1/841 840/1/840 2301/1/2301 
f 840/1/840 839/1/839 1046/1/1046 
f 1046/1/1046 2301/1/2301 840/1/840 
f 2301/1/2301 1046/1/1046 1036/1/1036 
f 1036/1/1036 2286/1/2286 2301/1/2301 
f 2286/1/2286 2285/1/2285 2300/1/2300 
f 2300/1/2300 2301/1/2301 2286/1/2286 
f 2302/1/2302 1501/1/1501 1499/1/1499 
f 1499/1/1499 1498/1/1498 2302/1/2302 
f 1498/1/1498 1497/1/1497 2303/1/2303 
f 2303/1/2303 2302/1/2302 1498/1/1498 
f 2304/1/2304 2302/1/2302 2303/1/2303 
f 2303/1/2303 2305/1/2305 2304/1/2304 
f 2304/1/2304 1502/1/1502 1501/1/1501 
f 1501/1/1501 2302/1/2302 2304/1/2304 
f 2306/1/2306 1551/1/1551 1567/1/1567 
f 1567/1/1567 2307/1/2307 2306/1/2306 
f 1567/1/1567 1566/1/1566 1574/1/1574 
f 2307/1/2307 1574/1/1574 1502/1/1502 
f 1502/1/1502 2304/1/2304 2307/1/2307 
f 2304/1/2304 2305/1/2305 2306/1/2306 
f 2306/1/2306 2307/1/2307 2304/1/2304 
f 2308/1/2308 1553/1/1553 1552/1/1552 
f 2309/1/2309 1552/1/1552 1551/1/1551 
f 1551/1/1551 2306/1/2306 2309/1/2309 
f 2309/1/2309 2306/1/2306 2305/1/2305 
f 2305/1/2305 2310/1/2310 2309/1/2309 
f 2310/1/2310 2311/1/2311 2308/1/2308 
f 2312/1/2312 2313/1/2313 1497/1/1497 
f 1497/1/1497 1496/1/1496 2312/1/2312 
f 2312/1/2312 1496/1/1496 1439/1/1439 
f 1439/1/1439 1438/1/1438 2312/1/2312 
f 2312/1/2312 1438/1/1438 1442/1/1442 
f 1442/1/1442 2314/1/2314 2312/1/2312 
f 2314/1/2314 2315/1/2315 2313/1/2313 
f 2313/1/2313 2312/1/2312 2314/1/2314 
f 2316/1/2316 2303/1/2303 1497/1/1497 
f 1497/1/1497 2313/1/2313 2316/1/2316 
f 2313/1/2313 2315/1/2315 2317/1/2317 
f 2317/1/2317 2316/1/2316 2313/1/2313 
f 2316/1/2316 2317/1/2317 2318/1/2318 
f 2318/1/2318 2319/1/2319 2316/1/2316 
f 2316/1/2316 2319/1/2319 2305/1/2305 
f 2305/1/2305 2303/1/2303 2316/1/2316 
f 2320/1/2320 2319/1/2319 2318/1/2318 
f 2318/1/2318 2321/1/2321 2320/1/2320 
f 2320/1/2320 2321/1/2321 2311/1/2311 
f 2311/1/2311 2310/1/2310 2320/1/2320 
f 2310/1/2310 2305/1/2305 2319/1/2319 
f 2319/1/2319 2320/1/2320 2310/1/2310 
f 2322/1/2322 2323/1/2323 2324/1/2324 
f 2324/1/2324 2325/1/2325 2322/1/2322 
f 2325/1/2325 2326/1/2326 2327/1/2327 
f 2327/1/2327 2322/1/2322 2325/1/2325 
f 2322/1/2322 2327/1/2327 1459/1/1459 
f 1459/1/1459 1458/1/1458 2322/1/2322 
f 1458/1/1458 1457/1/1457 2323/1/2323 
f 2323/1/2323 2322/1/2322 1458/1/1458 
f 2328/1/2328 2329/1/2329 2330/1/2330 
f 2330/1/2330 2331/1/2331 2328/1/2328 
f 2331/1/2331 1987/1/1987 1986/1/1986 
f 1986/1/1986 2328/1/2328 2331/1/2331 
f 2328/1/2328 1986/1/1986 1985/1/1985 
f 1985/1/1985 2332/1/2332 2328/1/2328 
f 2332/1/2332 2333/1/2333 2329/1/2329 
f 2329/1/2329 2328/1/2328 2332/1/2332 
f 2334/1/2334 2335/1/2335 2326/1/2326 
f 2326/1/2326 2325/1/2325 2334/1/2334 
f 2325/1/2325 2324/1/2324 2336/1/2336 
f 2336/1/2336 2334/1/2334 2325/1/2325 
f 2334/1/2334 2336/1/2336 2337/1/2337 
f 2337/1/2337 2338/1/2338 2334/1/2334 
f 2338/1/2338 2339/1/2339 2335/1/2335 
f 2335/1/2335 2334/1/2334 2338/1/2338 
f 2340/1/2340 2330/1/2330 2329/1/2329 
f 2329/1/2329 2341/1/2341 2340/1/2340 
f 2342/1/2342 2341/1/2341 2329/1/2329 
f 2329/1/2329 2333/1/2333 2342/1/2342 
f 2341/1/2341 2342/1/2342 2339/1/2339 
f 2339/1/2339 2338/1/2338 2341/1/2341 
f 2341/1/2341 2338/1/2338 2337/1/2337 
f 2337/1/2337 2340/1/2340 2341/1/2341 
f 2343/1/2343 2323/1/2323 1457/1/1457 
f 1457/1/1457 2202/1/2202 2343/1/2343 
f 2202/1/2202 2201/1/2201 2344/1/2344 
f 2344/1/2344 2343/1/2343 2202/1/2202 
f 2343/1/2343 2344/1/2344 2345/1/2345 
f 2345/1/2345 2346/1/2346 2343/1/2343 
f 2346/1/2346 2324/1/2324 2323/1/2323 
f 2323/1/2323 2343/1/2343 2346/1/2346 
f 2347/1/2347 2348/1/2348 2349/1/2349 
f 2349/1/2349 2350/1/2350 2347/1/2347 
f 2350/1/2350 2197/1/2197 2196/1/2196 
f 2196/1/2196 2347/1/2347 2350/1/2350 
f 2347/1/2347 2196/1/2196 1987/1/1987 
f 1987/1/1987 2331/1/2331 2347/1/2347 
f 2331/1/2331 2330/1/2330 2348/1/2348 
f 2348/1/2348 2347/1/2347 2331/1/2331 
f 2351/1/2351 2352/1/2352 2353/1/2353 
f 2353/1/2353 2354/1/2354 2351/1/2351 
f 2354/1/2354 2349/1/2349 2348/1/2348 
f 2348/1/2348 2351/1/2351 2354/1/2354 
f 2351/1/2351 2348/1/2348 2330/1/2330 
f 2330/1/2330 2340/1/2340 2351/1/2351 
f 2340/1/2340 2337/1/2337 2352/1/2352 
f 2352/1/2352 2351/1/2351 2340/1/2340 
f 2355/1/2355 2352/1/2352 2337/1/2337 
f 2337/1/2337 2336/1/2336 2355/1/2355 
f 2355/1/2355 2336/1/2336 2324/1/2324 
f 2324/1/2324 2346/1/2346 2355/1/2355 
f 2346/1/2346 2345/1/2345 2356/1/2356 
f 2356/1/2356 2355/1/2355 2346/1/2346 
f 2356/1/2356 2353/1/2353 2352/1/2352 
f 2352/1/2352 2355/1/2355 2356/1/2356 
f 2357/1/2357 2358/1/2358 2359/1/2359 
f 2359/1/2359 2360/1/2360 2357/1/2357 
f 2359/1/2359 2345/1/2345 2344/1/2344 
f 2344/1/2344 2360/1/2360 2359/1/2359 
f 2360/1/2360 2344/1/2344 2201/1/2201 
f 2201/1/2201 2207/1/2207 2360/1/2360 
f 2207/1/2207 1971/1/1971 2357/1/2357 
f 2357/1/2357 2360/1/2360 2207/1/2207 
f 2361/1/2361 2362/1/2362 2353/1/2353 
f 2353/1/2353 2356/1/2356 2361/1/2361 
f 2356/1/2356 2345/1/2345 2359/1/2359 
f 2359/1/2359 2361/1/2361 2356/1/2356 
f 2361/1/2361 2359/1/2359 2358/1/2358 
f 2358/1/2358 2363/1/2363 2361/1/2361 
f 2363/1/2363 2364/1/2364 2362/1/2362 
f 2362/1/2362 2361/1/2361 2363/1/2363 
f 2365/1/2365 2366/1/2366 2358/1/2358 
f 2358/1/2358 2357/1/2357 2365/1/2365 
f 2357/1/2357 1971/1/1971 1970/1/1970 
f 1970/1/1970 2365/1/2365 2357/1/2357 
f 2365/1/2365 1970/1/1970 1974/1/1974 
f 1974/1/1974 2367/1/2367 2365/1/2365 
f 2367/1/2367 2368/1/2368 2366/1/2366 
f 2366/1/2366 2365/1/2365 2367/1/2367 
f 2369/1/2369 2370/1/2370 2364/1/2364 
f 2364/1/2364 2363/1/2363 2369/1/2369 
f 2363/1/2363 2358/1/2358 2366/1/2366 
f 2369/1/2369 2366/1/2366 2368/1/2368 
f 2368/1/2368 2371/1/2371 2369/1/2369 
f 2371/1/2371 2372/1/2372 2370/1/2370 
f 2370/1/2370 2369/1/2369 2371/1/2371 
f 2373/1/2373 2374/1/2374 2368/1/2368 
f 2367/1/2367 1974/1/1974 2175/1/2175 
f 2175/1/2175 2373/1/2373 2367/1/2367 
f 2373/1/2373 2175/1/2175 2171/1/2171 
f 2171/1/2171 2375/1/2375 2373/1/2373 
f 2375/1/2375 2376/1/2376 2374/1/2374 
f 2374/1/2374 2373/1/2373 2375/1/2375 
f 2377/1/2377 2378/1/2378 2379/1/2379 
f 2379/1/2379 2380/1/2380 2377/1/2377 
f 2380/1/2380 2372/1/2372 2371/1/2371 
f 2371/1/2371 2368/1/2368 2374/1/2374 
f 2374/1/2374 2377/1/2377 2371/1/2371 
f 2377/1/2377 2374/1/2374 2376/1/2376 
f 2376/1/2376 2378/1/2378 2377/1/2377 
f 2381/1/2381 2382/1/2382 2383/1/2383 
f 2383/1/2383 2384/1/2384 2381/1/2381 
f 2383/1/2383 1679/1/1679 2178/1/2178 
f 2178/1/2178 2384/1/2384 2383/1/2383 
f 2384/1/2384 2178/1/2178 2182/1/2182 
f 2182/1/2182 2385/1/2385 2384/1/2384 
f 2384/1/2384 2385/1/2385 2386/1/2386 
f 2386/1/2386 2381/1/2381 2384/1/2384 
f 2387/1/2387 2388/1/2388 2376/1/2376 
f 2376/1/2376 2375/1/2375 2387/1/2387 
f 2375/1/2375 2171/1/2171 2170/1/2170 
f 2170/1/2170 2387/1/2387 2375/1/2375 
f 2387/1/2387 2170/1/2170 1977/1/1977 
f 1977/1/1977 2389/1/2389 2387/1/2387 
f 2389/1/2389 2390/1/2390 2388/1/2388 
f 2388/1/2388 2387/1/2387 2389/1/2389 
f 2378/1/2378 2376/1/2376 2388/1/2388 
f 2388/1/2388 2391/1/2391 2378/1/2378 
f 2391/1/2391 2388/1/2388 2390/1/2390 
f 2390/1/2390 2392/1/2392 2391/1/2391 
f 2391/1/2391 2392/1/2392 2393/1/2393 
f 2393/1/2393 2394/1/2394 2391/1/2391 
f 2394/1/2394 2379/1/2379 2378/1/2378 
f 2378/1/2378 2391/1/2391 2394/1/2394 
f 2395/1/2395 2396/1/2396 2382/1/2382 
f 2382/1/2382 2381/1/2381 2395/1/2395 
f 2381/1/2381 2386/1/2386 2397/1/2397 
f 2397/1/2397 2395/1/2395 2381/1/2381 
f 2395/1/2395 2397/1/2397 2379/1/2379 
f 2379/1/2379 2394/1/2394 2395/1/2395 
f 2394/1/2394 2393/1/2393 2396/1/2396 
f 2396/1/2396 2395/1/2395 2394/1/2394 
f 2398/1/2398 2399/1/2399 1681/1/1681 
f 1681/1/1681 1680/1/1680 2398/1/2398 
f 1680/1/1680 1679/1/1679 2383/1/2383 
f 2383/1/2383 2398/1/2398 1680/1/1680 
f 2398/1/2398 2383/1/2383 2382/1/2382 
f 2382/1/2382 2400/1/2400 2398/1/2398 
f 2400/1/2400 2401/1/2401 2399/1/2399 
f 2399/1/2399 2398/1/2398 2400/1/2400 
f 2402/1/2402 2403/1/2403 2390/1/2390 
f 2390/1/2390 2389/1/2389 2402/1/2402 
f 2389/1/2389 1977/1/1977 1976/1/1976 
f 1976/1/1976 2402/1/2402 2389/1/2389 
f 2402/1/2402 1976/1/1976 1980/1/1980 
f 1980/1/1980 2404/1/2404 2402/1/2402 
f 2404/1/2404 2405/1/2405 2403/1/2403 
f 2403/1/2403 2402/1/2402 2404/1/2404 
f 2392/1/2392 2390/1/2390 2403/1/2403 
f 2403/1/2403 2406/1/2406 2392/1/2392 
f 2406/1/2406 2403/1/2403 2405/1/2405 
f 2405/1/2405 2407/1/2407 2406/1/2406 
f 2406/1/2406 2407/1/2407 2408/1/2408 
f 2408/1/2408 2409/1/2409 2406/1/2406 
f 2409/1/2409 2393/1/2393 2392/1/2392 
f 2392/1/2392 2406/1/2406 2409/1/2409 
f 2410/1/2410 2411/1/2411 2401/1/2401 
f 2401/1/2401 2400/1/2400 2410/1/2410 
f 2400/1/2400 2382/1/2382 2396/1/2396 
f 2396/1/2396 2410/1/2410 2400/1/2400 
f 2410/1/2410 2396/1/2396 2393/1/2393 
f 2393/1/2393 2409/1/2409 2410/1/2410 
f 2409/1/2409 2408/1/2408 2411/1/2411 
f 2411/1/2411 2410/1/2410 2409/1/2409 
f 2412/1/2412 2413/1/2413 2414/1/2414 
f 2414/1/2414 2415/1/2415 2412/1/2412 
f 2404/1/2404 2412/1/2412 2415/1/2415 
f 2415/1/2415 2405/1/2405 2404/1/2404 
f 2404/1/2404 1980/1/1980 2416/1/2416 
f 2416/1/2416 2412/1/2412 2404/1/2404 
f 2412/1/2412 2416/1/2416 2417/1/2417 
f 2417/1/2417 2413/1/2413 2412/1/2412 
f 2418/1/2418 2407/1/2407 2405/1/2405 
f 2405/1/2405 2415/1/2415 2418/1/2418 
f 2415/1/2415 2414/1/2414 2419/1/2419 
f 2419/1/2419 2418/1/2418 2415/1/2415 
f 2418/1/2418 2419/1/2419 2420/1/2420 
f 2420/1/2420 2421/1/2421 2418/1/2418 
f 2421/1/2421 2408/1/2408 2407/1/2407 
f 2407/1/2407 2418/1/2418 2421/1/2421 
f 2422/1/2422 2423/1/2423 1642/1/1642 
f 1642/1/1642 1657/1/1657 2422/1/2422 
f 1657/1/1657 1656/1/1656 2424/1/2424 
f 2424/1/2424 2422/1/2422 1657/1/1657 
f 2422/1/2422 2424/1/2424 2425/1/2425 
f 2425/1/2425 2426/1/2426 2422/1/2422 
f 2423/1/2423 2422/1/2422 2426/1/2426 
f 2426/1/2426 2427/1/2427 2423/1/2423 
f 2428/1/2428 2429/1/2429 2427/1/2427 
f 2427/1/2427 2430/1/2430 2428/1/2428 
f 2430/1/2430 2431/1/2431 2432/1/2432 
f 2432/1/2432 2428/1/2428 2430/1/2430 
f 2428/1/2428 2432/1/2432 2433/1/2433 
f 2433/1/2433 2434/1/2434 2428/1/2428 
f 2434/1/2434 1492/1/1492 2429/1/2429 
f 2429/1/2429 2428/1/2428 2434/1/2434 
f 1487/1/1487 1483/1/1483 1493/1/1493 
f 2435/1/2435 1493/1/1493 1492/1/1492 
f 1492/1/1492 2434/1/2434 2435/1/2435 
f 2434/1/2434 2433/1/2433 2436/1/2436 
f 2436/1/2436 2435/1/2435 2434/1/2434 
f 1487/1/1487 2435/1/2435 2436/1/2436 
f 2436/1/2436 1488/1/1488 1487/1/1487 
f 2423/1/2423 2427/1/2427 2429/1/2429 
f 2429/1/2429 2437/1/2437 2423/1/2423 
f 2437/1/2437 2429/1/2429 1492/1/1492 
f 2437/1/2437 1624/1/1624 1623/1/1623 
f 1643/1/1643 1642/1/1642 2423/1/2423 
f 2423/1/2423 2437/1/2437 1643/1/1643 
f 2438/1/2438 694/1/694 693/1/693 
f 693/1/693 713/1/713 2438/1/2438 
f 713/1/713 712/1/712 2439/1/2439 
f 2439/1/2439 2438/1/2438 713/1/713 
f 2438/1/2438 2439/1/2439 2440/1/2440 
f 2441/1/2441 696/1/696 694/1/694 
f 694/1/694 2438/1/2438 2441/1/2441 
f 2442/1/2442 2439/1/2439 712/1/712 
f 712/1/712 718/1/718 2442/1/2442 
f 718/1/718 7/1/7 6/1/6 
f 6/1/6 2442/1/2442 718/1/718 
f 2442/1/2442 6/1/6 5/1/5 
f 5/1/5 2443/1/2443 2442/1/2442 
f 2443/1/2443 2440/1/2440 2439/1/2439 
f 2439/1/2439 2442/1/2442 2443/1/2443 
f 2444/1/2444 2445/1/2445 696/1/696 
f 696/1/696 2441/1/2441 2444/1/2444 
f 2444/1/2444 2441/1/2441 2440/1/2440 
f 2440/1/2440 2446/1/2446 2444/1/2444 
f 2447/1/2447 2444/1/2444 2446/1/2446 
f 2446/1/2446 2448/1/2448 2447/1/2447 
f 2447/1/2447 2449/1/2449 2445/1/2445 
f 2445/1/2445 2444/1/2444 2447/1/2447 
f 2450/1/2450 2451/1/2451 2452/1/2452 
f 2453/1/2453 166/1/166 165/1/165 
f 165/1/165 2450/1/2450 2453/1/2453 
f 2450/1/2450 165/1/165 160/1/160 
f 160/1/160 2454/1/2454 2450/1/2450 
f 2454/1/2454 2455/1/2455 2451/1/2451 
f 2451/1/2451 2450/1/2450 2454/1/2454 
f 2456/1/2456 278/1/278 166/1/166 
f 166/1/166 2453/1/2453 2456/1/2456 
f 2453/1/2453 2452/1/2452 2457/1/2457 
f 2457/1/2457 2456/1/2456 2453/1/2453 
f 2456/1/2456 2457/1/2457 2458/1/2458 
f 2458/1/2458 2459/1/2459 2456/1/2456 
f 2459/1/2459 279/1/279 278/1/278 
f 278/1/278 2456/1/2456 2459/1/2459 
f 2460/1/2460 2461/1/2461 2462/1/2462 
f 2462/1/2462 2463/1/2463 2460/1/2460 
f 2463/1/2463 151/1/151 150/1/150 
f 2460/1/2460 150/1/150 67/1/67 
f 67/1/67 65/1/65 2460/1/2460 
f 65/1/65 64/1/64 2461/1/2461 
f 2461/1/2461 2460/1/2460 65/1/65 
f 2464/1/2464 2465/1/2465 2466/1/2466 
f 2466/1/2466 2467/1/2467 2464/1/2464 
f 2467/1/2467 2466/1/2466 1944/1/1944 
f 1944/1/1944 1950/1/1950 2467/1/2467 
f 2467/1/2467 1950/1/1950 1919/1/1919 
f 1919/1/1919 2468/1/2468 2467/1/2467 
f 2468/1/2468 2469/1/2469 2464/1/2464 
f 2464/1/2464 2467/1/2467 2468/1/2468 
f 2470/1/2470 2471/1/2471 2469/1/2469 
f 2468/1/2468 1919/1/1919 1918/1/1918 
f 1918/1/1918 2470/1/2470 2468/1/2468 
f 2470/1/2470 1918/1/1918 1914/1/1914 
f 1914/1/1914 2472/1/2472 2470/1/2470 
f 2472/1/2472 2473/1/2473 2471/1/2471 
f 2471/1/2471 2470/1/2470 2472/1/2472 
f 2474/1/2474 2475/1/2475 2476/1/2476 
f 2476/1/2476 2477/1/2477 2474/1/2474 
f 2474/1/2474 1139/1/1139 1138/1/1138 
f 1138/1/1138 2475/1/2475 2474/1/2474 
f 2475/1/2475 1138/1/1138 1058/1/1058 
f 1058/1/1058 2478/1/2478 2475/1/2475 
f 2478/1/2478 2479/1/2479 2476/1/2476 
f 2476/1/2476 2475/1/2475 2478/1/2478 
f 2480/1/2480 2481/1/2481 287/1/287 
f 287/1/287 286/1/286 2480/1/2480 
f 286/1/286 198/1/198 2482/1/2482 
f 2482/1/2482 2480/1/2480 286/1/286 
f 2480/1/2480 2482/1/2482 2483/1/2483 
f 2483/1/2483 2484/1/2484 2480/1/2480 
f 2484/1/2484 2485/1/2485 2481/1/2481 
f 2481/1/2481 2480/1/2480 2484/1/2484 
f 2486/1/2486 2487/1/2487 2488/1/2488 
f 2488/1/2488 2489/1/2489 2486/1/2486 
f 2489/1/2489 2417/1/2417 2416/1/2416 
f 2416/1/2416 2486/1/2486 2489/1/2489 
f 2486/1/2486 2416/1/2416 1980/1/1980 
f 1980/1/1980 1979/1/1979 2486/1/2486 
f 1979/1/1979 1465/1/1465 2487/1/2487 
f 2487/1/2487 2486/1/2486 1979/1/1979 
f 2490/1/2490 1667/1/1667 1666/1/1666 
f 1666/1/1666 2491/1/2491 2490/1/2490 
f 2491/1/2491 2492/1/2492 2493/1/2493 
f 2493/1/2493 2490/1/2490 2491/1/2491 
f 2490/1/2490 2493/1/2493 2494/1/2494 
f 2494/1/2494 2495/1/2495 2490/1/2490 
f 2495/1/2495 1668/1/1668 1667/1/1667 
f 1667/1/1667 2490/1/2490 2495/1/2495 
f 2496/1/2496 2495/1/2495 2494/1/2494 
f 2494/1/2494 2497/1/2497 2496/1/2496 
f 2497/1/2497 2498/1/2498 2499/1/2499 
f 2499/1/2499 2496/1/2496 2497/1/2497 
f 2496/1/2496 2499/1/2499 1983/1/1983 
f 1983/1/1983 1992/1/1992 2496/1/2496 
f 1992/1/1992 1668/1/1668 2495/1/2495 
f 2495/1/2495 2496/1/2496 1992/1/1992 
f 2500/1/2500 2501/1/2501 1985/1/1985 
f 1985/1/1985 1984/1/1984 2500/1/2500 
f 1984/1/1984 1983/1/1983 2499/1/2499 
f 2499/1/2499 2500/1/2500 1984/1/1984 
f 2500/1/2500 2499/1/2499 2498/1/2498 
f 2498/1/2498 2502/1/2502 2500/1/2500 
f 2502/1/2502 2503/1/2503 2501/1/2501 
f 2501/1/2501 2500/1/2500 2502/1/2502 
f 2504/1/2504 2501/1/2501 2503/1/2503 
f 2503/1/2503 2505/1/2505 2504/1/2504 
f 2505/1/2505 2506/1/2506 2507/1/2507 
f 2507/1/2507 2504/1/2504 2505/1/2505 
f 2504/1/2504 2507/1/2507 2333/1/2333 
f 2333/1/2333 2332/1/2332 2504/1/2504 
f 2332/1/2332 1985/1/1985 2501/1/2501 
f 2501/1/2501 2504/1/2504 2332/1/2332 
f 2508/1/2508 2509/1/2509 2510/1/2510 
f 2510/1/2510 2511/1/2511 2508/1/2508 
f 2511/1/2511 2512/1/2512 2513/1/2513 
f 2513/1/2513 2508/1/2508 2511/1/2511 
f 2508/1/2508 2513/1/2513 1965/1/1965 
f 1965/1/1965 1968/1/1968 2508/1/2508 
f 1968/1/1968 1882/1/1882 2509/1/2509 
f 2509/1/2509 2508/1/2508 1968/1/1968 
f 2514/1/2514 2515/1/2515 2516/1/2516 
f 2516/1/2516 2517/1/2517 2514/1/2514 
f 2517/1/2517 1892/1/1892 1891/1/1891 
f 1891/1/1891 2514/1/2514 2517/1/2517 
f 2514/1/2514 1891/1/1891 1898/1/1898 
f 1898/1/1898 2518/1/2518 2514/1/2514 
f 2518/1/2518 2519/1/2519 2515/1/2515 
f 2515/1/2515 2514/1/2514 2518/1/2518 
f 2520/1/2520 2521/1/2521 1133/1/1133 
f 1133/1/1133 1132/1/1132 2520/1/2520 
f 1132/1/1132 1131/1/1131 1937/1/1937 
f 1937/1/1937 2520/1/2520 1132/1/1132 
f 2520/1/2520 1937/1/1937 1892/1/1892 
f 1892/1/1892 2517/1/2517 2520/1/2520 
f 2517/1/2517 2516/1/2516 2521/1/2521 
f 2521/1/2521 2520/1/2520 2517/1/2517 
f 2522/1/2522 2523/1/2523 2524/1/2524 
f 2524/1/2524 2525/1/2525 2522/1/2522 
f 2525/1/2525 2318/1/2318 2317/1/2317 
f 2317/1/2317 2522/1/2522 2525/1/2525 
f 2522/1/2522 2317/1/2317 2315/1/2315 
f 2315/1/2315 2526/1/2526 2522/1/2522 
f 2526/1/2526 2527/1/2527 2523/1/2523 
f 2523/1/2523 2522/1/2522 2526/1/2526 
f 2528/1/2528 2529/1/2529 2527/1/2527 
f 2527/1/2527 2526/1/2526 2528/1/2528 
f 2526/1/2526 2315/1/2315 2314/1/2314 
f 2314/1/2314 2528/1/2528 2526/1/2526 
f 2528/1/2528 2314/1/2314 1442/1/1442 
f 1442/1/1442 1450/1/1450 2528/1/2528 
f 1450/1/1450 1449/1/1449 2529/1/2529 
f 2529/1/2529 2528/1/2528 1450/1/1450 
f 2530/1/2530 2531/1/2531 2532/1/2532 
f 2532/1/2532 2533/1/2533 2530/1/2530 
f 2533/1/2533 1903/1/1903 1961/1/1961 
f 1961/1/1961 2530/1/2530 2533/1/2533 
f 1961/1/1961 1965/1/1965 2513/1/2513 
f 2513/1/2513 2530/1/2530 1961/1/1961 
f 2530/1/2530 2513/1/2513 2512/1/2512 
f 2512/1/2512 2531/1/2531 2530/1/2530 
f 2534/1/2534 2535/1/2535 2519/1/2519 
f 2519/1/2519 2518/1/2518 2534/1/2534 
f 2518/1/2518 1898/1/1898 1904/1/1904 
f 1904/1/1904 2534/1/2534 2518/1/2518 
f 2534/1/2534 1904/1/1904 1903/1/1903 
f 1903/1/1903 2533/1/2533 2534/1/2534 
f 2533/1/2533 2532/1/2532 2535/1/2535 
f 2535/1/2535 2534/1/2534 2533/1/2533 
f 2536/1/2536 2537/1/2537 69/1/69 
f 69/1/69 68/1/68 2536/1/2536 
f 68/1/68 57/1/57 56/1/56 
f 56/1/56 2536/1/2536 68/1/68 
f 2536/1/2536 56/1/56 55/1/55 
f 55/1/55 2538/1/2538 2536/1/2536 
f 2538/1/2538 2539/1/2539 2537/1/2537 
f 2537/1/2537 2536/1/2536 2538/1/2538 
f 2540/1/2540 2541/1/2541 2455/1/2455 
f 2455/1/2455 2454/1/2454 2540/1/2540 
f 159/1/159 2540/1/2540 2454/1/2454 
f 2454/1/2454 160/1/160 159/1/159 
f 159/1/159 158/1/158 2542/1/2542 
f 2542/1/2542 2540/1/2540 159/1/159 
f 2542/1/2542 2543/1/2543 2541/1/2541 
f 2541/1/2541 2540/1/2540 2542/1/2542 
f 2544/1/2544 2545/1/2545 2546/1/2546 
f 2546/1/2546 2547/1/2547 2544/1/2544 
f 2547/1/2547 2546/1/2546 2548/1/2548 
f 2548/1/2548 2549/1/2549 2547/1/2547 
f 2549/1/2549 2543/1/2543 2550/1/2550 
f 2550/1/2550 2547/1/2547 2549/1/2549 
f 2544/1/2544 2547/1/2547 2550/1/2550 
f 2550/1/2550 2551/1/2551 2544/1/2544 
f 2552/1/2552 2553/1/2553 2554/1/2554 
f 2554/1/2554 2555/1/2555 2552/1/2552 
f 2555/1/2555 2455/1/2455 2541/1/2541 
f 2541/1/2541 2552/1/2552 2555/1/2555 
f 2552/1/2552 2541/1/2541 2543/1/2543 
f 2543/1/2543 2549/1/2549 2552/1/2552 
f 2549/1/2549 2548/1/2548 2553/1/2553 
f 2553/1/2553 2552/1/2552 2549/1/2549 
f 2556/1/2556 2553/1/2553 2548/1/2548 
f 2548/1/2548 2557/1/2557 2556/1/2556 
f 2557/1/2557 37/1/37 124/1/124 
f 124/1/124 2556/1/2556 2557/1/2557 
f 2556/1/2556 124/1/124 123/1/123 
f 123/1/123 2558/1/2558 2556/1/2556 
f 2558/1/2558 2554/1/2554 2553/1/2553 
f 2553/1/2553 2556/1/2556 2558/1/2558 
f 2559/1/2559 2560/1/2560 2551/1/2551 
f 2551/1/2551 2550/1/2550 2559/1/2559 
f 2559/1/2559 2550/1/2550 2543/1/2543 
f 2543/1/2543 2542/1/2542 2559/1/2559 
f 2559/1/2559 2542/1/2542 158/1/158 
f 158/1/158 1775/1/1775 2559/1/2559 
f 2560/1/2560 2559/1/2559 1775/1/1775 
f 1775/1/1775 1778/1/1778 2560/1/2560 
f 2561/1/2561 2562/1/2562 28/1/28 
f 28/1/28 38/1/38 2561/1/2561 
f 38/1/38 37/1/37 2557/1/2557 
f 2557/1/2557 2561/1/2561 38/1/38 
f 2557/1/2557 2548/1/2548 2546/1/2546 
f 2546/1/2546 2561/1/2561 2557/1/2557 
f 2561/1/2561 2546/1/2546 2545/1/2545 
f 2545/1/2545 2562/1/2562 2561/1/2561 
f 2563/1/2563 2564/1/2564 2565/1/2565 
f 2565/1/2565 2566/1/2566 2563/1/2563 
f 2564/1/2564 2563/1/2563 30/1/30 
f 30/1/30 29/1/29 2564/1/2564 
f 29/1/29 28/1/28 2562/1/2562 
f 2562/1/2562 2564/1/2564 29/1/29 
f 2562/1/2562 2545/1/2545 2565/1/2565 
f 2565/1/2565 2564/1/2564 2562/1/2562 
f 2567/1/2567 2568/1/2568 2569/1/2569 
f 2569/1/2569 2570/1/2570 2567/1/2567 
f 2571/1/2571 2572/1/2572 2573/1/2573 
f 2573/1/2573 2574/1/2574 2571/1/2571 
f 2574/1/2574 1770/1/1770 1769/1/1769 
f 1769/1/1769 2571/1/2571 2574/1/2574 
f 2575/1/2575 2571/1/2571 1769/1/1769 
f 1769/1/1769 1768/1/1768 2575/1/2575 
f 2575/1/2575 2576/1/2576 2572/1/2572 
f 2572/1/2572 2571/1/2571 2575/1/2575 
f 2577/1/2577 2578/1/2578 2579/1/2579 
f 2579/1/2579 2580/1/2580 2577/1/2577 
f 2580/1/2580 2573/1/2573 2572/1/2572 
f 2572/1/2572 2577/1/2577 2580/1/2580 
f 2577/1/2577 2572/1/2572 2576/1/2576 
f 2576/1/2576 2581/1/2581 2577/1/2577 
f 2581/1/2581 2582/1/2582 2578/1/2578 
f 2578/1/2578 2577/1/2577 2581/1/2581 
f 2583/1/2583 2578/1/2578 2582/1/2582 
f 2582/1/2582 2584/1/2584 2583/1/2583 
f 2584/1/2584 69/1/69 2537/1/2537 
f 2537/1/2537 2583/1/2583 2584/1/2584 
f 2583/1/2583 2537/1/2537 2539/1/2539 
f 2539/1/2539 2585/1/2585 2583/1/2583 
f 2585/1/2585 2579/1/2579 2578/1/2578 
f 2578/1/2578 2583/1/2583 2585/1/2585 
f 2586/1/2586 2587/1/2587 2582/1/2582 
f 2582/1/2582 2581/1/2581 2586/1/2586 
f 2581/1/2581 2576/1/2576 2588/1/2588 
f 2588/1/2588 2586/1/2586 2581/1/2581 
f 2586/1/2586 2588/1/2588 2589/1/2589 
f 2589/1/2589 2590/1/2590 2586/1/2586 
f 2590/1/2590 2591/1/2591 2587/1/2587 
f 2587/1/2587 2586/1/2586 2590/1/2590 
f 2592/1/2592 2587/1/2587 2591/1/2591 
f 2591/1/2591 2593/1/2593 2592/1/2592 
f 2593/1/2593 64/1/64 63/1/63 
f 63/1/63 2592/1/2592 2593/1/2593 
f 2592/1/2592 63/1/63 69/1/69 
f 69/1/69 2584/1/2584 2592/1/2592 
f 2584/1/2584 2582/1/2582 2587/1/2587 
f 2587/1/2587 2592/1/2592 2584/1/2584 
f 1806/1/1806 177/1/177 176/1/176 
f 176/1/176 2594/1/2594 1806/1/1806 
f 176/1/176 175/1/175 2595/1/2595 
f 2594/1/2594 2595/1/2595 2589/1/2589 
f 2589/1/2589 2596/1/2596 2594/1/2594 
f 2594/1/2594 2596/1/2596 1807/1/1807 
f 1807/1/1807 1806/1/1806 2594/1/2594 
f 2597/1/2597 2590/1/2590 2589/1/2589 
f 2589/1/2589 2595/1/2595 2597/1/2597 
f 2598/1/2598 2597/1/2597 2595/1/2595 
f 2595/1/2595 175/1/175 2598/1/2598 
f 2597/1/2597 2598/1/2598 2599/1/2599 
f 2600/1/2600 2591/1/2591 2590/1/2590 
f 2590/1/2590 2597/1/2597 2600/1/2600 
f 2601/1/2601 2588/1/2588 2576/1/2576 
f 2576/1/2576 2575/1/2575 2601/1/2601 
f 2601/1/2601 2575/1/2575 1768/1/1768 
f 1768/1/1768 1809/1/1809 2601/1/2601 
f 1809/1/1809 1807/1/1807 2596/1/2596 
f 2596/1/2596 2601/1/2601 1809/1/1809 
f 2596/1/2596 2589/1/2589 2588/1/2588 
f 2588/1/2588 2601/1/2601 2596/1/2596 
f 2602/1/2602 2603/1/2603 2473/1/2473 
f 2473/1/2473 2472/1/2472 2602/1/2602 
f 2472/1/2472 1914/1/1914 1913/1/1913 
f 1913/1/1913 2602/1/2602 2472/1/2472 
f 2602/1/2602 1913/1/1913 1075/1/1075 
f 1075/1/1075 2604/1/2604 2602/1/2602 
f 2604/1/2604 2605/1/2605 2603/1/2603 
f 2603/1/2603 2602/1/2602 2604/1/2604 
f 2606/1/2606 2462/1/2462 2461/1/2461 
f 2461/1/2461 2607/1/2607 2606/1/2606 
f 2607/1/2607 2461/1/2461 64/1/64 
f 64/1/64 2593/1/2593 2607/1/2607 
f 2600/1/2600 2607/1/2607 2593/1/2593 
f 2593/1/2593 2591/1/2591 2600/1/2600 
f 2600/1/2600 2599/1/2599 2606/1/2606 
f 2606/1/2606 2607/1/2607 2600/1/2600 
f 2604/1/2604 1075/1/1075 1074/1/1074 
f 1074/1/1074 2608/1/2608 2604/1/2604 
f 2608/1/2608 1074/1/1074 255/1/255 
f 255/1/255 2609/1/2609 2608/1/2608 
f 2608/1/2608 2609/1/2609 2610/1/2610 
f 2610/1/2610 2611/1/2611 2608/1/2608 
f 2611/1/2611 2605/1/2605 2604/1/2604 
f 2604/1/2604 2608/1/2608 2611/1/2611 
f 2612/1/2612 2613/1/2613 2605/1/2605 
f 2605/1/2605 2611/1/2611 2612/1/2612 
f 2611/1/2611 2610/1/2610 2614/1/2614 
f 2614/1/2614 2612/1/2612 2611/1/2611 
f 2612/1/2612 2614/1/2614 2615/1/2615 
f 2615/1/2615 2616/1/2616 2612/1/2612 
f 2616/1/2616 2617/1/2617 2613/1/2613 
f 2613/1/2613 2612/1/2612 2616/1/2616 
f 2618/1/2618 2479/1/2479 2478/1/2478 
f 2478/1/2478 2619/1/2619 2618/1/2618 
f 2478/1/2478 1058/1/1058 1057/1/1057 
f 1057/1/1057 2619/1/2619 2478/1/2478 
f 2619/1/2619 1057/1/1057 1053/1/1053 
f 1053/1/1053 2620/1/2620 2619/1/2619 
f 2618/1/2618 2619/1/2619 2620/1/2620 
f 2620/1/2620 2621/1/2621 2618/1/2618 
f 2622/1/2622 2623/1/2623 223/1/223 
f 223/1/223 1082/1/1082 2622/1/2622 
f 1082/1/1082 1081/1/1081 2624/1/2624 
f 2624/1/2624 2622/1/2622 1082/1/1082 
f 2622/1/2622 2624/1/2624 2617/1/2617 
f 2617/1/2617 2616/1/2616 2622/1/2622 
f 2616/1/2616 2615/1/2615 2623/1/2623 
f 2623/1/2623 2622/1/2622 2616/1/2616 
f 2625/1/2625 2626/1/2626 2621/1/2621 
f 2621/1/2621 2620/1/2620 2625/1/2625 
f 2620/1/2620 1053/1/1053 1052/1/1052 
f 1052/1/1052 2625/1/2625 2620/1/2620 
f 2625/1/2625 1052/1/1052 250/1/250 
f 250/1/250 2627/1/2627 2625/1/2625 
f 2627/1/2627 2628/1/2628 2626/1/2626 
f 2626/1/2626 2625/1/2625 2627/1/2627 
f 2629/1/2629 2630/1/2630 2621/1/2621 
f 2621/1/2621 2626/1/2626 2629/1/2629 
f 2626/1/2626 2628/1/2628 2631/1/2631 
f 2631/1/2631 2629/1/2629 2626/1/2626 
f 2629/1/2629 2631/1/2631 2632/1/2632 
f 2632/1/2632 2633/1/2633 2629/1/2629 
f 2633/1/2633 2634/1/2634 2630/1/2630 
f 2630/1/2630 2629/1/2629 2633/1/2633 
f 2635/1/2635 2636/1/2636 241/1/241 
f 241/1/241 1061/1/1061 2635/1/2635 
f 1061/1/1061 1066/1/1066 2637/1/2637 
f 2637/1/2637 2635/1/2635 1061/1/1061 
f 2635/1/2635 2637/1/2637 2634/1/2634 
f 2634/1/2634 2633/1/2633 2635/1/2635 
f 2633/1/2633 2632/1/2632 2636/1/2636 
f 2636/1/2636 2635/1/2635 2633/1/2633 
f 2638/1/2638 2639/1/2639 2610/1/2610 
f 2610/1/2610 2609/1/2609 2638/1/2638 
f 2609/1/2609 255/1/255 254/1/254 
f 254/1/254 2638/1/2638 2609/1/2609 
f 2638/1/2638 254/1/254 261/1/261 
f 261/1/261 2640/1/2640 2638/1/2638 
f 2639/1/2639 2638/1/2638 2640/1/2640 
f 2640/1/2640 2641/1/2641 2639/1/2639 
f 2614/1/2614 2642/1/2642 2643/1/2643 
f 2643/1/2643 2615/1/2615 2614/1/2614 
f 2639/1/2639 2642/1/2642 2614/1/2614 
f 2614/1/2614 2610/1/2610 2639/1/2639 
f 2639/1/2639 2641/1/2641 2644/1/2644 
f 2644/1/2644 2642/1/2642 2639/1/2639 
f 2642/1/2642 2644/1/2644 2645/1/2645 
f 2645/1/2645 2643/1/2643 2642/1/2642 
f 2643/1/2643 2645/1/2645 2646/1/2646 
f 2646/1/2646 2647/1/2647 2643/1/2643 
f 224/1/224 2647/1/2647 2646/1/2646 
f 2646/1/2646 225/1/225 224/1/224 
f 224/1/224 223/1/223 2623/1/2623 
f 2623/1/2623 2647/1/2647 224/1/224 
f 2647/1/2647 2623/1/2623 2615/1/2615 
f 2615/1/2615 2643/1/2643 2647/1/2647 
f 2627/1/2627 250/1/250 249/1/249 
f 249/1/249 2648/1/2648 2627/1/2627 
f 249/1/249 248/1/248 2649/1/2649 
f 2649/1/2649 2648/1/2648 249/1/249 
f 2648/1/2648 2649/1/2649 2650/1/2650 
f 2650/1/2650 2651/1/2651 2648/1/2648 
f 2651/1/2651 2628/1/2628 2627/1/2627 
f 2627/1/2627 2648/1/2648 2651/1/2651 
f 2652/1/2652 2653/1/2653 2654/1/2654 
f 2654/1/2654 2655/1/2655 2652/1/2652 
f 2655/1/2655 2632/1/2632 2631/1/2631 
f 2631/1/2631 2652/1/2652 2655/1/2655 
f 2652/1/2652 2631/1/2631 2628/1/2628 
f 2628/1/2628 2651/1/2651 2652/1/2652 
f 2651/1/2651 2650/1/2650 2653/1/2653 
f 2653/1/2653 2652/1/2652 2651/1/2651 
f 2656/1/2656 2657/1/2657 1841/1/1841 
f 1841/1/1841 1945/1/1945 2656/1/2656 
f 1945/1/1945 1944/1/1944 2466/1/2466 
f 2466/1/2466 2656/1/2656 1945/1/1945 
f 2656/1/2656 2466/1/2466 2465/1/2465 
f 2465/1/2465 2658/1/2658 2656/1/2656 
f 2658/1/2658 2659/1/2659 2657/1/2657 
f 2657/1/2657 2656/1/2656 2658/1/2658 
f 2660/1/2660 2661/1/2661 243/1/243 
f 243/1/243 242/1/242 2660/1/2660 
f 242/1/242 241/1/241 2636/1/2636 
f 2636/1/2636 2660/1/2660 242/1/242 
f 2660/1/2660 2636/1/2636 2632/1/2632 
f 2632/1/2632 2655/1/2655 2660/1/2660 
f 2655/1/2655 2654/1/2654 2661/1/2661 
f 2661/1/2661 2660/1/2660 2655/1/2655 
f 2662/1/2662 2663/1/2663 1122/1/1122 
f 1122/1/1122 1842/1/1842 2662/1/2662 
f 1842/1/1842 1841/1/1841 2657/1/2657 
f 2657/1/2657 2662/1/2662 1842/1/1842 
f 2662/1/2662 2657/1/2657 2659/1/2659 
f 2659/1/2659 2664/1/2664 2662/1/2662 
f 2664/1/2664 2665/1/2665 2663/1/2663 
f 2666/1/2666 2667/1/2667 2668/1/2668 
f 2668/1/2668 2669/1/2669 2666/1/2666 
f 2669/1/2669 2670/1/2670 2671/1/2671 
f 2671/1/2671 2666/1/2666 2669/1/2669 
f 2666/1/2666 2671/1/2671 2665/1/2665 
f 2664/1/2664 2659/1/2659 2667/1/2667 
f 2667/1/2667 2666/1/2666 2664/1/2664 
f 2672/1/2672 2482/1/2482 198/1/198 
f 198/1/198 197/1/197 2672/1/2672 
f 2672/1/2672 197/1/197 193/1/193 
f 193/1/193 2673/1/2673 2672/1/2672 
f 2672/1/2672 2673/1/2673 2674/1/2674 
f 2674/1/2674 2675/1/2675 2672/1/2672 
f 2675/1/2675 2483/1/2483 2482/1/2482 
f 2482/1/2482 2672/1/2672 2675/1/2675 
f 2669/1/2669 2668/1/2668 2676/1/2676 
f 2676/1/2676 2677/1/2677 2669/1/2669 
f 2676/1/2676 1246/1/1246 1245/1/1245 
f 1245/1/1245 2677/1/2677 2676/1/2676 
f 2677/1/2677 1245/1/1245 1116/1/1116 
f 1116/1/1116 2678/1/2678 2677/1/2677 
f 2677/1/2677 2678/1/2678 2670/1/2670 
f 2679/1/2679 2680/1/2680 2554/1/2554 
f 2554/1/2554 2558/1/2558 2679/1/2679 
f 2681/1/2681 2679/1/2679 2558/1/2558 
f 2558/1/2558 123/1/123 2681/1/2681 
f 2681/1/2681 2682/1/2682 2683/1/2683 
f 2683/1/2683 2679/1/2679 2681/1/2681 
f 2683/1/2683 2684/1/2684 2680/1/2680 
f 2680/1/2680 2679/1/2679 2683/1/2683 
f 2685/1/2685 2686/1/2686 2674/1/2674 
f 2674/1/2674 2673/1/2673 2685/1/2685 
f 2673/1/2673 193/1/193 192/1/192 
f 192/1/192 2685/1/2685 2673/1/2673 
f 2685/1/2685 192/1/192 151/1/151 
f 2463/1/2463 2462/1/2462 2686/1/2686 
f 2686/1/2686 2685/1/2685 2463/1/2463 
f 2687/1/2687 2680/1/2680 2684/1/2684 
f 2684/1/2684 2688/1/2688 2687/1/2687 
f 2688/1/2688 2452/1/2452 2451/1/2451 
f 2687/1/2687 2451/1/2451 2455/1/2455 
f 2455/1/2455 2555/1/2555 2687/1/2687 
f 2555/1/2555 2554/1/2554 2680/1/2680 
f 2680/1/2680 2687/1/2687 2555/1/2555 
f 2689/1/2689 2690/1/2690 115/1/115 
f 115/1/115 120/1/120 2689/1/2689 
f 120/1/120 119/1/119 320/1/320 
f 320/1/320 2689/1/2689 120/1/120 
f 2689/1/2689 320/1/320 319/1/319 
f 319/1/319 2691/1/2691 2689/1/2689 
f 2691/1/2691 2682/1/2682 2690/1/2690 
f 2690/1/2690 2689/1/2689 2691/1/2691 
f 2692/1/2692 2683/1/2683 2682/1/2682 
f 2682/1/2682 2691/1/2691 2692/1/2692 
f 2691/1/2691 319/1/319 2693/1/2693 
f 2693/1/2693 2692/1/2692 2691/1/2691 
f 2693/1/2693 2694/1/2694 2695/1/2695 
f 2695/1/2695 2692/1/2692 2693/1/2693 
f 2692/1/2692 2695/1/2695 2684/1/2684 
f 2684/1/2684 2683/1/2683 2692/1/2692 
f 2696/1/2696 122/1/122 111/1/111 
f 111/1/111 116/1/116 2696/1/2696 
f 116/1/116 115/1/115 2690/1/2690 
f 2690/1/2690 2696/1/2696 116/1/116 
f 2696/1/2696 2690/1/2690 2682/1/2682 
f 2681/1/2681 123/1/123 122/1/122 
f 122/1/122 2696/1/2696 2681/1/2681 
f 2697/1/2697 2698/1/2698 2699/1/2699 
f 2699/1/2699 2700/1/2700 2697/1/2697 
f 2700/1/2700 2645/1/2645 2644/1/2644 
f 2644/1/2644 2697/1/2697 2700/1/2700 
f 2697/1/2697 2644/1/2644 2641/1/2641 
f 2641/1/2641 2701/1/2701 2697/1/2697 
f 2701/1/2701 2702/1/2702 2698/1/2698 
f 2698/1/2698 2697/1/2697 2701/1/2701 
f 2703/1/2703 2695/1/2695 2694/1/2694 
f 2694/1/2694 2704/1/2704 2703/1/2703 
f 2704/1/2704 2458/1/2458 2457/1/2457 
f 2457/1/2457 2703/1/2703 2704/1/2704 
f 2703/1/2703 2457/1/2457 2452/1/2452 
f 2688/1/2688 2684/1/2684 2695/1/2695 
f 2705/1/2705 2706/1/2706 317/1/317 
f 317/1/317 322/1/322 2705/1/2705 
f 322/1/322 225/1/225 2646/1/2646 
f 2646/1/2646 2705/1/2705 322/1/322 
f 2705/1/2705 2646/1/2646 2645/1/2645 
f 2645/1/2645 2700/1/2700 2705/1/2705 
f 2700/1/2700 2699/1/2699 2706/1/2706 
f 2706/1/2706 2705/1/2705 2700/1/2700 
f 2707/1/2707 2708/1/2708 1868/1/1868 
f 1868/1/1868 1870/1/1870 2707/1/2707 
f 1870/1/1870 279/1/279 2459/1/2459 
f 2459/1/2459 2707/1/2707 1870/1/1870 
f 2707/1/2707 2459/1/2459 2458/1/2458 
f 2458/1/2458 2709/1/2709 2707/1/2707 
f 2709/1/2709 2702/1/2702 2708/1/2708 
f 2708/1/2708 2707/1/2707 2709/1/2709 
f 2710/1/2710 2698/1/2698 2702/1/2702 
f 2702/1/2702 2709/1/2709 2710/1/2710 
f 2709/1/2709 2458/1/2458 2704/1/2704 
f 2710/1/2710 2704/1/2704 2694/1/2694 
f 2711/1/2711 2699/1/2699 2698/1/2698 
f 2698/1/2698 2710/1/2710 2711/1/2711 
f 2712/1/2712 2640/1/2640 261/1/261 
f 261/1/261 1864/1/1864 2712/1/2712 
f 1864/1/1864 1868/1/1868 2708/1/2708 
f 2712/1/2712 2708/1/2708 2702/1/2702 
f 2702/1/2702 2701/1/2701 2712/1/2712 
f 2701/1/2701 2641/1/2641 2640/1/2640 
f 2640/1/2640 2712/1/2712 2701/1/2701 
f 2713/1/2713 2693/1/2693 319/1/319 
f 319/1/319 318/1/318 2713/1/2713 
f 318/1/318 317/1/317 2706/1/2706 
f 2706/1/2706 2713/1/2713 318/1/318 
f 2713/1/2713 2706/1/2706 2699/1/2699 
f 2699/1/2699 2711/1/2711 2713/1/2713 
f 2711/1/2711 2694/1/2694 2693/1/2693 
f 2693/1/2693 2713/1/2713 2711/1/2711 
f 2714/1/2714 343/1/343 287/1/287 
f 287/1/287 2481/1/2481 2714/1/2714 
f 2714/1/2714 2481/1/2481 2485/1/2485 
f 2485/1/2485 2715/1/2715 2714/1/2714 
f 2716/1/2716 2714/1/2714 2715/1/2715 
f 2715/1/2715 2717/1/2717 2716/1/2716 
f 2716/1/2716 292/1/292 343/1/343 
f 343/1/343 2714/1/2714 2716/1/2716 
f 2718/1/2718 2650/1/2650 2649/1/2649 
f 2649/1/2649 2719/1/2719 2718/1/2718 
f 2649/1/2649 248/1/248 293/1/293 
f 293/1/293 2719/1/2719 2649/1/2649 
f 2719/1/2719 293/1/293 292/1/292 
f 292/1/292 2716/1/2716 2719/1/2719 
f 2719/1/2719 2716/1/2716 2717/1/2717 
f 2717/1/2717 2718/1/2718 2719/1/2719 
f 2720/1/2720 2721/1/2721 2722/1/2722 
f 2722/1/2722 2723/1/2723 2720/1/2720 
f 2723/1/2723 2724/1/2724 2725/1/2725 
f 2725/1/2725 2720/1/2720 2723/1/2723 
f 2720/1/2720 2725/1/2725 2488/1/2488 
f 2488/1/2488 2726/1/2726 2720/1/2720 
f 2726/1/2726 2727/1/2727 2721/1/2721 
f 2721/1/2721 2720/1/2720 2726/1/2726 
f 2728/1/2728 2729/1/2729 2730/1/2730 
f 2730/1/2730 2731/1/2731 2728/1/2728 
f 2731/1/2731 1334/1/1334 1333/1/1333 
f 2728/1/2728 1333/1/1333 1337/1/1337 
f 1337/1/1337 2732/1/2732 2728/1/2728 
f 2732/1/2732 2722/1/2722 2729/1/2729 
f 2729/1/2729 2728/1/2728 2732/1/2732 
f 2733/1/2733 2734/1/2734 1352/1/1352 
f 1352/1/1352 1351/1/1351 2733/1/2733 
f 1351/1/1351 1350/1/1350 2735/1/2735 
f 2735/1/2735 2733/1/2733 1351/1/1351 
f 2733/1/2733 2735/1/2735 2736/1/2736 
f 2736/1/2736 2737/1/2737 2733/1/2733 
f 2737/1/2737 2727/1/2727 2734/1/2734 
f 2734/1/2734 2733/1/2733 2737/1/2737 
f 2737/1/2737 2736/1/2736 2738/1/2738 
f 2738/1/2738 2739/1/2739 2737/1/2737 
f 2738/1/2738 2730/1/2730 2729/1/2729 
f 2729/1/2729 2739/1/2739 2738/1/2738 
f 2739/1/2739 2729/1/2729 2722/1/2722 
f 2722/1/2722 2721/1/2721 2739/1/2739 
f 2739/1/2739 2721/1/2721 2727/1/2727 
f 2727/1/2727 2737/1/2737 2739/1/2739 
f 2740/1/2740 2487/1/2487 1465/1/1465 
f 1465/1/1465 1464/1/1464 2740/1/2740 
f 1464/1/1464 1352/1/1352 2734/1/2734 
f 2734/1/2734 2740/1/2740 1464/1/1464 
f 2740/1/2740 2734/1/2734 2727/1/2727 
f 2727/1/2727 2726/1/2726 2740/1/2740 
f 2726/1/2726 2488/1/2488 2487/1/2487 
f 2487/1/2487 2740/1/2740 2726/1/2726 
f 2732/1/2732 1337/1/1337 1471/1/1471 
f 1471/1/1471 2741/1/2741 2732/1/2732 
f 1471/1/1471 1470/1/1470 2742/1/2742 
f 2741/1/2741 2742/1/2742 2724/1/2724 
f 2724/1/2724 2723/1/2723 2741/1/2741 
f 2723/1/2723 2722/1/2722 2732/1/2732 
f 2732/1/2732 2741/1/2741 2723/1/2723 
f 2743/1/2743 2744/1/2744 1880/1/1880 
f 2743/1/2743 1888/1/1888 1453/1/1453 
f 1453/1/1453 2745/1/2745 2743/1/2743 
f 2743/1/2743 2745/1/2745 2746/1/2746 
f 2746/1/2746 2747/1/2747 2743/1/2743 
f 2747/1/2747 2748/1/2748 2744/1/2744 
f 2744/1/2744 2743/1/2743 2747/1/2747 
f 2749/1/2749 2509/1/2509 1882/1/1882 
f 1882/1/1882 1881/1/1881 2749/1/2749 
f 1881/1/1881 1880/1/1880 2744/1/2744 
f 2744/1/2744 2749/1/2749 1881/1/1881 
f 2749/1/2749 2744/1/2744 2748/1/2748 
f 2748/1/2748 2750/1/2750 2749/1/2749 
f 2750/1/2750 2510/1/2510 2509/1/2509 
f 2509/1/2509 2749/1/2749 2750/1/2750 
f 2751/1/2751 2752/1/2752 2753/1/2753 
f 2753/1/2753 2754/1/2754 2751/1/2751 
f 2754/1/2754 2755/1/2755 2756/1/2756 
f 2756/1/2756 2751/1/2751 2754/1/2754 
f 2751/1/2751 2756/1/2756 1380/1/1380 
f 1380/1/1380 1379/1/1379 2751/1/2751 
f 1379/1/1379 1145/1/1145 2752/1/2752 
f 2752/1/2752 2751/1/2751 1379/1/1379 
f 2757/1/2757 1144/1/1144 1143/1/1143 
f 1143/1/1143 2758/1/2758 2757/1/2757 
f 2758/1/2758 2759/1/2759 2760/1/2760 
f 2760/1/2760 2757/1/2757 2758/1/2758 
f 2757/1/2757 2760/1/2760 2753/1/2753 
f 2753/1/2753 2752/1/2752 2757/1/2757 
f 2752/1/2752 1145/1/1145 1144/1/1144 
f 1144/1/1144 2757/1/2757 2752/1/2752 
f 2761/1/2761 2762/1/2762 2763/1/2763 
f 2763/1/2763 2764/1/2764 2761/1/2761 
f 2764/1/2764 2516/1/2516 2515/1/2515 
f 2761/1/2761 2515/1/2515 2519/1/2519 
f 2519/1/2519 2765/1/2765 2761/1/2761 
f 2765/1/2765 2766/1/2766 2762/1/2762 
f 2762/1/2762 2761/1/2761 2765/1/2765 
f 2767/1/2767 2768/1/2768 2766/1/2766 
f 2766/1/2766 2769/1/2769 2767/1/2767 
f 2769/1/2769 2770/1/2770 2771/1/2771 
f 2771/1/2771 2767/1/2767 2769/1/2769 
f 2767/1/2767 2771/1/2771 2755/1/2755 
f 2755/1/2755 2754/1/2754 2767/1/2767 
f 2754/1/2754 2753/1/2753 2768/1/2768 
f 2768/1/2768 2767/1/2767 2754/1/2754 
f 2772/1/2772 2760/1/2760 2759/1/2759 
f 2773/1/2773 2763/1/2763 2762/1/2762 
f 2772/1/2772 2762/1/2762 2766/1/2766 
f 2766/1/2766 2768/1/2768 2772/1/2772 
f 2768/1/2768 2753/1/2753 2760/1/2760 
f 2760/1/2760 2772/1/2772 2768/1/2768 
f 2774/1/2774 2775/1/2775 2776/1/2776 
f 2776/1/2776 2777/1/2777 2774/1/2774 
f 2777/1/2777 1066/1/1066 1065/1/1065 
f 1065/1/1065 2774/1/2774 2777/1/2777 
f 2774/1/2774 1065/1/1065 1064/1/1064 
f 1064/1/1064 1823/1/1823 2774/1/2774 
f 1823/1/1823 1702/1/1702 2775/1/2775 
f 2775/1/2775 2774/1/2774 1823/1/1823 
f 2765/1/2765 2519/1/2519 2535/1/2535 
f 2535/1/2535 2778/1/2778 2765/1/2765 
f 2779/1/2779 2778/1/2778 2535/1/2535 
f 2535/1/2535 2532/1/2532 2779/1/2779 
f 2778/1/2778 2779/1/2779 2770/1/2770 
f 2770/1/2770 2769/1/2769 2778/1/2778 
f 2769/1/2769 2766/1/2766 2765/1/2765 
f 2765/1/2765 2778/1/2778 2769/1/2769 
f 2780/1/2780 2781/1/2781 2479/1/2479 
f 2479/1/2479 2618/1/2618 2780/1/2780 
f 2618/1/2618 2621/1/2621 2630/1/2630 
f 2630/1/2630 2780/1/2780 2618/1/2618 
f 2780/1/2780 2630/1/2630 2634/1/2634 
f 2634/1/2634 2782/1/2782 2780/1/2780 
f 2782/1/2782 2783/1/2783 2781/1/2781 
f 2781/1/2781 2780/1/2780 2782/1/2782 
f 2784/1/2784 2775/1/2775 1702/1/1702 
f 1702/1/1702 1701/1/1701 2784/1/2784 
f 1701/1/1701 1129/1/1129 1128/1/1128 
f 1128/1/1128 2784/1/2784 1701/1/1701 
f 2784/1/2784 1128/1/1128 1135/1/1135 
f 2785/1/2785 2776/1/2776 2775/1/2775 
f 2775/1/2775 2784/1/2784 2785/1/2785 
f 2786/1/2786 2787/1/2787 2776/1/2776 
f 2776/1/2776 2785/1/2785 2786/1/2786 
f 2785/1/2785 1135/1/1135 2788/1/2788 
f 2788/1/2788 2786/1/2786 2785/1/2785 
f 2786/1/2786 2788/1/2788 2789/1/2789 
f 2789/1/2789 2790/1/2790 2786/1/2786 
f 2790/1/2790 2783/1/2783 2787/1/2787 
f 2787/1/2787 2786/1/2786 2790/1/2790 
f 2791/1/2791 2787/1/2787 2783/1/2783 
f 2783/1/2783 2782/1/2782 2791/1/2791 
f 2782/1/2782 2634/1/2634 2637/1/2637 
f 2637/1/2637 2791/1/2791 2782/1/2782 
f 2791/1/2791 2637/1/2637 1066/1/1066 
f 1066/1/1066 2777/1/2777 2791/1/2791 
f 2777/1/2777 2776/1/2776 2787/1/2787 
f 2787/1/2787 2791/1/2791 2777/1/2777 
f 2792/1/2792 2793/1/2793 2794/1/2794 
f 2794/1/2794 2795/1/2795 2792/1/2792 
f 2795/1/2795 1081/1/1081 1080/1/1080 
f 1080/1/1080 2792/1/2792 2795/1/2795 
f 2792/1/2792 1080/1/1080 1084/1/1084 
f 1084/1/1084 1094/1/1094 2792/1/2792 
f 1094/1/1094 1093/1/1093 2793/1/2793 
f 2793/1/2793 2792/1/2792 1094/1/1094 
f 2796/1/2796 2797/1/2797 2477/1/2477 
f 2477/1/2477 2476/1/2476 2796/1/2796 
f 2476/1/2476 2479/1/2479 2781/1/2781 
f 2781/1/2781 2796/1/2796 2476/1/2476 
f 2796/1/2796 2781/1/2781 2783/1/2783 
f 2783/1/2783 2790/1/2790 2796/1/2796 
f 2790/1/2790 2789/1/2789 2797/1/2797 
f 2798/1/2798 2799/1/2799 2473/1/2473 
f 2473/1/2473 2603/1/2603 2798/1/2798 
f 2603/1/2603 2605/1/2605 2613/1/2613 
f 2613/1/2613 2798/1/2798 2603/1/2603 
f 2798/1/2798 2613/1/2613 2617/1/2617 
f 2617/1/2617 2800/1/2800 2798/1/2798 
f 2800/1/2800 2801/1/2801 2799/1/2799 
f 2799/1/2799 2798/1/2798 2800/1/2800 
f 2802/1/2802 2793/1/2793 1093/1/1093 
f 1093/1/1093 1250/1/1250 2802/1/2802 
f 1250/1/1250 1249/1/1249 2803/1/2803 
f 2803/1/2803 2802/1/2802 1250/1/1250 
f 2802/1/2802 2803/1/2803 2804/1/2804 
f 2804/1/2804 2805/1/2805 2802/1/2802 
f 2805/1/2805 2794/1/2794 2793/1/2793 
f 2793/1/2793 2802/1/2802 2805/1/2805 
f 2805/1/2805 2804/1/2804 2806/1/2806 
f 2806/1/2806 2807/1/2807 2805/1/2805 
f 2806/1/2806 2808/1/2808 2809/1/2809 
f 2809/1/2809 2807/1/2807 2806/1/2806 
f 2809/1/2809 2801/1/2801 2810/1/2810 
f 2810/1/2810 2807/1/2807 2809/1/2809 
f 2807/1/2807 2810/1/2810 2794/1/2794 
f 2794/1/2794 2805/1/2805 2807/1/2807 
f 2811/1/2811 2810/1/2810 2801/1/2801 
f 2801/1/2801 2800/1/2800 2811/1/2811 
f 2800/1/2800 2617/1/2617 2624/1/2624 
f 2624/1/2624 2811/1/2811 2800/1/2800 
f 2811/1/2811 2624/1/2624 1081/1/1081 
f 1081/1/1081 2795/1/2795 2811/1/2811 
f 2795/1/2795 2794/1/2794 2810/1/2810 
f 2810/1/2810 2811/1/2811 2795/1/2795 
f 2812/1/2812 2813/1/2813 2814/1/2814 
f 2814/1/2814 2815/1/2815 2812/1/2812 
f 2812/1/2812 2815/1/2815 2816/1/2816 
f 2816/1/2816 2817/1/2817 2812/1/2812 
f 2812/1/2812 2817/1/2817 2818/1/2818 
f 2818/1/2818 2819/1/2819 2812/1/2812 
f 2819/1/2819 2820/1/2820 2813/1/2813 
f 2813/1/2813 2812/1/2812 2819/1/2819 
f 2821/1/2821 2809/1/2809 2808/1/2808 
f 2808/1/2808 2822/1/2822 2821/1/2821 
f 2822/1/2822 2469/1/2469 2471/1/2471 
f 2821/1/2821 2471/1/2471 2473/1/2473 
f 2473/1/2473 2799/1/2799 2821/1/2821 
f 2799/1/2799 2801/1/2801 2809/1/2809 
f 2809/1/2809 2821/1/2821 2799/1/2799 
f 2823/1/2823 2824/1/2824 1114/1/1114 
f 1114/1/1114 1341/1/1341 2823/1/2823 
f 2823/1/2823 1341/1/1341 1340/1/1340 
f 1340/1/1340 2825/1/2825 2823/1/2823 
f 2825/1/2825 2816/1/2816 2815/1/2815 
f 2815/1/2815 2823/1/2823 2825/1/2825 
f 2815/1/2815 2814/1/2814 2824/1/2824 
f 2824/1/2824 2823/1/2823 2815/1/2815 
f 2826/1/2826 2827/1/2827 1124/1/1124 
f 1124/1/1124 1123/1/1123 2826/1/2826 
f 1123/1/1123 1122/1/1122 2663/1/2663 
f 2663/1/2663 2826/1/2826 1123/1/1123 
f 2826/1/2826 2663/1/2663 2665/1/2665 
f 2665/1/2665 2828/1/2828 2826/1/2826 
f 2828/1/2828 2820/1/2820 2827/1/2827 
f 2827/1/2827 2826/1/2826 2828/1/2828 
f 2829/1/2829 2813/1/2813 2820/1/2820 
f 2820/1/2820 2828/1/2828 2829/1/2829 
f 2828/1/2828 2665/1/2665 2671/1/2671 
f 2671/1/2671 2829/1/2829 2828/1/2828 
f 2829/1/2829 2671/1/2671 2670/1/2670 
f 2670/1/2670 2830/1/2830 2829/1/2829 
f 2830/1/2830 2814/1/2814 2813/1/2813 
f 2813/1/2813 2829/1/2829 2830/1/2830 
f 2831/1/2831 2827/1/2827 2820/1/2820 
f 2820/1/2820 2819/1/2819 2831/1/2831 
f 2819/1/2819 2818/1/2818 2832/1/2832 
f 2832/1/2832 2831/1/2831 2819/1/2819 
f 2831/1/2831 2832/1/2832 1759/1/1759 
f 1759/1/1759 1758/1/1758 2831/1/2831 
f 1758/1/1758 1124/1/1124 2827/1/2827 
f 2827/1/2827 2831/1/2831 1758/1/1758 
f 2833/1/2833 2834/1/2834 2759/1/2759 
f 2759/1/2759 2758/1/2758 2833/1/2833 
f 2758/1/2758 1143/1/1143 1159/1/1159 
f 1159/1/1159 2833/1/2833 2758/1/2758 
f 2833/1/2833 1159/1/1159 1154/1/1154 
f 1154/1/1154 2835/1/2835 2833/1/2833 
f 2835/1/2835 2836/1/2836 2834/1/2834 
f 2834/1/2834 2833/1/2833 2835/1/2835 
f 2678/1/2678 1116/1/1116 1115/1/1115 
f 1115/1/1115 2837/1/2837 2678/1/2678 
f 1115/1/1115 1114/1/1114 2824/1/2824 
f 2824/1/2824 2837/1/2837 1115/1/1115 
f 2837/1/2837 2824/1/2824 2814/1/2814 
f 2814/1/2814 2830/1/2830 2837/1/2837 
f 2830/1/2830 2670/1/2670 2678/1/2678 
f 2678/1/2678 2837/1/2837 2830/1/2830 
f 2838/1/2838 2788/1/2788 1135/1/1135 
f 1135/1/1135 1134/1/1134 2838/1/2838 
f 1134/1/1134 1133/1/1133 2839/1/2839 
f 2839/1/2839 2838/1/2838 1134/1/1134 
f 2838/1/2838 2839/1/2839 2840/1/2840 
f 2840/1/2840 2841/1/2841 2838/1/2838 
f 2841/1/2841 2789/1/2789 2788/1/2788 
f 2788/1/2788 2838/1/2838 2841/1/2841 
f 2835/1/2835 1154/1/1154 1153/1/1153 
f 1153/1/1153 2842/1/2842 2835/1/2835 
f 2842/1/2842 1153/1/1153 1139/1/1139 
f 1139/1/1139 2474/1/2474 2842/1/2842 
f 2842/1/2842 2474/1/2474 2477/1/2477 
f 2477/1/2477 2843/1/2843 2842/1/2842 
f 2835/1/2835 2842/1/2842 2843/1/2843 
f 2843/1/2843 2836/1/2836 2835/1/2835 
f 2844/1/2844 2845/1/2845 2836/1/2836 
f 2836/1/2836 2843/1/2843 2844/1/2844 
f 2843/1/2843 2477/1/2477 2797/1/2797 
f 2797/1/2797 2844/1/2844 2843/1/2843 
f 2844/1/2844 2797/1/2797 2789/1/2789 
f 2789/1/2789 2841/1/2841 2844/1/2844 
f 2841/1/2841 2840/1/2840 2845/1/2845 
f 2845/1/2845 2844/1/2844 2841/1/2841 
f 2846/1/2846 2847/1/2847 2763/1/2763 
f 2763/1/2763 2773/1/2773 2846/1/2846 
f 2773/1/2773 2759/1/2759 2834/1/2834 
f 2834/1/2834 2846/1/2846 2773/1/2773 
f 2846/1/2846 2834/1/2834 2836/1/2836 
f 2836/1/2836 2845/1/2845 2846/1/2846 
f 2846/1/2846 2845/1/2845 2840/1/2840 
f 2848/1/2848 1267/1/1267 1243/1/1243 
f 1242/1/1242 1246/1/1246 2849/1/2849 
f 2849/1/2849 2848/1/2848 1242/1/1242 
f 2849/1/2849 2850/1/2850 2851/1/2851 
f 2851/1/2851 2848/1/2848 2849/1/2849 
f 2851/1/2851 1268/1/1268 1267/1/1267 
f 2847/1/2847 2840/1/2840 2839/1/2839 
f 2839/1/2839 2852/1/2852 2847/1/2847 
f 2852/1/2852 2839/1/2839 1133/1/1133 
f 1133/1/1133 2521/1/2521 2852/1/2852 
f 2852/1/2852 2521/1/2521 2516/1/2516 
f 2764/1/2764 2763/1/2763 2847/1/2847 
f 2847/1/2847 2852/1/2852 2764/1/2764 
f 2853/1/2853 2667/1/2667 2659/1/2659 
f 2659/1/2659 2658/1/2658 2853/1/2853 
f 2658/1/2658 2465/1/2465 2854/1/2854 
f 2854/1/2854 2853/1/2853 2658/1/2658 
f 2853/1/2853 2854/1/2854 2855/1/2855 
f 2855/1/2855 2856/1/2856 2853/1/2853 
f 2856/1/2856 2668/1/2668 2667/1/2667 
f 2667/1/2667 2853/1/2853 2856/1/2856 
f 2857/1/2857 2851/1/2851 2850/1/2850 
f 2850/1/2850 2858/1/2858 2857/1/2857 
f 2858/1/2858 2804/1/2804 2803/1/2803 
f 2857/1/2857 2803/1/2803 1249/1/1249 
f 1281/1/1281 1268/1/1268 2851/1/2851 
f 2851/1/2851 2857/1/2857 1281/1/1281 
f 2859/1/2859 2860/1/2860 2855/1/2855 
f 2855/1/2855 2861/1/2861 2859/1/2859 
f 2861/1/2861 2808/1/2808 2806/1/2806 
f 2806/1/2806 2859/1/2859 2861/1/2861 
f 2859/1/2859 2806/1/2806 2804/1/2804 
f 2858/1/2858 2850/1/2850 2860/1/2860 
f 2860/1/2860 2859/1/2859 2858/1/2858 
f 2862/1/2862 2860/1/2860 2850/1/2850 
f 2850/1/2850 2849/1/2849 2862/1/2862 
f 2849/1/2849 1246/1/1246 2676/1/2676 
f 2676/1/2676 2862/1/2862 2849/1/2849 
f 2862/1/2862 2676/1/2676 2668/1/2668 
f 2668/1/2668 2856/1/2856 2862/1/2862 
f 2856/1/2856 2855/1/2855 2860/1/2860 
f 2860/1/2860 2862/1/2862 2856/1/2856 
f 2738/1/2738 2863/1/2863 2864/1/2864 
f 2864/1/2864 2730/1/2730 2738/1/2738 
f 2863/1/2863 2738/1/2738 2736/1/2736 
f 2736/1/2736 2865/1/2865 2863/1/2863 
f 2863/1/2863 2865/1/2865 2866/1/2866 
f 2866/1/2866 2867/1/2867 2863/1/2863 
f 2867/1/2867 2868/1/2868 2864/1/2864 
f 2864/1/2864 2863/1/2863 2867/1/2867 
f 2869/1/2869 2854/1/2854 2465/1/2465 
f 2465/1/2465 2464/1/2464 2869/1/2869 
f 2464/1/2464 2469/1/2469 2822/1/2822 
f 2822/1/2822 2869/1/2869 2464/1/2464 
f 2869/1/2869 2822/1/2822 2808/1/2808 
f 2808/1/2808 2861/1/2861 2869/1/2869 
f 2861/1/2861 2855/1/2855 2854/1/2854 
f 2854/1/2854 2869/1/2869 2861/1/2861 
f 2870/1/2870 1345/1/1345 1347/1/1347 
f 1347/1/1347 2871/1/2871 2870/1/2870 
f 2731/1/2731 2871/1/2871 1347/1/1347 
f 1347/1/1347 1334/1/1334 2731/1/2731 
f 2731/1/2731 2730/1/2730 2864/1/2864 
f 2864/1/2864 2871/1/2871 2731/1/2731 
f 2871/1/2871 2864/1/2864 2868/1/2868 
f 2868/1/2868 2870/1/2870 2871/1/2871 
f 1764/1/1764 2872/1/2872 2873/1/2873 
f 2873/1/2873 1362/1/1362 1764/1/1764 
f 1764/1/1764 1759/1/1759 2832/1/2832 
f 2832/1/2832 2872/1/2872 1764/1/1764 
f 2872/1/2872 2832/1/2832 2818/1/2818 
f 2818/1/2818 2874/1/2874 2872/1/2872 
f 2872/1/2872 2874/1/2874 2866/1/2866 
f 2866/1/2866 2873/1/2873 2872/1/2872 
f 2875/1/2875 2874/1/2874 2818/1/2818 
f 2818/1/2818 2817/1/2817 2875/1/2875 
f 2817/1/2817 2816/1/2816 2876/1/2876 
f 2876/1/2876 2875/1/2875 2817/1/2817 
f 2875/1/2875 2876/1/2876 2868/1/2868 
f 2868/1/2868 2867/1/2867 2875/1/2875 
f 2867/1/2867 2866/1/2866 2874/1/2874 
f 2874/1/2874 2875/1/2875 2867/1/2867 
f 2865/1/2865 2736/1/2736 2735/1/2735 
f 2735/1/2735 2877/1/2877 2865/1/2865 
f 2735/1/2735 1350/1/1350 1358/1/1358 
f 1358/1/1358 2877/1/2877 2735/1/2735 
f 2877/1/2877 1358/1/1358 1362/1/1362 
f 1362/1/1362 2873/1/2873 2877/1/2877 
f 2873/1/2873 2866/1/2866 2865/1/2865 
f 2865/1/2865 2877/1/2877 2873/1/2873 
f 2878/1/2878 2879/1/2879 2880/1/2880 
f 2880/1/2880 2881/1/2881 2878/1/2878 
f 2881/1/2881 1366/1/1366 1365/1/1365 
f 1365/1/1365 2878/1/2878 2881/1/2881 
f 2878/1/2878 1365/1/1365 1371/1/1371 
f 1371/1/1371 1387/1/1387 2878/1/2878 
f 1387/1/1387 1386/1/1386 2879/1/2879 
f 2879/1/2879 2878/1/2878 1387/1/1387 
f 2882/1/2882 2879/1/2879 1386/1/1386 
f 1386/1/1386 1392/1/1392 2882/1/2882 
f 1392/1/1392 1380/1/1380 2756/1/2756 
f 2756/1/2756 2882/1/2882 1392/1/1392 
f 2882/1/2882 2756/1/2756 2755/1/2755 
f 2755/1/2755 2883/1/2883 2882/1/2882 
f 2883/1/2883 2880/1/2880 2879/1/2879 
f 2879/1/2879 2882/1/2882 2883/1/2883 
f 2884/1/2884 2876/1/2876 2816/1/2816 
f 2816/1/2816 2825/1/2825 2884/1/2884 
f 2825/1/2825 1340/1/1340 1343/1/1343 
f 1343/1/1343 2884/1/2884 2825/1/2825 
f 2884/1/2884 1343/1/1343 1345/1/1345 
f 1345/1/1345 2870/1/2870 2884/1/2884 
f 2870/1/2870 2868/1/2868 2876/1/2876 
f 2876/1/2876 2884/1/2884 2870/1/2870 
f 2885/1/2885 2779/1/2779 2532/1/2532 
f 2532/1/2532 2531/1/2531 2885/1/2885 
f 2531/1/2531 2512/1/2512 2886/1/2886 
f 2886/1/2886 2885/1/2885 2531/1/2531 
f 2885/1/2885 2886/1/2886 2887/1/2887 
f 2887/1/2887 2888/1/2888 2885/1/2885 
f 2888/1/2888 2770/1/2770 2779/1/2779 
f 2779/1/2779 2885/1/2885 2888/1/2888 
f 2889/1/2889 2890/1/2890 2887/1/2887 
f 2887/1/2887 2891/1/2891 2889/1/2889 
f 2891/1/2891 2892/1/2892 2893/1/2893 
f 2893/1/2893 2889/1/2889 2891/1/2891 
f 2889/1/2889 2893/1/2893 1366/1/1366 
f 1366/1/1366 2881/1/2881 2889/1/2889 
f 2881/1/2881 2880/1/2880 2890/1/2890 
f 2890/1/2890 2889/1/2889 2881/1/2881 
f 2894/1/2894 2890/1/2890 2880/1/2880 
f 2880/1/2880 2883/1/2883 2894/1/2894 
f 2883/1/2883 2755/1/2755 2771/1/2771 
f 2771/1/2771 2894/1/2894 2883/1/2883 
f 2894/1/2894 2771/1/2771 2770/1/2770 
f 2770/1/2770 2888/1/2888 2894/1/2894 
f 2888/1/2888 2887/1/2887 2890/1/2890 
f 2890/1/2890 2894/1/2894 2888/1/2888 
f 2895/1/2895 2896/1/2896 2897/1/2897 
f 2897/1/2897 2898/1/2898 2895/1/2895 
f 2898/1/2898 2899/1/2899 2900/1/2900 
f 2900/1/2900 2895/1/2895 2898/1/2898 
f 2895/1/2895 2900/1/2900 2901/1/2901 
f 2901/1/2901 2902/1/2902 2895/1/2895 
f 2902/1/2902 2903/1/2903 2896/1/2896 
f 2896/1/2896 2895/1/2895 2902/1/2902 
f 2904/1/2904 2886/1/2886 2512/1/2512 
f 2512/1/2512 2511/1/2511 2904/1/2904 
f 2511/1/2511 2510/1/2510 2905/1/2905 
f 2905/1/2905 2904/1/2904 2511/1/2511 
f 2904/1/2904 2905/1/2905 2892/1/2892 
f 2892/1/2892 2891/1/2891 2904/1/2904 
f 2891/1/2891 2887/1/2887 2886/1/2886 
f 2886/1/2886 2904/1/2904 2891/1/2891 
f 2906/1/2906 2900/1/2900 2899/1/2899 
f 2899/1/2899 2907/1/2907 2906/1/2906 
f 2907/1/2907 2527/1/2527 2529/1/2529 
f 2529/1/2529 2906/1/2906 2907/1/2907 
f 2906/1/2906 2529/1/2529 1449/1/1449 
f 1449/1/1449 2908/1/2908 2906/1/2906 
f 2908/1/2908 2901/1/2901 2900/1/2900 
f 2900/1/2900 2906/1/2906 2908/1/2908 
f 2909/1/2909 2910/1/2910 2746/1/2746 
f 2746/1/2746 2745/1/2745 2909/1/2909 
f 2745/1/2745 1453/1/1453 1452/1/1452 
f 1452/1/1452 2909/1/2909 2745/1/2745 
f 2909/1/2909 1452/1/1452 1459/1/1459 
f 1459/1/1459 2911/1/2911 2909/1/2909 
f 2911/1/2911 2903/1/2903 2910/1/2910 
f 2910/1/2910 2909/1/2909 2911/1/2911 
f 2912/1/2912 2327/1/2327 2326/1/2326 
f 2326/1/2326 2913/1/2913 2912/1/2912 
f 2913/1/2913 2897/1/2897 2896/1/2896 
f 2896/1/2896 2912/1/2912 2913/1/2913 
f 2912/1/2912 2896/1/2896 2903/1/2903 
f 2903/1/2903 2911/1/2911 2912/1/2912 
f 2911/1/2911 1459/1/1459 2327/1/2327 
f 2327/1/2327 2912/1/2912 2911/1/2911 
f 2914/1/2914 2915/1/2915 1470/1/1470 
f 1470/1/1470 1469/1/1469 2914/1/2914 
f 1469/1/1469 1468/1/1468 1489/1/1489 
f 2914/1/2914 1489/1/1489 1488/1/1488 
f 1488/1/1488 2916/1/2916 2914/1/2914 
f 2916/1/2916 2917/1/2917 2915/1/2915 
f 2915/1/2915 2914/1/2914 2916/1/2916 
f 2918/1/2918 2919/1/2919 2920/1/2920 
f 2920/1/2920 2921/1/2921 2918/1/2918 
f 2921/1/2921 2414/1/2414 2413/1/2413 
f 2413/1/2413 2918/1/2918 2921/1/2921 
f 2918/1/2918 2413/1/2413 2417/1/2417 
f 2417/1/2417 2922/1/2922 2918/1/2918 
f 2922/1/2922 2923/1/2923 2919/1/2919 
f 2919/1/2919 2918/1/2918 2922/1/2922 
f 2742/1/2742 2924/1/2924 2925/1/2925 
f 2925/1/2925 2724/1/2724 2742/1/2742 
f 2742/1/2742 1470/1/1470 2915/1/2915 
f 2924/1/2924 2915/1/2915 2917/1/2917 
f 2917/1/2917 2926/1/2926 2924/1/2924 
f 2926/1/2926 2923/1/2923 2925/1/2925 
f 2925/1/2925 2924/1/2924 2926/1/2926 
f 2927/1/2927 2436/1/2436 2433/1/2433 
f 2433/1/2433 2928/1/2928 2927/1/2927 
f 2928/1/2928 2929/1/2929 2930/1/2930 
f 2930/1/2930 2927/1/2927 2928/1/2928 
f 2927/1/2927 2930/1/2930 2917/1/2917 
f 2917/1/2917 2916/1/2916 2927/1/2927 
f 2916/1/2916 1488/1/1488 2436/1/2436 
f 2436/1/2436 2927/1/2927 2916/1/2916 
f 2931/1/2931 2930/1/2930 2929/1/2929 
f 2929/1/2929 2932/1/2932 2931/1/2931 
f 2932/1/2932 2920/1/2920 2919/1/2919 
f 2919/1/2919 2931/1/2931 2932/1/2932 
f 2931/1/2931 2919/1/2919 2923/1/2923 
f 2923/1/2923 2926/1/2926 2931/1/2931 
f 2926/1/2926 2917/1/2917 2930/1/2930 
f 2930/1/2930 2931/1/2931 2926/1/2926 
f 2933/1/2933 2922/1/2922 2417/1/2417 
f 2417/1/2417 2489/1/2489 2933/1/2933 
f 2489/1/2489 2488/1/2488 2725/1/2725 
f 2933/1/2933 2725/1/2725 2724/1/2724 
f 2933/1/2933 2925/1/2925 2923/1/2923 
f 2923/1/2923 2922/1/2922 2933/1/2933 
f 2934/1/2934 2935/1/2935 2936/1/2936 
f 2936/1/2936 2937/1/2937 2934/1/2934 
f 2937/1/2937 1681/1/1681 2399/1/2399 
f 2399/1/2399 2934/1/2934 2937/1/2937 
f 2934/1/2934 2399/1/2399 2401/1/2401 
f 2401/1/2401 2938/1/2938 2934/1/2934 
f 2938/1/2938 2939/1/2939 2935/1/2935 
f 2935/1/2935 2934/1/2934 2938/1/2938 
f 2940/1/2940 2941/1/2941 2942/1/2942 
f 2942/1/2942 2943/1/2943 2940/1/2940 
f 2943/1/2943 2936/1/2936 2935/1/2935 
f 2935/1/2935 2940/1/2940 2943/1/2943 
f 2940/1/2940 2935/1/2935 2939/1/2939 
f 2944/1/2944 2945/1/2945 2941/1/2941 
f 2941/1/2941 2940/1/2940 2944/1/2944 
f 2946/1/2946 2947/1/2947 2939/1/2939 
f 2939/1/2939 2938/1/2938 2946/1/2946 
f 2938/1/2938 2401/1/2401 2411/1/2411 
f 2411/1/2411 2946/1/2946 2938/1/2938 
f 2946/1/2946 2411/1/2411 2408/1/2408 
f 2408/1/2408 2421/1/2421 2946/1/2946 
f 2421/1/2421 2420/1/2420 2947/1/2947 
f 2947/1/2947 2946/1/2946 2421/1/2421 
f 2948/1/2948 2949/1/2949 2950/1/2950 
f 2950/1/2950 2951/1/2951 2948/1/2948 
f 2951/1/2951 2952/1/2952 2953/1/2953 
f 2953/1/2953 2948/1/2948 2951/1/2951 
f 2948/1/2948 2953/1/2953 1553/1/1553 
f 2948/1/2948 2308/1/2308 2311/1/2311 
f 2311/1/2311 2949/1/2949 2948/1/2948 
f 2954/1/2954 2941/1/2941 2945/1/2945 
f 2945/1/2945 2955/1/2955 2954/1/2954 
f 2955/1/2955 2425/1/2425 2424/1/2424 
f 2954/1/2954 2424/1/2424 1656/1/1656 
f 1656/1/1656 2956/1/2956 2954/1/2954 
f 2956/1/2956 2942/1/2942 2941/1/2941 
f 2941/1/2941 2954/1/2954 2956/1/2956 
f 2957/1/2957 2958/1/2958 2959/1/2959 
f 2959/1/2959 2960/1/2960 2957/1/2957 
f 2960/1/2960 2961/1/2961 2962/1/2962 
f 2962/1/2962 2957/1/2957 2960/1/2960 
f 2957/1/2957 2962/1/2962 2952/1/2952 
f 2952/1/2952 2951/1/2951 2957/1/2957 
f 2951/1/2951 2950/1/2950 2958/1/2958 
f 2958/1/2958 2957/1/2957 2951/1/2951 
f 2963/1/2963 2950/1/2950 2949/1/2949 
f 2949/1/2949 2964/1/2964 2963/1/2963 
f 2949/1/2949 2311/1/2311 2321/1/2321 
f 2321/1/2321 2964/1/2964 2949/1/2949 
f 2321/1/2321 2318/1/2318 2525/1/2525 
f 2525/1/2525 2964/1/2964 2321/1/2321 
f 2525/1/2525 2524/1/2524 2963/1/2963 
f 2963/1/2963 2964/1/2964 2525/1/2525 
f 2965/1/2965 2966/1/2966 2967/1/2967 
f 2967/1/2967 2968/1/2968 2965/1/2965 
f 2968/1/2968 1651/1/1651 1650/1/1650 
f 1650/1/1650 2965/1/2965 2968/1/2968 
f 1650/1/1650 1559/1/1559 1558/1/1558 
f 1558/1/1558 2965/1/2965 1650/1/1650 
f 1558/1/1558 1555/1/1555 2966/1/2966 
f 2966/1/2966 2965/1/2965 1558/1/1558 
f 2969/1/2969 2966/1/2966 1555/1/1555 
f 1555/1/1555 1554/1/1554 2969/1/2969 
f 1554/1/1554 1553/1/1553 2953/1/2953 
f 2969/1/2969 2953/1/2953 2952/1/2952 
f 2970/1/2970 2967/1/2967 2966/1/2966 
f 2960/1/2960 2959/1/2959 2971/1/2971 
f 2971/1/2971 2972/1/2972 2960/1/2960 
f 2972/1/2972 2971/1/2971 2506/1/2506 
f 2506/1/2506 2505/1/2505 2972/1/2972 
f 2505/1/2505 2503/1/2503 2973/1/2973 
f 2972/1/2972 2973/1/2973 2961/1/2961 
f 2961/1/2961 2960/1/2960 2972/1/2972 
f 2974/1/2974 2975/1/2975 2976/1/2976 
f 2976/1/2976 2977/1/2977 2974/1/2974 
f 2977/1/2977 2492/1/2492 2978/1/2978 
f 2978/1/2978 2974/1/2974 2977/1/2977 
f 2974/1/2974 2978/1/2978 2979/1/2979 
f 2979/1/2979 2980/1/2980 2974/1/2974 
f 2980/1/2980 2981/1/2981 2975/1/2975 
f 2975/1/2975 2974/1/2974 2980/1/2980 
f 2982/1/2982 2975/1/2975 2981/1/2981 
f 2981/1/2981 2983/1/2983 2982/1/2982 
f 2983/1/2983 1659/1/1659 1661/1/1661 
f 1661/1/1661 2982/1/2982 2983/1/2983 
f 2982/1/2982 1661/1/1661 1653/1/1653 
f 1653/1/1653 2984/1/2984 2982/1/2982 
f 2984/1/2984 2976/1/2976 2975/1/2975 
f 2975/1/2975 2982/1/2982 2984/1/2984 
f 2985/1/2985 1682/1/1682 1681/1/1681 
f 1681/1/1681 2937/1/2937 2985/1/2985 
f 2937/1/2937 2936/1/2936 2986/1/2986 
f 2985/1/2985 2986/1/2986 2979/1/2979 
f 2979/1/2979 2987/1/2987 2985/1/2985 
f 2987/1/2987 1672/1/1672 1682/1/1682 
f 1682/1/1682 2985/1/2985 2987/1/2987 
f 2988/1/2988 2986/1/2986 2936/1/2936 
f 2936/1/2936 2943/1/2943 2988/1/2988 
f 2943/1/2943 2942/1/2942 2989/1/2989 
f 2989/1/2989 2988/1/2988 2943/1/2943 
f 2988/1/2988 2989/1/2989 2981/1/2981 
f 2981/1/2981 2980/1/2980 2988/1/2988 
f 2980/1/2980 2979/1/2979 2986/1/2986 
f 2986/1/2986 2988/1/2988 2980/1/2980 
f 2978/1/2978 2990/1/2990 2987/1/2987 
f 2987/1/2987 2979/1/2979 2978/1/2978 
f 2990/1/2990 2978/1/2978 2492/1/2492 
f 2492/1/2492 2491/1/2491 2990/1/2990 
f 2990/1/2990 2491/1/2491 1666/1/1666 
f 1666/1/1666 1673/1/1673 2990/1/2990 
f 1673/1/1673 1672/1/1672 2987/1/2987 
f 2987/1/2987 2990/1/2990 1673/1/1673 
f 2991/1/2991 2992/1/2992 2993/1/2993 
f 2993/1/2993 2994/1/2994 2991/1/2991 
f 2993/1/2993 2506/1/2506 2971/1/2971 
f 2971/1/2971 2994/1/2994 2993/1/2993 
f 2994/1/2994 2971/1/2971 2959/1/2959 
f 2959/1/2959 2995/1/2995 2994/1/2994 
f 2994/1/2994 2995/1/2995 2996/1/2996 
f 2996/1/2996 2991/1/2991 2994/1/2994 
f 2997/1/2997 2989/1/2989 2942/1/2942 
f 2942/1/2942 2956/1/2956 2997/1/2997 
f 2956/1/2956 1656/1/1656 1655/1/1655 
f 1655/1/1655 2997/1/2997 2956/1/2956 
f 2997/1/2997 1655/1/1655 1659/1/1659 
f 1659/1/1659 2983/1/2983 2997/1/2997 
f 2983/1/2983 2981/1/2981 2989/1/2989 
f 2989/1/2989 2997/1/2997 2983/1/2983 
f 2995/1/2995 2959/1/2959 2958/1/2958 
f 2958/1/2958 2998/1/2998 2995/1/2995 
f 2998/1/2998 2958/1/2958 2950/1/2950 
f 2950/1/2950 2963/1/2963 2998/1/2998 
f 2998/1/2998 2963/1/2963 2524/1/2524 
f 2524/1/2524 2999/1/2999 2998/1/2998 
f 2999/1/2999 2996/1/2996 2995/1/2995 
f 2995/1/2995 2998/1/2998 2999/1/2999 
f 3000/1/3000 3001/1/3001 2897/1/2897 
f 2897/1/2897 2913/1/2913 3000/1/3000 
f 2913/1/2913 2326/1/2326 2335/1/2335 
f 2335/1/2335 3000/1/3000 2913/1/2913 
f 3000/1/3000 2335/1/2335 2339/1/2339 
f 2339/1/2339 3002/1/3002 3000/1/3000 
f 3002/1/3002 2992/1/2992 3001/1/3001 
f 3001/1/3001 3000/1/3000 3002/1/3002 
f 3003/1/3003 3004/1/3004 2899/1/2899 
f 2899/1/2899 2898/1/2898 3003/1/3003 
f 2898/1/2898 2897/1/2897 3001/1/3001 
f 3001/1/3001 3003/1/3003 2898/1/2898 
f 3003/1/3003 3001/1/3001 2992/1/2992 
f 2992/1/2992 2991/1/2991 3003/1/3003 
f 2991/1/2991 2996/1/2996 3004/1/3004 
f 3004/1/3004 3003/1/3003 2991/1/2991 
f 3005/1/3005 2342/1/2342 2333/1/2333 
f 2333/1/2333 2507/1/2507 3005/1/3005 
f 2993/1/2993 3005/1/3005 2507/1/2507 
f 2507/1/2507 2506/1/2506 2993/1/2993 
f 3005/1/3005 2993/1/2993 2992/1/2992 
f 2992/1/2992 3002/1/3002 3005/1/3005 
f 3002/1/3002 2339/1/2339 2342/1/2342 
f 2342/1/2342 3005/1/3005 3002/1/3002 
f 3006/1/3006 3007/1/3007 2425/1/2425 
f 2425/1/2425 2955/1/2955 3006/1/3006 
f 2955/1/2955 2945/1/2945 3008/1/3008 
f 3008/1/3008 3006/1/3006 2955/1/2955 
f 3006/1/3006 3008/1/3008 3009/1/3009 
f 3009/1/3009 3010/1/3010 3006/1/3006 
f 3010/1/3010 3011/1/3011 3007/1/3007 
f 3007/1/3007 3006/1/3006 3010/1/3010 
f 3012/1/3012 3004/1/3004 2996/1/2996 
f 2996/1/2996 2999/1/2999 3012/1/3012 
f 2999/1/2999 2524/1/2524 2523/1/2523 
f 2523/1/2523 3012/1/3012 2999/1/2999 
f 3012/1/3012 2523/1/2523 2527/1/2527 
f 2527/1/2527 2907/1/2907 3012/1/3012 
f 2907/1/2907 2899/1/2899 3004/1/3004 
f 3004/1/3004 3012/1/3012 2907/1/2907 
f 3013/1/3013 3008/1/3008 2945/1/2945 
f 2945/1/2945 2944/1/2944 3013/1/3013 
f 2944/1/2944 2939/1/2939 2947/1/2947 
f 2947/1/2947 3013/1/3013 2944/1/2944 
f 3013/1/3013 2947/1/2947 2420/1/2420 
f 2420/1/2420 3014/1/3014 3013/1/3013 
f 3014/1/3014 3009/1/3009 3008/1/3008 
f 3008/1/3008 3013/1/3013 3014/1/3014 
f 3015/1/3015 3016/1/3016 2929/1/2929 
f 2929/1/2929 2928/1/2928 3015/1/3015 
f 2928/1/2928 2433/1/2433 2432/1/2432 
f 2432/1/2432 3015/1/3015 2928/1/2928 
f 3015/1/3015 2432/1/2432 2431/1/2431 
f 2431/1/2431 3017/1/3017 3015/1/3015 
f 3017/1/3017 3011/1/3011 3016/1/3016 
f 3016/1/3016 3015/1/3015 3017/1/3017 
f 3018/1/3018 3019/1/3019 2920/1/2920 
f 2920/1/2920 2932/1/2932 3018/1/3018 
f 2932/1/2932 2929/1/2929 3016/1/3016 
f 3016/1/3016 3018/1/3018 2932/1/2932 
f 3018/1/3018 3016/1/3016 3011/1/3011 
f 3011/1/3011 3010/1/3010 3018/1/3018 
f 3010/1/3010 3009/1/3009 3019/1/3019 
f 3019/1/3019 3018/1/3018 3010/1/3010 
f 3020/1/3020 3017/1/3017 2431/1/2431 
f 2431/1/2431 2430/1/2430 3020/1/3020 
f 2430/1/2430 2427/1/2427 2426/1/2426 
f 2426/1/2426 3020/1/3020 2430/1/2430 
f 2426/1/2426 2425/1/2425 3007/1/3007 
f 3007/1/3007 3020/1/3020 2426/1/2426 
f 3020/1/3020 3007/1/3007 3011/1/3011 
f 3011/1/3011 3017/1/3017 3020/1/3020 
f 3021/1/3021 3019/1/3019 3009/1/3009 
f 3009/1/3009 3014/1/3014 3021/1/3021 
f 3014/1/3014 2420/1/2420 2419/1/2419 
f 2419/1/2419 3021/1/3021 3014/1/3014 
f 3021/1/3021 2419/1/2419 2414/1/2414 
f 2414/1/2414 2921/1/2921 3021/1/3021 
f 2921/1/2921 2920/1/2920 3019/1/3019 
f 3019/1/3019 3021/1/3021 2921/1/2921 
f 3022/1/3022 3023/1/3023 3024/1/3024 
f 3024/1/3024 3025/1/3025 3022/1/3022 
f 3025/1/3025 173/1/173 183/1/183 
f 183/1/183 3022/1/3022 3025/1/3025 
f 3022/1/3022 183/1/183 182/1/182 
f 182/1/182 3026/1/3026 3022/1/3022 
f 3026/1/3026 3027/1/3027 3023/1/3023 
f 3023/1/3023 3022/1/3022 3026/1/3026 
f 3028/1/3028 3023/1/3023 3027/1/3027 
f 3027/1/3027 3029/1/3029 3028/1/3028 
f 2675/1/2675 3028/1/3028 3029/1/3029 
f 3029/1/3029 2483/1/2483 2675/1/2675 
f 2675/1/2675 2674/1/2674 3030/1/3030 
f 3030/1/3030 3028/1/3028 2675/1/2675 
f 3030/1/3030 3024/1/3024 3023/1/3023 
f 3023/1/3023 3028/1/3028 3030/1/3030 
f 3031/1/3031 3032/1/3032 2599/1/2599 
f 2599/1/2599 2598/1/2598 3031/1/3031 
f 2598/1/2598 175/1/175 174/1/174 
f 174/1/174 3031/1/3031 2598/1/2598 
f 3031/1/3031 174/1/174 173/1/173 
f 173/1/173 3025/1/3025 3031/1/3031 
f 3025/1/3025 3024/1/3024 3032/1/3032 
f 3032/1/3032 3031/1/3031 3025/1/3025 
f 2686/1/2686 3033/1/3033 3030/1/3030 
f 3030/1/3030 2674/1/2674 2686/1/2686 
f 3033/1/3033 2686/1/2686 2462/1/2462 
f 2462/1/2462 2606/1/2606 3033/1/3033 
f 2606/1/2606 2599/1/2599 3032/1/3032 
f 3033/1/3033 3032/1/3032 3024/1/3024 
f 3024/1/3024 3030/1/3030 3033/1/3033 
f 3034/1/3034 2484/1/2484 2483/1/2483 
f 2483/1/2483 3029/1/3029 3034/1/3034 
f 3029/1/3029 3027/1/3027 3035/1/3035 
f 3035/1/3035 3034/1/3034 3029/1/3029 
f 3034/1/3034 3035/1/3035 3036/1/3036 
f 3036/1/3036 3037/1/3037 3034/1/3034 
f 3037/1/3037 2485/1/2485 2484/1/2484 
f 3038/1/3038 3039/1/3039 3040/1/3040 
f 3040/1/3040 3041/1/3041 3038/1/3038 
f 3041/1/3041 2654/1/2654 2653/1/2653 
f 2653/1/2653 3038/1/3038 3041/1/3041 
f 3038/1/3038 2653/1/2653 2650/1/2650 
f 2650/1/2650 2718/1/2718 3038/1/3038 
f 2718/1/2718 2717/1/2717 3039/1/3039 
f 3039/1/3039 3038/1/3038 2718/1/2718 
f 3042/1/3042 187/1/187 333/1/333 
f 333/1/333 3043/1/3043 3042/1/3042 
f 3043/1/3043 333/1/333 337/1/337 
f 337/1/337 3044/1/3044 3043/1/3043 
f 3043/1/3043 3044/1/3044 3040/1/3040 
f 3040/1/3040 3045/1/3045 3043/1/3043 
f 3045/1/3045 3036/1/3036 3042/1/3042 
f 3042/1/3042 3043/1/3043 3045/1/3045 
f 3046/1/3046 3035/1/3035 3027/1/3027 
f 3027/1/3027 3026/1/3026 3046/1/3046 
f 3026/1/3026 182/1/182 184/1/184 
f 184/1/184 3046/1/3046 3026/1/3026 
f 3046/1/3046 184/1/184 187/1/187 
f 187/1/187 3042/1/3042 3046/1/3046 
f 3042/1/3042 3036/1/3036 3035/1/3035 
f 3035/1/3035 3046/1/3046 3042/1/3042 
f 3047/1/3047 3039/1/3039 2717/1/2717 
f 2717/1/2717 2715/1/2715 3047/1/3047 
f 2715/1/2715 2485/1/2485 3037/1/3037 
f 3037/1/3037 3047/1/3047 2715/1/2715 
f 3047/1/3047 3037/1/3037 3036/1/3036 
f 3045/1/3045 3040/1/3040 3039/1/3039 
f 3039/1/3039 3047/1/3047 3045/1/3045 
f 3044/1/3044 337/1/337 340/1/340 
f 340/1/340 3048/1/3048 3044/1/3044 
f 2661/1/2661 3048/1/3048 340/1/340 
f 340/1/340 243/1/243 2661/1/2661 
f 3048/1/3048 2661/1/2661 2654/1/2654 
f 2654/1/2654 3041/1/3041 3048/1/3048 
f 3041/1/3041 3040/1/3040 3044/1/3044 
f 3044/1/3044 3048/1/3048 3041/1/3041 
f 3049/1/3049 2910/1/2910 2903/1/2903 
f 2903/1/2903 2902/1/2902 3049/1/3049 
f 2902/1/2902 2901/1/2901 3050/1/3050 
f 3050/1/3050 3049/1/3049 2902/1/2902 
f 3050/1/3050 3051/1/3051 3052/1/3052 
f 3052/1/3052 3049/1/3049 3050/1/3050 
f 3049/1/3049 3052/1/3052 2746/1/2746 
f 2746/1/2746 2910/1/2910 3049/1/3049 
f 3053/1/3053 3054/1/3054 2892/1/2892 
f 2892/1/2892 2905/1/2905 3053/1/3053 
f 3053/1/3053 2905/1/2905 2510/1/2510 
f 2510/1/2510 2750/1/2750 3053/1/3053 
f 2750/1/2750 2748/1/2748 3055/1/3055 
f 3055/1/3055 3053/1/3053 2750/1/2750 
f 3053/1/3053 3055/1/3055 3056/1/3056 
f 3056/1/3056 3054/1/3054 3053/1/3053 
f 3057/1/3057 1445/1/1445 1444/1/1444 
f 1444/1/1444 3058/1/3058 3057/1/3057 
f 1444/1/1444 1368/1/1368 3059/1/3059 
f 3059/1/3059 3058/1/3058 1444/1/1444 
f 3058/1/3058 3059/1/3059 3056/1/3056 
f 3056/1/3056 3060/1/3060 3058/1/3058 
f 3060/1/3060 3051/1/3051 3057/1/3057 
f 3057/1/3057 3058/1/3058 3060/1/3060 
f 3061/1/3061 3050/1/3050 2901/1/2901 
f 2901/1/2901 2908/1/2908 3061/1/3061 
f 2908/1/2908 1449/1/1449 1448/1/1448 
f 3061/1/3061 1448/1/1448 1445/1/1445 
f 3061/1/3061 3057/1/3057 3051/1/3051 
f 3051/1/3051 3050/1/3050 3061/1/3061 
f 3062/1/3062 3055/1/3055 2748/1/2748 
f 2748/1/2748 2747/1/2747 3062/1/3062 
f 2747/1/2747 2746/1/2746 3052/1/3052 
f 3052/1/3052 3062/1/3062 2747/1/2747 
f 3062/1/3062 3052/1/3052 3051/1/3051 
f 3051/1/3051 3060/1/3060 3062/1/3062 
f 3060/1/3060 3056/1/3056 3055/1/3055 
f 3055/1/3055 3062/1/3062 3060/1/3060 
f 3063/1/3063 3054/1/3054 3056/1/3056 
f 3056/1/3056 3059/1/3059 3063/1/3063 
f 1363/1/1363 3063/1/3063 3059/1/3059 
f 3059/1/3059 1368/1/1368 1363/1/1363 
f 3063/1/3063 1363/1/1363 1366/1/1366 
f 2893/1/2893 2892/1/2892 3054/1/3054 
f 3054/1/3054 3063/1/3063 2893/1/2893 
f 3064/1/3064 2493/1/2493 2492/1/2492 
f 2492/1/2492 2977/1/2977 3064/1/3064 
f 2977/1/2977 2976/1/2976 3065/1/3065 
f 3065/1/3065 3064/1/3064 2977/1/2977 
f 3064/1/3064 3065/1/3065 3066/1/3066 
f 3066/1/3066 3067/1/3067 3064/1/3064 
f 3067/1/3067 2494/1/2494 2493/1/2493 
f 2493/1/2493 3064/1/3064 3067/1/3067 
f 3068/1/3068 3065/1/3065 2976/1/2976 
f 2976/1/2976 2984/1/2984 3068/1/3068 
f 2984/1/2984 1653/1/1653 1652/1/1652 
f 1652/1/1652 3068/1/3068 2984/1/2984 
f 1652/1/1652 1651/1/1651 3069/1/3069 
f 3069/1/3069 3068/1/3068 1652/1/1652 
f 3069/1/3069 3066/1/3066 3065/1/3065 
f 3065/1/3065 3068/1/3068 3069/1/3069 
f 3070/1/3070 3069/1/3069 1651/1/1651 
f 1651/1/1651 2968/1/2968 3070/1/3070 
f 2968/1/2968 2967/1/2967 3071/1/3071 
f 3071/1/3071 3070/1/3070 2968/1/2968 
f 3070/1/3070 3071/1/3071 3072/1/3072 
f 3072/1/3072 3073/1/3073 3070/1/3070 
f 3073/1/3073 3066/1/3066 3069/1/3069 
f 3069/1/3069 3070/1/3070 3073/1/3073 
f 3074/1/3074 3075/1/3075 2498/1/2498 
f 2498/1/2498 2497/1/2497 3074/1/3074 
f 2497/1/2497 2494/1/2494 3067/1/3067 
f 3067/1/3067 3074/1/3074 2497/1/2497 
f 3074/1/3074 3067/1/3067 3066/1/3066 
f 3066/1/3066 3073/1/3073 3074/1/3074 
f 3073/1/3073 3072/1/3072 3075/1/3075 
f 3075/1/3075 3074/1/3074 3073/1/3073 
f 3076/1/3076 2973/1/2973 2503/1/2503 
f 2503/1/2503 2502/1/2502 3076/1/3076 
f 2502/1/2502 2498/1/2498 3075/1/3075 
f 3075/1/3075 3076/1/3076 2502/1/2502 
f 3076/1/3076 3075/1/3075 3072/1/3072 
f 3072/1/3072 3077/1/3077 3076/1/3076 
f 3077/1/3077 2961/1/2961 2973/1/2973 
f 2973/1/2973 3076/1/3076 3077/1/3077 
f 3078/1/3078 3071/1/3071 2967/1/2967 
f 2967/1/2967 2970/1/2970 3078/1/3078 
f 2970/1/2970 2952/1/2952 2962/1/2962 
f 2962/1/2962 3078/1/3078 2970/1/2970 
f 3078/1/3078 2962/1/2962 2961/1/2961 
f 2961/1/2961 3077/1/3077 3078/1/3078 
f 3077/1/3077 3072/1/3072 3071/1/3071 
f 3071/1/3071 3078/1/3078 3077/1/3077 
f 3079/1/3079 3080/1/3080 2372/1/2372 
f 2372/1/2372 2380/1/2380 3079/1/3079 
f 2380/1/2380 2379/1/2379 2397/1/2397 
f 2397/1/2397 3079/1/3079 2380/1/2380 
f 3079/1/3079 2397/1/2397 2386/1/2386 
f 2386/1/2386 3081/1/3081 3079/1/3079 
f 3081/1/3081 3082/1/3082 3080/1/3080 
f 3083/1/3083 3084/1/3084 3085/1/3085 
f 3085/1/3085 3086/1/3086 3083/1/3083 
f 3083/1/3083 3086/1/3086 3082/1/3082 
f 3082/1/3082 3081/1/3081 3083/1/3083 
f 3081/1/3081 2386/1/2386 2385/1/2385 
f 2385/1/2385 3083/1/3083 3081/1/3081 
f 2385/1/2385 2182/1/2182 3084/1/3084 
f 3084/1/3084 3083/1/3083 2385/1/2385 
f 3087/1/3087 3088/1/3088 3089/1/3089 
f 3089/1/3089 3090/1/3090 3087/1/3087 
f 3090/1/3090 3085/1/3085 3084/1/3084 
f 3084/1/3084 3087/1/3087 3090/1/3090 
f 3087/1/3087 3084/1/3084 2182/1/2182 
f 2182/1/2182 2181/1/2181 3087/1/3087 
f 2181/1/2181 2180/1/2180 3088/1/3088 
f 3088/1/3088 3087/1/3087 2181/1/2181 
f 3088/1/3088 3091/1/3091 3092/1/3092 
f 3092/1/3092 3089/1/3089 3088/1/3088 
f 2184/1/2184 3091/1/3091 3088/1/3088 
f 3088/1/3088 2180/1/2180 2184/1/2184 
f 3091/1/3091 2184/1/2184 2186/1/2186 
f 2186/1/2186 3093/1/3093 3091/1/3091 
f 3093/1/3093 3094/1/3094 3092/1/3092 
f 3092/1/3092 3091/1/3091 3093/1/3093 
f 3095/1/3095 3096/1/3096 3094/1/3094 
f 3094/1/3094 3093/1/3093 3095/1/3095 
f 3093/1/3093 2186/1/2186 2188/1/2188 
f 2188/1/2188 3095/1/3095 3093/1/3093 
f 3095/1/3095 2188/1/2188 2190/1/2190 
f 2190/1/2190 3097/1/3097 3095/1/3095 
f 3097/1/3097 3098/1/3098 3096/1/3096 
f 3096/1/3096 3095/1/3095 3097/1/3097 
f 3099/1/3099 3100/1/3100 3101/1/3101 
f 3101/1/3101 3102/1/3102 3099/1/3099 
f 3102/1/3102 3098/1/3098 3097/1/3097 
f 3097/1/3097 3099/1/3099 3102/1/3102 
f 3099/1/3099 3097/1/3097 2190/1/2190 
f 2190/1/2190 2194/1/2194 3099/1/3099 
f 2194/1/2194 2193/1/2193 3100/1/3100 
f 3100/1/3100 3099/1/3099 2194/1/2194 
f 3103/1/3103 3101/1/3101 3100/1/3100 
f 3100/1/3100 3104/1/3104 3103/1/3103 
f 3104/1/3104 3100/1/3100 2193/1/2193 
f 2193/1/2193 2198/1/2198 3104/1/3104 
f 3105/1/3105 3104/1/3104 2198/1/2198 
f 2198/1/2198 2197/1/2197 3105/1/3105 
f 3105/1/3105 3106/1/3106 3103/1/3103 
f 3103/1/3103 3104/1/3104 3105/1/3105 
f 3107/1/3107 3108/1/3108 2349/1/2349 
f 2349/1/2349 2354/1/2354 3107/1/3107 
f 2354/1/2354 2353/1/2353 2362/1/2362 
f 2362/1/2362 3107/1/3107 2354/1/2354 
f 3107/1/3107 2362/1/2362 2364/1/2364 
f 2364/1/2364 3109/1/3109 3107/1/3107 
f 3109/1/3109 3110/1/3110 3108/1/3108 
f 3108/1/3108 3107/1/3107 3109/1/3109 
f 3111/1/3111 3112/1/3112 3106/1/3106 
f 3106/1/3106 3105/1/3105 3111/1/3111 
f 3105/1/3105 2197/1/2197 2350/1/2350 
f 2350/1/2350 3111/1/3111 3105/1/3105 
f 2350/1/2350 2349/1/2349 3108/1/3108 
f 3108/1/3108 3111/1/3111 2350/1/2350 
f 3108/1/3108 3110/1/3110 3112/1/3112 
f 3112/1/3112 3111/1/3111 3108/1/3108 
f 3113/1/3113 2370/1/2370 2372/1/2372 
f 2372/1/2372 3080/1/3080 3113/1/3113 
f 3080/1/3080 3082/1/3082 3114/1/3114 
f 3113/1/3113 3114/1/3114 3110/1/3110 
f 3109/1/3109 2364/1/2364 2370/1/2370 
f 3115/1/3115 3116/1/3116 3117/1/3117 
f 3117/1/3117 3118/1/3118 3115/1/3115 
f 3115/1/3115 3118/1/3118 3119/1/3119 
f 3119/1/3119 3120/1/3120 3115/1/3115 
f 3120/1/3120 3082/1/3082 3086/1/3086 
f 3086/1/3086 3085/1/3085 3116/1/3116 
f 3116/1/3116 3115/1/3115 3086/1/3086 
f 3121/1/3121 3122/1/3122 3117/1/3117 
f 3117/1/3117 3116/1/3116 3121/1/3121 
f 3121/1/3121 3116/1/3116 3085/1/3085 
f 3085/1/3085 3090/1/3090 3121/1/3121 
f 3121/1/3121 3090/1/3090 3089/1/3089 
f 3089/1/3089 3123/1/3123 3121/1/3121 
f 3123/1/3123 3124/1/3124 3122/1/3122 
f 3122/1/3122 3121/1/3121 3123/1/3123 
f 3125/1/3125 3126/1/3126 3124/1/3124 
f 3124/1/3124 3123/1/3123 3125/1/3125 
f 3123/1/3123 3089/1/3089 3092/1/3092 
f 3092/1/3092 3125/1/3125 3123/1/3123 
f 3125/1/3125 3092/1/3092 3094/1/3094 
f 3094/1/3094 3127/1/3127 3125/1/3125 
f 3127/1/3127 3128/1/3128 3126/1/3126 
f 3126/1/3126 3125/1/3125 3127/1/3127 
f 3129/1/3129 3130/1/3130 3128/1/3128 
f 3128/1/3128 3127/1/3127 3129/1/3129 
f 3127/1/3127 3094/1/3094 3096/1/3096 
f 3096/1/3096 3129/1/3129 3127/1/3127 
f 3096/1/3096 3098/1/3098 3131/1/3131 
f 3131/1/3131 3129/1/3129 3096/1/3096 
f 3130/1/3130 3129/1/3129 3131/1/3131 
f 3131/1/3131 3132/1/3132 3130/1/3130 
f 3133/1/3133 3134/1/3134 3135/1/3135 
f 3135/1/3135 3136/1/3136 3133/1/3133 
f 3136/1/3136 3132/1/3132 3131/1/3131 
f 3131/1/3131 3133/1/3133 3136/1/3136 
f 3133/1/3133 3131/1/3131 3098/1/3098 
f 3098/1/3098 3102/1/3102 3133/1/3133 
f 3102/1/3102 3101/1/3101 3134/1/3134 
f 3134/1/3134 3133/1/3133 3102/1/3102 
f 3137/1/3137 3138/1/3138 3117/1/3117 
f 3117/1/3117 3122/1/3122 3137/1/3137 
f 3139/1/3139 3137/1/3137 3122/1/3122 
f 3122/1/3122 3124/1/3124 3139/1/3139 
f 3137/1/3137 3139/1/3139 3140/1/3140 
f 3140/1/3140 3141/1/3141 3137/1/3137 
f 3141/1/3141 3142/1/3142 3138/1/3138 
f 3138/1/3138 3137/1/3137 3141/1/3141 
f 3143/1/3143 3144/1/3144 3140/1/3140 
f 3140/1/3140 3139/1/3139 3143/1/3143 
f 3139/1/3139 3124/1/3124 3126/1/3126 
f 3126/1/3126 3143/1/3143 3139/1/3139 
f 3143/1/3143 3126/1/3126 3128/1/3128 
f 3128/1/3128 3145/1/3145 3143/1/3143 
f 3143/1/3143 3145/1/3145 3146/1/3146 
f 3146/1/3146 3144/1/3144 3143/1/3143 
f 3147/1/3147 3148/1/3148 3149/1/3149 
f 3149/1/3149 3150/1/3150 3147/1/3147 
f 3150/1/3150 3135/1/3135 3134/1/3134 
f 3134/1/3134 3147/1/3147 3150/1/3150 
f 3147/1/3147 3134/1/3134 3101/1/3101 
f 3101/1/3101 3103/1/3103 3147/1/3147 
f 3103/1/3103 3106/1/3106 3148/1/3148 
f 3148/1/3148 3147/1/3147 3103/1/3103 
f 3151/1/3151 3152/1/3152 3146/1/3146 
f 3146/1/3146 3145/1/3145 3151/1/3151 
f 3145/1/3145 3128/1/3128 3130/1/3130 
f 3130/1/3130 3151/1/3151 3145/1/3145 
f 3151/1/3151 3130/1/3130 3132/1/3132 
f 3132/1/3132 3153/1/3153 3151/1/3151 
f 3151/1/3151 3153/1/3153 3154/1/3154 
f 3154/1/3154 3152/1/3152 3151/1/3151 
f 3155/1/3155 3156/1/3156 3142/1/3142 
f 3142/1/3142 3141/1/3141 3155/1/3155 
f 3141/1/3141 3140/1/3140 3144/1/3144 
f 3144/1/3144 3155/1/3155 3141/1/3141 
f 3155/1/3155 3144/1/3144 3146/1/3146 
f 3146/1/3146 3152/1/3152 3155/1/3155 
f 3152/1/3152 3154/1/3154 3156/1/3156 
f 3156/1/3156 3155/1/3155 3152/1/3152 
f 3157/1/3157 3158/1/3158 3159/1/3159 
f 3159/1/3159 3160/1/3160 3157/1/3157 
f 3160/1/3160 3142/1/3142 3156/1/3156 
f 3156/1/3156 3157/1/3157 3160/1/3160 
f 3157/1/3157 3156/1/3156 3154/1/3154 
f 3154/1/3154 3161/1/3161 3157/1/3157 
f 3161/1/3161 3162/1/3162 3158/1/3158 
f 3158/1/3158 3157/1/3157 3161/1/3161 
f 3163/1/3163 3153/1/3153 3132/1/3132 
f 3132/1/3132 3136/1/3136 3163/1/3163 
f 3136/1/3136 3135/1/3135 3164/1/3164 
f 3164/1/3164 3163/1/3163 3136/1/3136 
f 3163/1/3163 3164/1/3164 3162/1/3162 
f 3162/1/3162 3161/1/3161 3163/1/3163 
f 3161/1/3161 3154/1/3154 3153/1/3153 
f 3153/1/3153 3163/1/3163 3161/1/3161 
f 3165/1/3165 3166/1/3166 3167/1/3167 
f 3167/1/3167 3168/1/3168 3165/1/3165 
f 3168/1/3168 3110/1/3110 3114/1/3114 
f 3114/1/3114 3165/1/3165 3168/1/3168 
f 3165/1/3165 3114/1/3114 3082/1/3082 
f 3120/1/3120 3119/1/3119 3166/1/3166 
f 3169/1/3169 3119/1/3119 3118/1/3118 
f 3118/1/3118 3170/1/3170 3169/1/3169 
f 3118/1/3118 3117/1/3117 3138/1/3138 
f 3138/1/3138 3170/1/3170 3118/1/3118 
f 3170/1/3170 3138/1/3138 3142/1/3142 
f 3142/1/3142 3160/1/3160 3170/1/3170 
f 3160/1/3160 3159/1/3159 3169/1/3169 
f 3169/1/3169 3170/1/3170 3160/1/3160 
f 3168/1/3168 3167/1/3167 3171/1/3171 
f 3171/1/3171 3149/1/3149 3148/1/3148 
f 3148/1/3148 3106/1/3106 3112/1/3112 
f 3112/1/3112 3110/1/3110 3168/1/3168 
f 3172/1/3172 3173/1/3173 3174/1/3174 
f 3174/1/3174 3175/1/3175 3172/1/3172 
f 3175/1/3175 3149/1/3149 3171/1/3171 
f 3171/1/3171 3172/1/3172 3175/1/3175 
f 3172/1/3172 3171/1/3171 3167/1/3167 
f 3167/1/3167 3176/1/3176 3172/1/3172 
f 3176/1/3176 3159/1/3159 3173/1/3173 
f 3173/1/3173 3172/1/3172 3176/1/3176 
f 3169/1/3169 3159/1/3159 3176/1/3176 
f 3176/1/3176 3167/1/3167 3166/1/3166 
f 3166/1/3166 3177/1/3177 3176/1/3176 
f 3177/1/3177 3166/1/3166 3119/1/3119 
f 3119/1/3119 3169/1/3169 3177/1/3177 
f 3178/1/3178 3158/1/3158 3162/1/3162 
f 3162/1/3162 3179/1/3179 3178/1/3178 
f 3179/1/3179 3174/1/3174 3173/1/3173 
f 3173/1/3173 3178/1/3178 3179/1/3179 
f 3173/1/3173 3159/1/3159 3158/1/3158 
f 3158/1/3158 3178/1/3178 3173/1/3173 
f 3180/1/3180 3164/1/3164 3135/1/3135 
f 3135/1/3135 3150/1/3150 3180/1/3180 
f 3150/1/3150 3149/1/3149 3175/1/3175 
f 3175/1/3175 3180/1/3180 3150/1/3150 
f 3180/1/3180 3175/1/3175 3174/1/3174 
f 3174/1/3174 3179/1/3179 3180/1/3180 
f 3179/1/3179 3162/1/3162 3164/1/3164 
f 3164/1/3164 3180/1/3180 3179/1/3179 
f 3181/1/3181 3182/1/3182 3183/1/3183 
f 3183/1/3183 3184/1/3184 3181/1/3181 
f 3183/1/3183 3185/1/3185 3186/1/3186 
f 3186/1/3186 3184/1/3184 3183/1/3183 
f 3184/1/3184 3186/1/3186 3/1/3 
f 3/1/3 24/1/24 3184/1/3184 
f 3184/1/3184 24/1/24 23/1/23 
f 3187/1/3187 3188/1/3188 3182/1/3182 
f 3182/1/3182 3181/1/3181 3187/1/3187 
f 3181/1/3181 23/1/23 42/1/42 
f 42/1/42 3187/1/3187 3181/1/3181 
f 3187/1/3187 42/1/42 34/1/34 
f 34/1/34 33/1/33 3187/1/3187 
f 33/1/33 32/1/32 3188/1/3188 
f 3188/1/3188 3187/1/3187 33/1/33 
f 3189/1/3189 3190/1/3190 3191/1/3191 
f 3191/1/3191 3192/1/3192 3189/1/3189 
f 3192/1/3192 32/1/32 31/1/31 
f 31/1/31 3189/1/3189 3192/1/3192 
f 3189/1/3189 31/1/31 30/1/30 
f 30/1/30 3193/1/3193 3189/1/3189 
f 3193/1/3193 3194/1/3194 3190/1/3190 
f 3190/1/3190 3189/1/3189 3193/1/3193 
f 3195/1/3195 3196/1/3196 1778/1/1778 
f 1778/1/1778 1777/1/1777 3195/1/3195 
f 1777/1/1777 1780/1/1780 3197/1/3197 
f 3197/1/3197 3195/1/3195 1777/1/1777 
f 3195/1/3195 3197/1/3197 3198/1/3198 
f 3198/1/3198 3199/1/3199 3195/1/3195 
f 3195/1/3195 3199/1/3199 3200/1/3200 
f 3200/1/3200 3196/1/3196 3195/1/3195 
f 3201/1/3201 3198/1/3198 3197/1/3197 
f 3197/1/3197 3202/1/3202 3201/1/3201 
f 3202/1/3202 3197/1/3197 1780/1/1780 
f 1780/1/1780 2255/1/2255 3202/1/3202 
f 2255/1/2255 2254/1/2254 3203/1/3203 
f 3203/1/3203 3202/1/3202 2255/1/2255 
f 3202/1/3202 3203/1/3203 3204/1/3204 
f 3204/1/3204 3201/1/3201 3202/1/3202 
f 3205/1/3205 3206/1/3206 3207/1/3207 
f 3207/1/3207 3208/1/3208 3205/1/3205 
f 3208/1/3208 3200/1/3200 3199/1/3199 
f 3199/1/3199 3205/1/3205 3208/1/3208 
f 3205/1/3205 3199/1/3199 3198/1/3198 
f 3198/1/3198 3209/1/3209 3205/1/3205 
f 3209/1/3209 3210/1/3210 3206/1/3206 
f 3206/1/3206 3205/1/3205 3209/1/3209 
f 3211/1/3211 3203/1/3203 2254/1/2254 
f 2254/1/2254 2253/1/2253 3211/1/3211 
f 3211/1/3211 2253/1/2253 1785/1/1785 
f 1785/1/1785 1784/1/1784 3211/1/3211 
f 3211/1/3211 1784/1/1784 1783/1/1783 
f 1783/1/1783 3212/1/3212 3211/1/3211 
f 3212/1/3212 3204/1/3204 3203/1/3203 
f 3203/1/3203 3211/1/3211 3212/1/3212 
f 3213/1/3213 3214/1/3214 3215/1/3215 
f 3215/1/3215 3216/1/3216 3213/1/3213 
f 3215/1/3215 1783/1/1783 1782/1/1782 
f 1782/1/1782 3216/1/3216 3215/1/3215 
f 3216/1/3216 1782/1/1782 46/1/46 
f 46/1/46 3217/1/3217 3216/1/3216 
f 3217/1/3217 3218/1/3218 3213/1/3213 
f 3213/1/3213 3216/1/3216 3217/1/3217 
f 3219/1/3219 3220/1/3220 3214/1/3214 
f 3214/1/3214 3213/1/3213 3219/1/3219 
f 3219/1/3219 3213/1/3213 3218/1/3218 
f 3218/1/3218 3221/1/3221 3219/1/3219 
f 3222/1/3222 3223/1/3223 3218/1/3218 
f 3218/1/3218 3217/1/3217 3222/1/3222 
f 3217/1/3217 46/1/46 45/1/45 
f 45/1/45 3222/1/3222 3217/1/3217 
f 3222/1/3222 45/1/45 52/1/52 
f 52/1/52 3224/1/3224 3222/1/3222 
f 3224/1/3224 3225/1/3225 3223/1/3223 
f 3221/1/3221 3218/1/3218 3223/1/3223 
f 3223/1/3223 3226/1/3226 3221/1/3221 
f 3226/1/3226 3223/1/3223 3225/1/3225 
f 3227/1/3227 3228/1/3228 3225/1/3225 
f 3225/1/3225 3224/1/3224 3227/1/3227 
f 3224/1/3224 52/1/52 2241/1/2241 
f 2241/1/2241 3227/1/3227 3224/1/3224 
f 3227/1/3227 2241/1/2241 2244/1/2244 
f 2244/1/2244 3229/1/3229 3227/1/3227 
f 3229/1/3229 3230/1/3230 3228/1/3228 
f 3228/1/3228 3227/1/3227 3229/1/3229 
f 3231/1/3231 3225/1/3225 3228/1/3228 
f 3228/1/3228 3232/1/3232 3231/1/3231 
f 3233/1/3233 3234/1/3234 3230/1/3230 
f 3230/1/3230 3229/1/3229 3233/1/3233 
f 3229/1/3229 2244/1/2244 2250/1/2250 
f 2250/1/2250 3233/1/3233 3229/1/3229 
f 3233/1/3233 2250/1/2250 2249/1/2249 
f 2249/1/2249 3235/1/3235 3233/1/3233 
f 3236/1/3236 3237/1/3237 2249/1/2249 
f 2249/1/2249 2248/1/2248 3236/1/3236 
f 2248/1/2248 1772/1/1772 1771/1/1771 
f 1771/1/1771 3236/1/3236 2248/1/2248 
f 3236/1/3236 1771/1/1771 1770/1/1770 
f 1770/1/1770 3238/1/3238 3236/1/3236 
f 3236/1/3236 3238/1/3238 3239/1/3239 
f 3239/1/3239 3237/1/3237 3236/1/3236 
f 3235/1/3235 2249/1/2249 3237/1/3237 
f 3237/1/3237 3240/1/3240 3235/1/3235 
f 3237/1/3237 3239/1/3239 3241/1/3241 
f 3241/1/3241 3240/1/3240 3237/1/3237 
f 3242/1/3242 3239/1/3239 3238/1/3238 
f 3238/1/3238 3243/1/3243 3242/1/3242 
f 3243/1/3243 3238/1/3238 1770/1/1770 
f 1770/1/1770 2574/1/2574 3243/1/3243 
f 2574/1/2574 2573/1/2573 3244/1/3244 
f 3244/1/3244 3243/1/3243 2574/1/2574 
f 3243/1/3243 3244/1/3244 3245/1/3245 
f 3245/1/3245 3242/1/3242 3243/1/3243 
f 3246/1/3246 3241/1/3241 3239/1/3239 
f 3239/1/3239 3242/1/3242 3246/1/3246 
f 3242/1/3242 3245/1/3245 3247/1/3247 
f 3247/1/3247 3246/1/3246 3242/1/3242 
f 3248/1/3248 3249/1/3249 3250/1/3250 
f 3250/1/3250 3251/1/3251 3248/1/3248 
f 3251/1/3251 3250/1/3250 55/1/55 
f 55/1/55 54/1/54 3251/1/3251 
f 3251/1/3251 54/1/54 61/1/61 
f 61/1/61 3252/1/3252 3251/1/3251 
f 3252/1/3252 3253/1/3253 3248/1/3248 
f 3248/1/3248 3251/1/3251 3252/1/3252 
f 3254/1/3254 3255/1/3255 3249/1/3249 
f 3249/1/3249 3248/1/3248 3254/1/3254 
f 3248/1/3248 3253/1/3253 3256/1/3256 
f 3256/1/3256 3254/1/3254 3248/1/3248 
f 3257/1/3257 3258/1/3258 3253/1/3253 
f 3253/1/3253 3252/1/3252 3257/1/3257 
f 3252/1/3252 61/1/61 79/1/79 
f 79/1/79 3257/1/3257 3252/1/3252 
f 3257/1/3257 79/1/79 78/1/78 
f 78/1/78 3259/1/3259 3257/1/3257 
f 3259/1/3259 3260/1/3260 3258/1/3258 
f 3258/1/3258 3257/1/3257 3259/1/3259 
f 3261/1/3261 3256/1/3256 3253/1/3253 
f 3253/1/3253 3258/1/3258 3261/1/3261 
f 3262/1/3262 3263/1/3263 3264/1/3264 
f 3264/1/3264 3265/1/3265 3262/1/3262 
f 3265/1/3265 690/1/690 697/1/697 
f 3262/1/3262 697/1/697 696/1/696 
f 696/1/696 2445/1/2445 3262/1/3262 
f 3262/1/3262 2445/1/2445 2449/1/2449 
f 2449/1/2449 3263/1/3263 3262/1/3262 
f 3266/1/3266 3265/1/3265 3264/1/3264 
f 3264/1/3264 3267/1/3267 3266/1/3266 
f 3259/1/3259 3266/1/3266 3267/1/3267 
f 3267/1/3267 3260/1/3260 3259/1/3259 
f 3259/1/3259 78/1/78 691/1/691 
f 691/1/691 3266/1/3266 3259/1/3259 
f 3266/1/3266 691/1/691 690/1/690 
f 690/1/690 3265/1/3265 3266/1/3266 
f 3268/1/3268 3269/1/3269 3270/1/3270 
f 3270/1/3270 3271/1/3271 3268/1/3268 
f 3268/1/3268 2566/1/2566 2565/1/2565 
f 2565/1/2565 3269/1/3269 3268/1/3268 
f 3269/1/3269 2565/1/2565 2545/1/2545 
f 2545/1/2545 2544/1/2544 3269/1/3269 
f 2544/1/2544 2551/1/2551 3270/1/3270 
f 3270/1/3270 3269/1/3269 2544/1/2544 
f 3272/1/3272 3273/1/3273 3194/1/3194 
f 3194/1/3194 3193/1/3193 3272/1/3272 
f 3193/1/3193 30/1/30 2563/1/2563 
f 2563/1/2563 3272/1/3272 3193/1/3193 
f 3272/1/3272 2563/1/2563 2566/1/2566 
f 2566/1/2566 3274/1/3274 3272/1/3272 
f 3274/1/3274 3275/1/3275 3273/1/3273 
f 3273/1/3273 3272/1/3272 3274/1/3274 
f 2560/1/2560 3276/1/3276 3270/1/3270 
f 3270/1/3270 2551/1/2551 2560/1/2560 
f 2560/1/2560 1778/1/1778 3196/1/3196 
f 3196/1/3196 3276/1/3276 2560/1/2560 
f 3277/1/3277 3276/1/3276 3196/1/3196 
f 3196/1/3196 3200/1/3200 3277/1/3277 
f 3276/1/3276 3277/1/3277 3271/1/3271 
f 3271/1/3271 3270/1/3270 3276/1/3276 
f 3278/1/3278 3271/1/3271 3277/1/3277 
f 3277/1/3277 3279/1/3279 3278/1/3278 
f 3279/1/3279 3277/1/3277 3200/1/3200 
f 3200/1/3200 3208/1/3208 3279/1/3279 
f 3208/1/3208 3207/1/3207 3280/1/3280 
f 3280/1/3280 3279/1/3279 3208/1/3208 
f 3279/1/3279 3280/1/3280 3281/1/3281 
f 3281/1/3281 3278/1/3278 3279/1/3279 
f 3278/1/3278 3281/1/3281 3282/1/3282 
f 3282/1/3282 3283/1/3283 3278/1/3278 
f 3283/1/3283 3282/1/3282 3275/1/3275 
f 3275/1/3275 3274/1/3274 3283/1/3283 
f 3274/1/3274 2566/1/2566 3268/1/3268 
f 3268/1/3268 3283/1/3283 3274/1/3274 
f 3283/1/3283 3268/1/3268 3271/1/3271 
f 3271/1/3271 3278/1/3278 3283/1/3283 
f 3284/1/3284 3285/1/3285 3286/1/3286 
f 3286/1/3286 3287/1/3287 3284/1/3284 
f 3287/1/3287 3245/1/3245 3244/1/3244 
f 3244/1/3244 3284/1/3284 3287/1/3287 
f 3284/1/3284 3244/1/3244 2573/1/2573 
f 2573/1/2573 2580/1/2580 3284/1/3284 
f 2580/1/2580 2579/1/2579 3285/1/3285 
f 3285/1/3285 3284/1/3284 2580/1/2580 
f 3288/1/3288 3247/1/3247 3245/1/3245 
f 3245/1/3245 3287/1/3287 3288/1/3288 
f 3287/1/3287 3286/1/3286 3289/1/3289 
f 3289/1/3289 3288/1/3288 3287/1/3287 
f 3290/1/3290 3291/1/3291 3292/1/3292 
f 3292/1/3292 3293/1/3293 3290/1/3290 
f 3293/1/3293 3286/1/3286 3285/1/3285 
f 3285/1/3285 3290/1/3290 3293/1/3293 
f 3290/1/3290 3285/1/3285 2579/1/2579 
f 2579/1/2579 2585/1/2585 3290/1/3290 
f 2585/1/2585 2539/1/2539 3291/1/3291 
f 3291/1/3291 3290/1/3290 2585/1/2585 
f 3294/1/3294 3289/1/3289 3286/1/3286 
f 3286/1/3286 3293/1/3293 3294/1/3294 
f 3293/1/3293 3292/1/3292 3295/1/3295 
f 3295/1/3295 3294/1/3294 3293/1/3293 
f 3296/1/3296 3291/1/3291 2539/1/2539 
f 2539/1/2539 2538/1/2538 3296/1/3296 
f 2538/1/2538 55/1/55 3250/1/3250 
f 3250/1/3250 3296/1/3296 2538/1/2538 
f 3296/1/3296 3250/1/3250 3249/1/3249 
f 3249/1/3249 3297/1/3297 3296/1/3296 
f 3297/1/3297 3292/1/3292 3291/1/3291 
f 3291/1/3291 3296/1/3296 3297/1/3297 
f 3298/1/3298 3295/1/3295 3292/1/3292 
f 3292/1/3292 3297/1/3297 3298/1/3298 
f 3297/1/3297 3249/1/3249 3255/1/3255 
f 3255/1/3255 3298/1/3298 3297/1/3297 
f 3299/1/3299 3182/1/3182 3188/1/3188 
f 3188/1/3188 3300/1/3300 3299/1/3299 
f 3300/1/3300 3188/1/3188 32/1/32 
f 32/1/32 3192/1/3192 3300/1/3300 
f 3192/1/3192 3191/1/3191 3301/1/3301 
f 3301/1/3301 3300/1/3300 3192/1/3192 
f 3300/1/3300 3301/1/3301 3302/1/3302 
f 3302/1/3302 3299/1/3299 3300/1/3300 
f 3303/1/3303 3304/1/3304 3305/1/3305 
f 3305/1/3305 3306/1/3306 3303/1/3303 
f 3303/1/3303 3306/1/3306 2440/1/2440 
f 2443/1/2443 5/1/5 3307/1/3307 
f 3307/1/3307 3303/1/3303 2443/1/2443 
f 3307/1/3307 3308/1/3308 3304/1/3304 
f 3304/1/3304 3303/1/3303 3307/1/3307 
f 3309/1/3309 3310/1/3310 3185/1/3185 
f 3309/1/3309 3183/1/3183 3182/1/3182 
f 3182/1/3182 3299/1/3299 3309/1/3309 
f 3311/1/3311 3307/1/3307 5/1/5 
f 5/1/5 4/1/4 3311/1/3311 
f 4/1/4 3/1/3 3186/1/3186 
f 3311/1/3311 3186/1/3186 3185/1/3185 
f 3311/1/3311 3312/1/3312 3308/1/3308 
f 3308/1/3308 3307/1/3307 3311/1/3311 
f 3313/1/3313 3312/1/3312 3185/1/3185 
f 3185/1/3185 3310/1/3310 3313/1/3313 
f 3314/1/3314 3315/1/3315 3204/1/3204 
f 3204/1/3204 3212/1/3212 3314/1/3314 
f 3212/1/3212 1783/1/1783 3215/1/3215 
f 3215/1/3215 3314/1/3314 3212/1/3212 
f 3314/1/3314 3215/1/3215 3214/1/3214 
f 3214/1/3214 3316/1/3316 3314/1/3314 
f 3316/1/3316 3317/1/3317 3315/1/3315 
f 3315/1/3315 3314/1/3314 3316/1/3316 
f 3318/1/3318 3319/1/3319 3317/1/3317 
f 3317/1/3317 3316/1/3316 3318/1/3318 
f 3316/1/3316 3214/1/3214 3220/1/3220 
f 3220/1/3220 3318/1/3318 3316/1/3316 
f 3320/1/3320 3315/1/3315 3317/1/3317 
f 3317/1/3317 3321/1/3321 3320/1/3320 
f 3320/1/3320 3321/1/3321 3210/1/3210 
f 3210/1/3210 3209/1/3209 3320/1/3320 
f 3320/1/3320 3209/1/3209 3198/1/3198 
f 3198/1/3198 3201/1/3201 3320/1/3320 
f 3201/1/3201 3204/1/3204 3315/1/3315 
f 3315/1/3315 3320/1/3320 3201/1/3201 
f 3322/1/3322 3323/1/3323 2448/1/2448 
f 2448/1/2448 2446/1/2446 3322/1/3322 
f 2446/1/2446 2440/1/2440 3306/1/3306 
f 3322/1/3322 3306/1/3306 3305/1/3305 
f 3324/1/3324 3325/1/3325 3323/1/3323 
f 3323/1/3323 3322/1/3322 3324/1/3324 
f 21/1/21 17/1/17 16/1/16 
f 50/1/50 51/1/51 44/1/44 
f 96/1/96 95/1/95 99/1/99 
f 100/1/100 99/1/99 105/1/105 
f 110/1/110 109/1/109 17/1/17 
f 94/1/94 98/1/98 117/1/117 
f 118/1/118 117/1/117 98/1/98 
f 136/1/136 137/1/137 134/1/134 
f 142/1/142 143/1/143 140/1/140 
f 151/1/151 152/1/152 149/1/149 
f 148/1/148 149/1/149 152/1/152 
f 228/1/228 229/1/229 226/1/226 
f 231/1/231 226/1/226 229/1/229 
f 226/1/226 233/1/233 234/1/234 
f 199/1/199 282/1/282 285/1/285 
f 198/1/198 286/1/286 282/1/282 
f 311/1/311 312/1/312 309/1/309 
f 233/1/233 329/1/329 331/1/331 
f 284/1/284 283/1/283 341/1/341 
f 361/1/361 383/1/383 381/1/381 
f 385/1/385 387/1/387 386/1/386 
f 400/1/400 399/1/399 398/1/398 
f 397/1/397 419/1/419 423/1/423 
f 436/1/436 437/1/437 434/1/434 
f 442/1/442 446/1/446 447/1/447 
f 462/1/462 463/1/463 460/1/460 
f 465/1/465 439/1/439 438/1/438 
f 494/1/494 495/1/495 491/1/491 
f 507/1/507 503/1/503 506/1/506 
f 500/1/500 508/1/508 503/1/503 
f 504/1/504 503/1/503 508/1/508 
f 501/1/501 523/1/523 522/1/522 
f 496/1/496 495/1/495 523/1/523 
f 522/1/522 523/1/523 495/1/495 
f 530/1/530 531/1/531 528/1/528 
f 529/1/529 528/1/528 534/1/534 
f 535/1/535 534/1/534 536/1/536 
f 537/1/537 536/1/536 463/1/463 
f 466/1/466 539/1/539 537/1/537 
f 538/1/538 539/1/539 540/1/540 
f 498/1/498 542/1/542 437/1/437 
f 541/1/541 543/1/543 544/1/544 
f 558/1/558 559/1/559 556/1/556 
f 560/1/560 561/1/561 556/1/556 
f 571/1/571 566/1/566 569/1/569 
f 572/1/572 573/1/573 566/1/566 
f 579/1/579 578/1/578 577/1/577 
f 587/1/587 586/1/586 529/1/529 
f 594/1/594 595/1/595 592/1/592 
f 594/1/594 593/1/593 600/1/600 
f 562/1/562 561/1/561 602/1/602 
f 603/1/603 602/1/602 561/1/561 
f 605/1/605 602/1/602 603/1/603 
f 624/1/624 620/1/620 623/1/623 
f 613/1/613 612/1/612 628/1/628 
f 585/1/585 623/1/623 628/1/628 
f 629/1/629 635/1/635 618/1/618 
f 634/1/634 640/1/640 641/1/641 
f 615/1/615 641/1/641 640/1/640 
f 637/1/637 636/1/636 643/1/643 
f 621/1/621 643/1/643 636/1/636 
f 627/1/627 631/1/631 643/1/643 
f 642/1/642 643/1/643 631/1/631 
f 668/1/668 667/1/667 201/1/201 
f 669/1/669 666/1/666 667/1/667 
f 284/1/284 342/1/342 674/1/674 
f 676/1/676 679/1/679 678/1/678 
f 668/1/668 678/1/678 679/1/679 
f 200/1/200 285/1/285 678/1/678 
f 677/1/677 678/1/678 285/1/285 
f 687/1/687 701/1/701 702/1/702 
f 766/1/766 772/1/772 771/1/771 
f 490/1/490 812/1/812 493/1/493 
f 487/1/487 813/1/813 812/1/812 
f 487/1/487 486/1/486 820/1/820 
f 825/1/825 826/1/826 823/1/823 
f 827/1/827 823/1/823 826/1/826 
f 828/1/828 829/1/829 823/1/823 
f 824/1/824 823/1/823 829/1/829 
f 832/1/832 831/1/831 835/1/835 
f 869/1/869 870/1/870 867/1/867 
f 866/1/866 871/1/871 867/1/867 
f 795/1/795 895/1/895 894/1/894 
f 897/1/897 901/1/901 900/1/900 
f 893/1/893 892/1/892 900/1/900 
f 876/1/876 878/1/878 903/1/903 
f 904/1/904 903/1/903 905/1/905 
f 872/1/872 871/1/871 907/1/907 
f 874/1/874 907/1/907 871/1/871 
f 908/1/908 907/1/907 904/1/904 
f 910/1/910 909/1/909 908/1/908 
f 913/1/913 916/1/916 911/1/911 
f 915/1/915 916/1/916 913/1/913 
f 906/1/906 911/1/911 916/1/916 
f 920/1/920 921/1/921 917/1/917 
f 905/1/905 926/1/926 919/1/919 
f 940/1/940 946/1/946 945/1/945 
f 433/1/433 950/1/950 949/1/949 
f 947/1/947 946/1/946 949/1/949 
f 951/1/951 950/1/950 433/1/433 
f 372/1/372 952/1/952 956/1/956 
f 971/1/971 970/1/970 913/1/913 
f 982/1/982 983/1/983 981/1/981 
f 912/1/912 918/1/918 983/1/983 
f 978/1/978 988/1/988 569/1/569 
f 558/1/558 565/1/565 989/1/989 
f 979/1/979 989/1/989 985/1/985 
f 1005/1/1005 1004/1/1004 1006/1/1006 
f 1007/1/1007 1009/1/1009 1008/1/1008 
f 963/1/963 1008/1/1008 1009/1/1009 
f 962/1/962 976/1/976 1008/1/1008 
f 1005/1/1005 1008/1/1008 976/1/976 
f 1012/1/1012 1010/1/1010 1006/1/1006 
f 230/1/230 229/1/229 1067/1/1067 
f 1069/1/1069 1067/1/1067 229/1/229 
f 1068/1/1068 1067/1/1067 1071/1/1071 
f 1097/1/1097 1098/1/1098 1099/1/1099 
f 1108/1/1108 1103/1/1103 1106/1/1106 
f 1109/1/1109 1110/1/1110 1103/1/1103 
f 1104/1/1104 1103/1/1103 1110/1/1110 
f 1139/1/1139 1140/1/1140 1136/1/1136 
f 1144/1/1144 1147/1/1147 1142/1/1142 
f 1148/1/1148 1149/1/1149 1147/1/1147 
f 1141/1/1141 1140/1/1140 1151/1/1151 
f 1154/1/1154 1155/1/1155 1151/1/1151 
f 1156/1/1156 1155/1/1155 1157/1/1157 
f 1159/1/1159 1157/1/1157 1155/1/1155 
f 1150/1/1150 1158/1/1158 1157/1/1157 
f 1162/1/1162 1165/1/1165 1164/1/1164 
f 1163/1/1163 1164/1/1164 1166/1/1166 
f 1152/1/1152 1166/1/1166 1164/1/1164 
f 1167/1/1167 1166/1/1166 1152/1/1152 
f 1156/1/1156 1158/1/1158 1170/1/1170 
f 1171/1/1171 1170/1/1170 1158/1/1158 
f 1167/1/1167 1170/1/1170 1173/1/1173 
f 598/1/598 1180/1/1180 589/1/589 
f 1196/1/1196 1195/1/1195 1194/1/1194 
f 1196/1/1196 1197/1/1197 632/1/632 
f 1182/1/1182 1197/1/1197 1196/1/1196 
f 1168/1/1168 1173/1/1173 1198/1/1198 
f 1211/1/1211 1209/1/1209 1205/1/1205 
f 1252/1/1252 1251/1/1251 1253/1/1253 
f 1255/1/1255 1244/1/1244 1243/1/1243 
f 1256/1/1256 1255/1/1255 1257/1/1257 
f 1261/1/1261 1262/1/1262 1259/1/1259 
f 1256/1/1256 1259/1/1259 1262/1/1262 
f 1258/1/1258 1263/1/1263 1259/1/1259 
f 1272/1/1272 1274/1/1274 1270/1/1270 
f 1254/1/1254 1272/1/1272 1271/1/1271 
f 1273/1/1273 1272/1/1272 1254/1/1254 
f 1274/1/1274 1272/1/1272 1273/1/1273 
f 859/1/859 1275/1/1275 1099/1/1099 
f 1273/1/1273 1275/1/1275 1276/1/1276 
f 1268/1/1268 1281/1/1281 1280/1/1280 
f 1248/1/1248 1280/1/1280 1281/1/1281 
f 1261/1/1261 1279/1/1279 1288/1/1288 
f 1289/1/1289 1292/1/1292 1262/1/1262 
f 1297/1/1297 1296/1/1296 1291/1/1291 
f 1313/1/1313 1310/1/1310 1311/1/1311 
f 1308/1/1308 1317/1/1317 1316/1/1316 
f 1313/1/1313 1328/1/1328 1326/1/1326 
f 1312/1/1312 1330/1/1330 1328/1/1328 
f 1350/1/1350 1349/1/1349 1357/1/1357 
f 1365/1/1365 1364/1/1364 1370/1/1370 
f 1373/1/1373 1384/1/1384 1387/1/1387 
f 1385/1/1385 1384/1/1384 1388/1/1388 
f 1150/1/1150 1149/1/1149 1402/1/1402 
f 1148/1/1148 1383/1/1383 1407/1/1407 
f 1172/1/1172 1405/1/1405 1411/1/1411 
f 1413/1/1413 1414/1/1414 1411/1/1411 
f 1417/1/1417 1418/1/1418 1415/1/1415 
f 591/1/591 1421/1/1421 1420/1/1420 
f 1422/1/1422 1421/1/1421 591/1/591 
f 1413/1/1413 1419/1/1419 1421/1/1421 
f 1423/1/1423 1424/1/1424 1418/1/1418 
f 1401/1/1401 1419/1/1419 1424/1/1424 
f 590/1/590 1181/1/1181 1425/1/1425 
f 1192/1/1192 1414/1/1414 1425/1/1425 
f 1395/1/1395 1423/1/1423 1426/1/1426 
f 1406/1/1406 1428/1/1428 1416/1/1416 
f 1382/1/1382 1391/1/1391 1428/1/1428 
f 1427/1/1427 1428/1/1428 1391/1/1391 
f 1398/1/1398 1429/1/1429 1432/1/1432 
f 1369/1/1369 1435/1/1435 1434/1/1434 
f 1436/1/1436 1441/1/1441 1437/1/1437 
f 1443/1/1443 1367/1/1367 1368/1/1368 
f 1481/1/1481 1482/1/1482 1478/1/1478 
f 1479/1/1479 1478/1/1478 1482/1/1482 
f 1483/1/1483 1487/1/1487 1486/1/1486 
f 1489/1/1489 1486/1/1486 1487/1/1487 
f 1501/1/1501 1500/1/1500 1505/1/1505 
f 1399/1/1399 1432/1/1432 1506/1/1506 
f 1495/1/1495 1506/1/1506 1432/1/1432 
f 1519/1/1519 1520/1/1520 1517/1/1517 
f 1516/1/1516 1515/1/1515 1539/1/1539 
f 1540/1/1540 1539/1/1539 1532/1/1532 
f 1578/1/1578 1579/1/1579 1577/1/1577 
f 828/1/828 1580/1/1580 1579/1/1579 
f 828/1/828 827/1/827 1582/1/1582 
f 1580/1/1580 1582/1/1582 1583/1/1583 
f 1576/1/1576 1586/1/1586 1584/1/1584 
f 531/1/531 1584/1/1584 1586/1/1586 
f 530/1/530 1420/1/1420 1584/1/1584 
f 1585/1/1585 1584/1/1584 1420/1/1420 
f 1400/1/1400 1587/1/1587 1585/1/1585 
f 1589/1/1589 1588/1/1588 520/1/520 
f 1591/1/1591 1588/1/1588 1589/1/1589 
f 1566/1/1566 1565/1/1565 1592/1/1592 
f 1593/1/1593 1592/1/1592 1565/1/1565 
f 1575/1/1575 1592/1/1592 1595/1/1595 
f 505/1/505 504/1/504 1599/1/1599 
f 1581/1/1581 1591/1/1591 1601/1/1601 
f 1600/1/1600 1603/1/1603 1595/1/1595 
f 1606/1/1606 1605/1/1605 1578/1/1578 
f 836/1/836 835/1/835 1605/1/1605 
f 843/1/843 1613/1/1613 1612/1/1612 
f 1609/1/1609 1612/1/1612 1613/1/1613 
f 1617/1/1617 1618/1/1618 1616/1/1616 
f 1614/1/1614 1620/1/1620 1619/1/1619 
f 1607/1/1607 1621/1/1621 1619/1/1619 
f 1624/1/1624 1625/1/1625 1622/1/1622 
f 1481/1/1481 1611/1/1611 1625/1/1625 
f 1622/1/1622 1625/1/1625 1611/1/1611 
f 1687/1/1687 1691/1/1691 1690/1/1690 
f 1695/1/1695 1696/1/1696 1693/1/1693 
f 1718/1/1718 1717/1/1717 1719/1/1719 
f 1720/1/1720 1719/1/1719 1721/1/1721 
f 1730/1/1730 1729/1/1729 1235/1/1235 
f 1732/1/1732 1729/1/1729 1730/1/1730 
f 1528/1/1528 1740/1/1740 1739/1/1739 
f 1734/1/1734 1733/1/1733 1739/1/1739 
f 1745/1/1745 1746/1/1746 1743/1/1743 
f 1731/1/1731 1756/1/1756 1755/1/1755 
f 1792/1/1792 1795/1/1795 1796/1/1796 
f 147/1/147 1798/1/1798 1796/1/1796 
f 48/1/48 1787/1/1787 1800/1/1800 
f 49/1/49 1800/1/1800 1801/1/1801 
f 1812/1/1812 1811/1/1811 1814/1/1814 
f 1815/1/1815 1814/1/1814 1825/1/1825 
f 1069/1/1069 1825/1/1825 1814/1/1814 
f 1831/1/1831 1832/1/1832 1829/1/1829 
f 1828/1/1828 1827/1/1827 1833/1/1833 
f 1120/1/1120 1839/1/1839 1842/1/1842 
f 1875/1/1875 1877/1/1877 1876/1/1876 
f 1740/1/1740 1876/1/1876 1877/1/1877 
f 1925/1/1925 1926/1/1926 1923/1/1923 
f 1928/1/1928 1923/1/1923 1926/1/1926 
f 1756/1/1756 1932/1/1932 1933/1/1933 
f 1924/1/1924 1932/1/1932 1934/1/1934 
f 1940/1/1940 1938/1/1938 1131/1/1131 
f 1698/1/1698 1941/1/1941 1940/1/1940 
f 1943/1/1943 1948/1/1948 1950/1/1950 
f 1928/1/1928 1953/1/1953 1951/1/1951 
f 1953/1/1953 1928/1/1928 1927/1/1927 
f 1957/1/1957 1958/1/1958 1954/1/1954 
f 1883/1/1883 1966/1/1966 1967/1/1967 
f 1971/1/1971 1972/1/1972 1969/1/1969 
f 1970/1/1970 1969/1/1969 1973/1/1973 
f 2001/1/2001 2002/1/2002 1999/1/1999 
f 1692/1/1692 2003/1/2003 1999/1/1999 
f 2000/1/2000 1999/1/1999 2003/1/2003 
f 2043/1/2043 2044/1/2044 2041/1/2041 
f 2047/1/2047 2046/1/2046 1962/1/1962 
f 1691/1/1691 2072/1/2072 2003/1/2003 
f 1997/1/1997 2069/1/2069 2072/1/2072 
f 1859/1/1859 1862/1/1862 2077/1/2077 
f 1921/1/1921 1949/1/1949 2122/1/2122 
f 2024/1/2024 2122/1/2122 2123/1/2123 
f 2118/1/2118 2124/1/2124 2125/1/2125 
f 1119/1/1119 2139/1/2139 2135/1/2135 
f 2136/1/2136 2135/1/2135 2139/1/2139 
f 2140/1/2140 2139/1/2139 2141/1/2141 
f 2136/1/2136 2148/1/2148 2149/1/2149 
f 1356/1/1356 2154/1/2154 2150/1/2150 
f 2151/1/2151 2150/1/2150 2154/1/2154 
f 2154/1/2154 2156/1/2156 2159/1/2159 
f 2166/1/2166 2165/1/2165 1463/1/1463 
f 1974/1/1974 1973/1/1973 2173/1/2173 
f 2196/1/2196 2195/1/2195 1988/1/1988 
f 2205/1/2205 2204/1/2204 1889/1/1889 
f 2051/1/2051 2212/1/2212 1967/1/1967 
f 2209/1/2209 2212/1/2212 2213/1/2213 
f 1895/1/1895 2218/1/2218 2221/1/2221 
f 1936/1/1936 2223/1/2223 2222/1/2222 
f 2016/1/2016 2223/1/2223 1936/1/1936 
f 2219/1/2219 2224/1/2224 2225/1/2225 
f 2050/1/2050 2049/1/2049 2229/1/2229 
f 1896/1/1896 2221/1/2221 2230/1/2230 
f 1927/1/1927 1926/1/1926 2235/1/2235 
f 2232/1/2232 2235/1/2235 2236/1/2236 
f 2142/1/2142 2237/1/2237 2236/1/2236 
f 50/1/50 1801/1/1801 2245/1/2245 
f 2056/1/2056 2055/1/2055 2245/1/2245 
f 1812/1/1812 2265/1/2265 2125/1/2125 
f 1715/1/1715 2020/1/2020 2268/1/2268 
f 325/1/325 330/1/330 2269/1/2269 
f 2080/1/2080 2269/1/2269 330/1/330 
f 2083/1/2083 2270/1/2270 2269/1/2269 
f 2078/1/2078 2271/1/2271 1860/1/1860 
f 2137/1/2137 2149/1/2149 2272/1/2272 
f 841/1/841 2277/1/2277 2275/1/2275 
f 2276/1/2276 2275/1/2275 2277/1/2277 
f 2292/1/2292 2296/1/2296 2295/1/2295 
f 2295/1/2295 2296/1/2296 832/1/832 
f 1620/1/1620 2297/1/2297 2295/1/2295 
f 2276/1/2276 2297/1/2297 1620/1/1620 
f 1574/1/1574 2307/1/2307 1567/1/1567 
f 1552/1/1552 2309/1/2309 2308/1/2308 
f 2308/1/2308 2309/1/2309 2310/1/2310 
f 2366/1/2366 2369/1/2369 2363/1/2363 
f 2368/1/2368 2367/1/2367 2373/1/2373 
f 2371/1/2371 2377/1/2377 2380/1/2380 
f 1493/1/1493 2435/1/2435 1487/1/1487 
f 1492/1/1492 1624/1/1624 2437/1/2437 
f 1623/1/1623 1643/1/1643 2437/1/2437 
f 2440/1/2440 2441/1/2441 2438/1/2438 
f 2452/1/2452 2453/1/2453 2450/1/2450 
f 150/1/150 2460/1/2460 2463/1/2463 
f 2469/1/2469 2468/1/2468 2470/1/2470 
f 2595/1/2595 2594/1/2594 176/1/176 
f 2599/1/2599 2600/1/2600 2597/1/2597 
f 2663/1/2663 2662/1/2662 2664/1/2664 
f 2665/1/2665 2664/1/2664 2666/1/2666 
f 2670/1/2670 2669/1/2669 2677/1/2677 
f 151/1/151 2463/1/2463 2685/1/2685 
f 2451/1/2451 2687/1/2687 2688/1/2688 
f 2682/1/2682 2681/1/2681 2696/1/2696 
f 2452/1/2452 2688/1/2688 2703/1/2703 
f 2695/1/2695 2703/1/2703 2688/1/2688 
f 2704/1/2704 2710/1/2710 2709/1/2709 
f 2694/1/2694 2711/1/2711 2710/1/2710 
f 2708/1/2708 2712/1/2712 1864/1/1864 
f 1333/1/1333 2728/1/2728 2731/1/2731 
f 2742/1/2742 2741/1/2741 1471/1/1471 
f 1880/1/1880 1888/1/1888 2743/1/2743 
f 2515/1/2515 2761/1/2761 2764/1/2764 
f 2759/1/2759 2773/1/2773 2772/1/2772 
f 2762/1/2762 2772/1/2772 2773/1/2773 
f 1135/1/1135 2785/1/2785 2784/1/2784 
f 2797/1/2797 2796/1/2796 2790/1/2790 
f 2471/1/2471 2821/1/2821 2822/1/2822 
f 2840/1/2840 2847/1/2847 2846/1/2846 
f 1243/1/1243 1242/1/1242 2848/1/2848 
f 1267/1/1267 2848/1/2848 2851/1/2851 
f 2516/1/2516 2764/1/2764 2852/1/2852 
f 2803/1/2803 2857/1/2857 2858/1/2858 
f 1249/1/1249 1281/1/1281 2857/1/2857 
f 2804/1/2804 2858/1/2858 2859/1/2859 
f 1489/1/1489 2914/1/2914 1469/1/1469 
f 2915/1/2915 2924/1/2924 2742/1/2742 
f 2725/1/2725 2933/1/2933 2489/1/2489 
f 2724/1/2724 2925/1/2925 2933/1/2933 
f 2939/1/2939 2944/1/2944 2940/1/2940 
f 1553/1/1553 2308/1/2308 2948/1/2948 
f 2424/1/2424 2954/1/2954 2955/1/2955 
f 2953/1/2953 2969/1/2969 1554/1/1554 
f 2952/1/2952 2970/1/2970 2969/1/2969 
f 2966/1/2966 2969/1/2969 2970/1/2970 
f 2973/1/2973 2972/1/2972 2505/1/2505 
f 2986/1/2986 2985/1/2985 2937/1/2937 
f 3032/1/3032 3033/1/3033 2606/1/2606 
f 2484/1/2484 3034/1/3034 3037/1/3037 
f 3036/1/3036 3045/1/3045 3047/1/3047 
f 1448/1/1448 3061/1/3061 2908/1/2908 
f 1445/1/1445 3057/1/3057 3061/1/3061 
f 1366/1/1366 2893/1/2893 3063/1/3063 
f 3080/1/3080 3079/1/3079 3081/1/3081 
f 3114/1/3114 3113/1/3113 3080/1/3080 
f 3110/1/3110 3109/1/3109 3113/1/3113 
f 2370/1/2370 3113/1/3113 3109/1/3109 
f 3086/1/3086 3115/1/3115 3120/1/3120 
f 3082/1/3082 3120/1/3120 3165/1/3165 
f 3166/1/3166 3165/1/3165 3120/1/3120 
f 3171/1/3171 3326/1/3326 3168/1/3168 
f 3148/1/3148 3326/1/3326 3171/1/3171 
f 3112/1/3112 3326/1/3326 3148/1/3148 
f 3168/1/3168 3326/1/3326 3112/1/3112 
f 3176/1/3176 3177/1/3177 3169/1/3169 
f 23/1/23 3181/1/3181 3184/1/3184 
f 3223/1/3223 3222/1/3222 3224/1/3224 
f 3225/1/3225 3231/1/3231 3226/1/3226 
f 697/1/697 3262/1/3262 3265/1/3265 
f 2440/1/2440 2443/1/2443 3303/1/3303 
f 3185/1/3185 3183/1/3183 3309/1/3309 
f 3186/1/3186 3311/1/3311 4/1/4 
f 3185/1/3185 3312/1/3312 3311/1/3311 
f 3306/1/3306 3322/1/3322 2446/1/2446 
f 3305/1/3305 3324/1/3324 3322/1/3322 
# 6576 faces

