# 3ds Max Wavefront OBJ Exporter v0.99 - (c)2007 guruware
# File Created: 27.10.2024 19:19:07

mtllib AlaIzquierda.mtl

#
# object AlaIzquierda
#

v  -1.1745 -0.7992 0.6821
v  -1.1443 -0.6021 0.5330
v  -1.1053 -0.6702 0.4572
v  -1.1228 -0.8631 0.6160
v  -1.1339 -1.0529 0.7568
v  -1.1940 -0.9896 0.8249
v  -1.2468 -0.9353 0.8779
v  -1.2207 -0.7439 0.7326
v  -1.1941 -0.5532 0.5782
v  -1.1992 -1.1651 0.9382
v  -1.1980 -1.3111 1.0221
v  -1.2685 -1.2617 1.1070
v  -1.2610 -1.1135 1.0058
v  -1.1341 -1.2219 0.8542
v  -1.1280 -1.3613 0.9211
v  -1.0206 -1.2764 0.7781
v  -1.0274 -1.1240 0.6788
v  -0.8048 -1.1076 0.6981
v  -0.7943 -1.2665 0.7888
v  -0.7991 -1.4084 0.7974
v  -1.0103 -1.4024 0.8399
v  -0.9884 -0.7220 0.4207
v  -0.7910 -0.6976 0.4570
v  -0.8045 -0.9171 0.5693
v  -1.0116 -0.9287 0.5589
v  -0.0226 -0.8098 0.3255
v  0.0995 -0.8123 0.2438
v  0.1532 -0.9795 0.3510
v  0.0154 -0.9931 0.4307
v  -0.1931 -1.0227 0.5269
v  -0.2153 -0.8249 0.4201
v  -0.2363 -0.6184 0.3062
v  -0.0606 -0.6117 0.2074
v  0.0497 -0.6194 0.1259
v  -0.5033 -0.8534 0.5463
v  -0.5083 -0.6444 0.4236
v  -0.4908 -1.0528 0.6718
v  -0.6487 -0.3838 1.0501
v  -0.5376 -0.4295 0.9445
v  -0.5656 -0.2236 0.8356
v  -0.6688 -0.1753 0.9458
v  -0.7997 -0.1358 1.0144
v  -0.7644 -0.3223 1.1420
v  -0.7314 -0.5130 1.2601
v  -0.6325 -0.5917 1.1504
v  -0.5061 -0.6319 1.0511
v  -0.3091 -0.8300 1.0497
v  -0.2661 -0.9566 1.1429
v  -0.1122 -0.9636 1.0579
v  -0.1548 -0.8337 0.9669
v  -0.1978 -0.6523 0.8715
v  -0.3504 -0.6515 0.9528
v  -0.4728 -0.8127 1.1442
v  -0.4411 -0.9507 1.2276
v  -0.6145 -0.7762 1.2434
v  -0.7026 -0.6836 1.3643
v  -0.6665 -0.7928 1.4709
v  -0.5720 -0.8967 1.3434
v  -0.9423 -0.3023 1.1351
v  -1.0996 -0.3439 1.0432
v  -1.0778 -0.5056 1.1964
v  -0.9069 -0.4816 1.2678
v  -0.9767 -0.1327 0.9982
v  -1.1173 -0.1983 0.8907
v  -1.5541 -2.3060 2.3018
v  -1.6245 -2.2588 2.3189
v  -1.5730 -2.1285 2.1085
v  -1.4881 -2.1799 2.0729
v  -1.3921 -2.2190 2.0514
v  -1.4718 -2.3416 2.2929
v  -1.5648 -2.4958 2.5055
v  -1.6411 -2.4557 2.5109
v  -1.6945 -2.4011 2.5215
v  -0.9985 -1.4932 0.8832
v  -0.7951 -1.4989 0.8193
v  -0.7824 -1.5596 0.8553
v  -0.9801 -1.5632 0.9266
v  -1.1074 -1.5418 1.0117
v  -1.1182 -1.4605 0.9710
v  -0.9579 -1.6289 0.9749
v  -0.7644 -1.6094 0.9035
v  -0.7460 -1.6393 0.9709
v  -0.9354 -1.6757 1.0376
v  -1.0767 -1.6830 1.1079
v  -1.0924 -1.6211 1.0565
v  -1.1996 -1.4946 1.1170
v  -1.1971 -1.4130 1.0777
v  -1.2797 -1.4407 1.2182
v  -1.2749 -1.3633 1.1713
v  -1.2032 -1.5781 1.1554
v  -1.2069 -1.6489 1.1992
v  -1.2997 -1.5873 1.3144
v  -1.2872 -1.5178 1.2635
v  -0.4773 -1.2409 0.7341
v  -0.1621 -1.2065 0.6165
v  -0.1706 -1.3839 0.5843
v  -0.4915 -1.4096 0.6941
v  -0.4988 -1.5145 0.6978
v  -0.1867 -1.5043 0.5758
v  -0.1885 -1.5780 0.6234
v  -0.4924 -1.5744 0.7434
v  -0.4789 -1.6004 0.8073
v  -0.1790 -1.6073 0.6980
v  -0.1669 -1.6082 0.7749
v  -0.4662 -1.6076 0.8785
v  0.0580 -1.1565 0.5121
v  0.2080 -1.1183 0.4246
v  0.2278 -1.2652 0.4219
v  0.0683 -1.3204 0.5044
v  1.8947 -1.2073 -0.0356
v  1.8309 -1.1536 -0.0630
v  1.8862 -1.0599 0.0295
v  1.9502 -1.1144 0.0735
v  1.9774 -1.1640 0.1072
v  1.9210 -1.2562 -0.0006
v  1.7880 -1.3250 -0.0295
v  1.7643 -1.2798 -0.0585
v  1.7522 -1.2193 -0.0722
v  1.9008 -1.3400 0.0928
v  1.8341 -1.3743 0.0526
v  1.8126 -1.3564 0.0085
v  1.9330 -1.2994 0.0394
v  1.9791 -1.2182 0.1408
v  1.9412 -1.2829 0.1757
v  1.7243 -0.9970 0.1001
v  1.7428 -1.0376 0.0180
v  1.5856 -1.0044 0.0128
v  1.5920 -0.9464 0.0573
v  1.5587 -0.9282 0.1248
v  1.6731 -0.9841 0.1735
v  1.7741 -1.0047 0.2177
v  1.8564 -1.0074 0.1326
v  -0.6430 -0.8499 1.5385
v  -0.5433 -0.9630 1.4160
v  -0.6348 -0.8957 1.5900
v  -0.5210 -0.9934 1.4754
v  -0.3871 -1.0456 1.3686
v  -0.4242 -1.0344 1.2945
v  0.8868 -1.1324 0.0985
v  0.8202 -0.9744 -0.0236
v  0.9296 -0.9656 -0.0771
v  1.0133 -1.1198 0.0411
v  1.0768 -1.2832 0.0846
v  0.9216 -1.3102 0.1302
v  0.7888 -1.3197 0.1932
v  0.7677 -1.1410 0.1561
v  0.7124 -0.9799 0.0327
v  0.9493 -1.4309 0.1436
v  1.1142 -1.3973 0.0952
v  1.1488 -1.4662 0.1287
v  0.9828 -1.5004 0.1883
v  0.8380 -1.5231 0.2403
v  0.8082 -1.4507 0.1924
v  0.5689 -1.0413 0.9370
v  0.6224 -1.0846 1.0287
v  0.7825 -1.1045 0.8941
v  0.7267 -1.0597 0.8223
v  0.6597 -1.0595 0.7389
v  0.5113 -1.0438 0.8447
v  0.3965 -1.0325 0.9395
v  0.4375 -1.0393 1.0360
v  0.4732 -1.0949 1.1271
v  0.6430 -1.1919 1.0641
v  0.6228 -1.2932 1.0323
v  0.7855 -1.2672 0.8934
v  0.7965 -1.1877 0.9112
v  0.4936 -1.2043 1.1714
v  0.4813 -1.3159 1.1462
v  0.5561 -1.4304 0.9213
v  0.5950 -1.3667 0.9834
v  0.4545 -1.3938 1.0940
v  0.4216 -1.4600 1.0353
v  0.7250 -1.4004 0.7941
v  0.7590 -1.3332 0.8504
v  -0.5167 -1.0403 1.5275
v  -0.6413 -0.9601 1.6466
v  -0.6571 -1.0352 1.6941
v  -0.5253 -1.0993 1.5685
v  -0.3655 -1.1345 1.4646
v  -0.3680 -1.0810 1.4266
v  -0.5392 -1.1621 1.5975
v  -0.5481 -1.2341 1.6118
v  -0.3864 -1.2586 1.4838
v  -0.3739 -1.1945 1.4839
v  -0.6743 -1.1175 1.7332
v  -0.6806 -1.2051 1.7629
v  -1.4335 -2.0666 1.8369
v  -1.5265 -2.0037 1.8946
v  -1.4588 -1.8792 1.7140
v  -1.3570 -1.9337 1.6410
v  -1.2296 -1.9581 1.5958
v  -1.3185 -2.1042 1.8039
v  -1.2090 -2.1188 1.7900
v  -1.1068 -1.9581 1.5717
v  -0.9205 -1.9714 1.5177
v  -1.0231 -2.1468 1.7430
v  -1.1195 -2.3154 1.9859
v  -1.2969 -2.2509 2.0426
v  -0.6763 -2.2190 1.6175
v  -0.5986 -2.0149 1.3993
v  -0.2658 -2.1123 1.2106
v  -0.3150 -2.3527 1.4108
v  -0.3741 -2.5964 1.6267
v  -0.7586 -2.4260 1.8462
v  0.0092 -2.4578 1.2523
v  0.0370 -2.1829 1.0811
v  0.2685 -2.2421 0.9777
v  0.2658 -2.5321 1.1434
v  0.2414 -2.8287 1.3242
v  -0.0320 -2.7344 1.4467
v  2.1932 -2.8183 0.6051
v  2.3765 -3.2277 0.7659
v  2.3871 -3.2317 0.6942
v  2.1062 -2.3802 0.4465
v  2.0633 -2.3779 0.5028
v  2.0101 -2.3736 0.5344
v  2.1444 -2.8281 0.6331
v  2.3454 -3.2312 0.8221
v  0.8000 -2.4629 1.2691
v  1.0593 -2.5249 1.1053
v  0.9502 -2.1894 1.0097
v  0.7114 -2.1733 1.1441
v  0.4962 -2.1701 1.2474
v  0.5520 -2.4342 1.3819
v  0.5918 -2.7150 1.5285
v  0.8662 -2.7649 1.4142
v  1.1591 -2.8533 1.2575
v  -0.6058 -2.0418 2.0133
v  -0.5937 -1.8619 1.8643
v  -0.7685 -1.7804 2.0062
v  -0.8019 -1.9410 2.1462
v  -0.8516 -2.0997 2.3191
v  -0.6351 -2.2163 2.1903
v  -0.4060 -2.3100 2.0739
v  -0.3926 -2.1140 1.9051
v  -0.4032 -1.9206 1.7494
v  1.2173 -2.7356 0.7502
v  1.2804 -3.0928 0.9435
v  1.0269 -3.0373 1.0301
v  0.9934 -2.6922 0.8406
v  0.9694 -2.3217 0.7090
v  1.1834 -2.3328 0.6598
v  1.4154 -2.3608 0.5622
v  1.4726 -2.7864 0.6412
v  1.5601 -3.1730 0.8186
v  -0.9487 -1.7487 2.3706
v  -0.9031 -1.6200 2.2415
v  -1.1653 -1.5509 2.3300
v  -1.2027 -1.6397 2.4669
v  -1.2505 -1.7512 2.6356
v  -1.0108 -1.8893 2.5313
v  1.8466 -1.3396 0.2720
v  1.9167 -1.2478 0.2521
v  1.8554 -1.2310 0.3237
v  1.8081 -1.3210 0.3361
v  1.7697 -1.4130 0.3570
v  1.7993 -1.4392 0.3030
v  1.8095 -1.4642 0.2551
v  1.8557 -1.3636 0.2154
v  1.0164 -1.5422 0.2494
v  1.1864 -1.5147 0.1819
v  1.2214 -1.5286 0.2504
v  1.0441 -1.5582 0.3129
v  0.8930 -1.5635 0.3789
v  0.8680 -1.5557 0.3094
v  -0.5546 -1.3193 1.5910
v  -0.6699 -1.3078 1.7689
v  -0.6780 -1.3938 1.7395
v  -0.5503 -1.4008 1.5784
v  -0.3987 -1.3935 1.4537
v  -0.4041 -1.3235 1.4532
v  -0.5834 -1.6841 1.7232
v  -0.5624 -1.5331 1.6295
v  -0.7059 -1.5018 1.7835
v  -0.7365 -1.6258 1.8768
v  -0.4165 -1.7242 1.5988
v  -0.4137 -1.5523 1.4979
v  -1.2172 -1.6940 1.2503
v  -1.0749 -1.7164 1.1560
v  -1.0974 -1.7545 1.2387
v  -1.2396 -1.7382 1.3345
v  -1.3508 -1.6981 1.4606
v  -1.3198 -1.6414 1.3773
v  -1.2871 -1.8190 1.4714
v  -1.1500 -1.8317 1.4013
v  -1.3961 -1.7760 1.5728
v  -0.9275 -1.7037 1.1031
v  -0.7366 -1.6575 1.0527
v  -0.7530 -1.6998 1.1720
v  -0.9493 -1.7409 1.2032
v  -1.0136 -1.8221 1.3727
v  -0.8217 -1.8157 1.3272
v  -0.4568 -1.6140 0.9556
v  -0.1604 -1.6253 0.8337
v  -0.1747 -1.7098 0.9033
v  -0.4670 -1.6792 1.0627
v  -0.5237 -1.8299 1.2075
v  -0.2166 -1.8868 1.0307
v  0.0929 -1.6606 0.7450
v  0.2846 -1.7150 0.6634
v  0.2931 -1.7768 0.7385
v  0.0898 -1.7383 0.8137
v  0.0823 -1.6359 0.6878
v  0.2675 -1.6978 0.6037
v  0.0636 -1.9324 0.9224
v  0.2761 -1.9807 0.8288
v  1.8033 -1.5184 0.3250
v  1.7681 -1.4933 0.3724
v  1.8098 -1.6456 0.4013
v  1.8482 -1.6643 0.3543
v  1.8648 -1.6733 0.3018
v  1.8184 -1.5362 0.2746
v  1.9498 -1.9687 0.4216
v  1.9032 -1.9553 0.4666
v  1.9591 -1.9817 0.3631
v  0.5535 -1.5271 0.9158
v  0.4059 -1.5560 1.0107
v  0.4268 -1.6939 1.0590
v  0.5762 -1.6697 0.9506
v  0.7619 -1.6377 0.8343
v  0.7291 -1.4948 0.7993
v  0.8424 -1.8819 0.9109
v  0.6294 -1.8995 1.0263
v  0.4481 -1.9158 1.1256
v  -0.5461 -1.4544 1.5931
v  -0.6894 -1.4410 1.7399
v  -0.4016 -1.4538 1.4631
v  -0.8629 -1.4969 2.1228
v  -0.8306 -1.3949 2.0288
v  -1.0882 -1.3603 2.1246
v  -1.1252 -1.4503 2.2179
v  -2.8216 -2.6483 3.9413
v  -2.8043 -2.6912 3.9639
v  -2.8331 -2.6936 3.9377
v  -2.8576 -2.6630 3.9143
v  -2.8782 -2.6271 3.9178
v  -2.8552 -2.6081 3.9404
v  -2.8155 -2.5959 3.9907
v  -2.7854 -2.6425 3.9909
v  -2.7640 -2.6898 4.0135
v  -2.9524 -2.6083 4.0589
v  -2.9697 -2.6531 4.0094
v  -2.9479 -2.6711 4.0517
v  -2.9306 -2.6517 4.0931
v  -2.8848 -2.6275 4.1668
v  -2.9005 -2.5796 4.1274
v  -2.8903 -2.5483 4.0721
v  -2.9449 -2.5721 4.0074
v  -2.9649 -2.6287 3.9581
v  -2.9051 -2.6944 4.1133
v  -2.9348 -2.7095 4.0528
v  -2.9033 -2.7388 4.0635
v  -2.8734 -2.7340 4.1115
v  -2.8244 -2.7258 4.1833
v  -2.8579 -2.6772 4.1867
v  -2.7965 -2.7353 3.9898
v  -2.7487 -2.7358 4.0480
v  -2.7539 -2.7754 4.0948
v  -2.8104 -2.7677 4.0303
v  -2.8680 -2.7502 3.9783
v  -2.8458 -2.7230 3.9449
v  -2.7354 -2.6460 4.0555
v  -2.7162 -2.6926 4.0802
v  -2.7630 -2.5978 4.0607
v  -2.6955 -2.6018 4.1163
v  -2.6740 -2.6554 4.1114
v  -2.6482 -2.7062 4.1220
v  -2.7901 -2.5508 4.0908
v  -2.8532 -2.5490 4.0164
v  -2.8182 -2.5201 4.1453
v  -2.7280 -2.5135 4.2037
v  -2.7157 -2.5545 4.1509
v  -2.8307 -2.5457 4.2128
v  -2.8196 -2.5997 4.2623
v  -2.7204 -2.5769 4.3357
v  -2.7333 -2.5199 4.2806
v  -2.7889 -2.6604 4.2763
v  -2.7548 -2.7166 4.2648
v  -2.6668 -2.7087 4.3302
v  -2.6948 -2.6461 4.3488
v  -2.7206 -2.7603 4.2252
v  -2.7873 -2.7649 4.1494
v  -2.6929 -2.7737 4.1663
v  -2.6278 -2.7779 4.2234
v  -2.6418 -2.7530 4.2834
v  -2.6951 -2.7352 4.1162
v  -2.6285 -2.7632 4.1560
v  -2.6061 -2.6711 4.1180
v  -2.5876 -2.7339 4.1266
v  -2.6234 -2.6119 4.1295
v  -2.5561 -2.6277 4.1229
v  -2.5459 -2.6915 4.1129
v  -2.5305 -2.7511 4.1322
v  -2.6333 -2.5595 4.1653
v  -2.6338 -2.5245 4.2219
v  -2.5504 -2.5448 4.2194
v  -2.5571 -2.5702 4.1579
v  -2.6236 -2.5280 4.2938
v  -2.6073 -2.5763 4.3503
v  -2.5146 -2.5952 4.3339
v  -2.5340 -2.5539 4.2835
v  -2.5879 -2.6452 4.3649
v  -2.5700 -2.7074 4.3460
v  -2.4858 -2.7207 4.3487
v  -2.4967 -2.6553 4.3643
v  -2.5596 -2.7807 4.2445
v  -2.5599 -2.7554 4.3033
v  -2.4940 -2.7931 4.2449
v  -2.4853 -2.7689 4.3049
v  -2.5720 -2.7788 4.1777
v  -2.5131 -2.7925 4.1808
v  -2.4989 -2.0916 4.1508
v  -2.4155 -2.1396 4.1381
v  -2.4565 -2.1925 4.1230
v  -2.5363 -2.1466 4.1366
v  -2.6089 -2.1077 4.1547
v  -2.5690 -2.0450 4.1705
v  -2.5222 -2.0345 4.2103
v  -2.4663 -2.0565 4.1991
v  -2.3797 -2.1005 4.1839
v  -2.4292 -2.3116 4.0821
v  -2.3627 -2.3617 4.0675
v  -2.3891 -2.4140 4.1259
v  -2.4452 -2.3534 4.1548
v  -2.5238 -2.2964 4.1704
v  -2.5077 -2.2553 4.0994
v  -2.3725 -2.2517 4.1112
v  -2.2991 -2.3116 4.0910
v  -2.4528 -2.3781 4.2195
v  -2.3888 -2.4340 4.1997
v  -2.3562 -2.4141 4.2703
v  -2.4284 -2.3627 4.2885
v  -2.5310 -2.3207 4.2346
v  -2.5144 -2.3144 4.3044
v  -2.3920 -2.3255 4.3330
v  -2.3207 -2.3879 4.3252
v  -2.2753 -2.3460 4.3551
v  -2.3523 -2.2792 4.3544
v  -2.4346 -2.2261 4.3744
v  -2.4792 -2.2814 4.3590
v  -2.3123 -2.2263 4.3461
v  -2.2242 -2.2902 4.3485
v  -2.1886 -2.2421 4.2992
v  -2.2814 -2.1783 4.3074
v  -2.3671 -2.1173 4.3226
v  -2.3925 -2.1656 4.3725
v  -2.2705 -2.1501 4.2408
v  -2.1775 -2.2152 4.2261
v  -2.2199 -2.2484 4.1655
v  -2.2933 -2.1649 4.1720
v  -2.3628 -2.0938 4.2540
v  -2.3325 -2.2065 4.1346
v  -2.2586 -2.2821 4.1296
v  -2.4987 -2.5804 4.1484
v  -2.4992 -2.6446 4.1172
v  -2.4898 -2.5548 4.2131
v  -2.4386 -2.5602 4.2113
v  -2.4479 -2.5885 4.1459
v  -2.4465 -2.6548 4.1136
v  -2.4719 -2.5658 4.2790
v  -2.4185 -2.5680 4.2810
v  -2.4504 -2.6042 4.3348
v  -2.3954 -2.6136 4.3354
v  -2.4324 -2.6684 4.3684
v  -2.4231 -2.7384 4.3497
v  -2.3672 -2.7547 4.3462
v  -2.3765 -2.6808 4.3712
v  -2.4248 -2.7851 4.3006
v  -2.4367 -2.8102 4.2394
v  -2.3806 -2.8313 4.2250
v  -2.3685 -2.8037 4.2912
v  -2.4574 -2.8091 4.1742
v  -2.4743 -2.7683 4.1268
v  -2.4229 -2.7830 4.1010
v  -2.4032 -2.8281 4.1527
v  -2.4902 -2.7105 4.1075
v  -2.4366 -2.7195 4.0944
v  -2.4011 -2.5852 4.1512
v  -2.3863 -2.5614 4.2219
v  -2.3366 -2.5609 4.2329
v  -2.3561 -2.5752 4.1584
v  -2.3522 -2.6186 4.0882
v  -2.3920 -2.6513 4.1084
v  -2.3576 -2.4742 4.1777
v  -2.3590 -2.4481 4.0945
v  -2.3449 -2.4822 4.0504
v  -2.3445 -2.5003 4.1615
v  -2.2908 -2.5016 4.2400
v  -2.3126 -2.4623 4.2547
v  -2.2652 -2.5451 4.2981
v  -2.3068 -2.5689 4.2970
v  -2.2700 -2.6162 4.3317
v  -2.2191 -2.5835 4.3292
v  -2.1758 -2.5138 4.3307
v  -2.2491 -2.5029 4.3008
v  -2.2932 -2.5431 4.2309
v  -2.3607 -2.5733 4.2890
v  -2.3326 -2.6206 4.3374
v  -2.2726 -2.4505 4.3155
v  -2.2169 -2.4194 4.3454
v  -2.3134 -2.6890 4.3718
v  -2.3055 -2.7682 4.3448
v  -2.2478 -2.6853 4.3622
v  -2.3073 -2.8239 4.2771
v  -2.3219 -2.8606 4.2008
v  -2.2664 -2.8986 4.1799
v  -2.2431 -2.8446 4.2656
v  -2.2387 -2.7732 4.3404
v  -2.3622 -2.5518 4.0647
v  -2.3332 -2.5381 4.1557
v  -2.1557 -2.3696 4.3332
v  -2.0983 -2.4662 4.3105
v  -2.0393 -2.4185 4.2741
v  -2.1089 -2.3193 4.2882
v  -1.9247 -2.4955 4.2029
v  -1.8336 -2.6165 4.1927
v  -1.8161 -2.5812 4.1149
v  -1.9247 -2.4800 4.1279
v  -2.0608 -2.3899 4.1155
v  -2.0070 -2.3704 4.2049
v  -1.9697 -2.5419 4.2577
v  -1.8970 -2.6659 4.2475
v  -2.0885 -2.2775 4.2114
v  -2.1538 -2.3242 4.1483
v  -2.1448 -2.3867 4.0565
v  -2.1985 -2.3445 4.0990
v  -2.2104 -2.3969 3.9974
v  -2.2506 -2.3626 4.0590
v  -2.3186 -2.3981 4.0485
v  -2.2971 -2.4208 4.0030
v  -2.2743 -2.4395 3.9418
v  -2.2041 -2.4098 3.9275
v  -2.1836 -2.4148 3.8626
v  -2.2488 -2.4518 3.8693
v  -2.3066 -2.5223 3.8787
v  -2.3251 -2.5059 3.9608
v  -2.2179 -2.4579 3.7913
v  -2.1653 -2.4078 3.7884
v  -2.1306 -2.4117 3.7191
v  -2.1801 -2.4585 3.7156
v  -2.2306 -2.5211 3.7074
v  -2.2754 -2.5253 3.7916
v  -2.0585 -2.3304 3.7684
v  -2.0437 -2.3121 3.7222
v  -2.0284 -2.3690 3.7113
v  -2.0592 -2.3733 3.7720
v  -2.0900 -2.3661 3.8222
v  -2.0883 -2.3134 3.8050
v  -2.0724 -2.2436 3.7688
v  -2.1011 -2.3992 3.7814
v  -2.1278 -2.3966 3.8435
v  -2.0650 -2.4043 3.7162
v  -1.8888 -2.1445 3.4683
v  -1.9233 -2.1935 3.4351
v  -1.9755 -2.2168 3.5566
v  -1.9436 -2.1583 3.5821
v  -1.8897 -2.1305 3.6174
v  -1.8361 -2.1278 3.5219
v  -1.7554 -2.1339 3.4116
v  -1.8090 -2.1283 3.3376
v  -1.8670 -2.1596 3.2922
v  -2.0402 -2.1341 3.7668
v  -1.9634 -2.0810 3.7844
v  -1.9348 -2.1112 3.7025
v  -1.9953 -2.1551 3.6802
v  -2.0250 -2.2285 3.6635
v  -1.8693 -2.1117 3.7406
v  -1.8941 -2.0719 3.8099
v  -1.8360 -2.0977 3.8503
v  -1.8146 -2.1459 3.7951
v  -1.7803 -2.1791 3.7368
v  -1.8303 -2.1352 3.6681
v  -1.9059 -2.4695 4.0652
v  -1.8759 -2.4460 4.0217
v  -1.9656 -2.4103 4.0119
v  -2.0143 -2.4298 4.0462
v  -1.8068 -2.5529 4.0454
v  -1.7936 -2.5128 3.9903
v  -2.0899 -2.4116 4.0130
v  -2.0359 -2.4102 3.9778
v  -2.0835 -2.3846 3.9368
v  -2.1379 -2.4064 3.9592
v  -2.0054 -2.3597 3.9770
v  -1.9939 -2.3836 3.9840
v  -1.9319 -2.3841 4.0076
v  -1.9204 -2.3524 4.0060
v  -2.1456 -2.4003 3.9022
v  -2.1115 -2.3666 3.8803
v  -2.1285 -2.3081 3.8667
v  -2.0970 -2.3148 3.9416
v  -2.1188 -2.2109 3.9662
v  -2.1064 -2.2221 3.8611
v  -2.0165 -2.2454 4.0269
v  -2.0139 -2.3133 3.9882
v  -1.9166 -2.3101 4.0174
v  -1.9131 -2.2508 4.0561
v  -2.0576 -2.1059 3.8565
v  -2.0527 -2.0676 3.9441
v  -1.9766 -1.9633 3.9383
v  -1.9718 -2.0265 3.8649
v  -2.0465 -2.0134 4.0239
v  -2.0787 -2.1092 4.0563
v  -2.0444 -2.0417 4.1114
v  -2.0299 -1.9620 4.0982
v  -1.9946 -1.9062 4.0700
v  -1.9874 -1.9191 4.0141
v  -1.7901 -2.0673 3.9595
v  -1.8396 -2.0329 3.9038
v  -1.8399 -1.9683 3.9636
v  -1.7941 -2.0004 4.0194
v  -1.7842 -2.0468 4.0595
v  -1.7796 -2.1102 4.0297
v  -1.7867 -2.1978 3.9765
v  -1.7988 -2.1461 3.9102
v  -1.9014 -2.0144 3.8795
v  -1.9005 -1.9394 3.9388
v  -1.8180 -2.1436 4.0920
v  -1.8196 -2.0391 4.1200
v  -1.8882 -2.0431 4.1563
v  -1.9015 -2.1562 4.1142
v  -1.8226 -2.2378 4.0409
v  -1.9127 -1.8715 4.0118
v  -1.9374 -1.8565 4.1104
v  -1.8718 -1.8993 4.1073
v  -1.8493 -1.9144 4.0418
v  -2.0009 -2.1509 4.0901
v  -1.9796 -2.0448 4.1503
v  -1.9623 -1.9373 4.1714
v  -1.8763 -1.9491 4.1465
v  -1.8231 -1.9624 4.0914
v  -0.8761 -0.6378 1.3895
v  -1.0552 -0.6464 1.3381
v  -1.0361 -0.7483 1.4579
v  -0.8506 -0.7389 1.5054
v  -0.8338 -0.7906 1.5790
v  -1.0237 -0.8046 1.5340
v  -1.0182 -0.8490 1.5934
v  -0.8275 -0.8312 1.6367
v  -1.1504 -0.8254 1.4992
v  -1.1740 -0.7632 1.4163
v  -1.2844 -0.7664 1.3939
v  -1.2554 -0.8337 1.4845
v  -1.2360 -0.8884 1.5624
v  -1.1350 -0.8750 1.5645
v  -1.0196 -0.9097 1.6660
v  -0.8306 -0.8902 1.7084
v  -1.0245 -0.9805 1.7419
v  -0.8385 -0.9642 1.7756
v  -1.1305 -0.9378 1.6390
v  -1.2322 -0.9429 1.6469
v  -1.2308 -1.0159 1.7114
v  -1.1321 -1.0075 1.7136
v  -1.0287 -1.0514 1.8175
v  -0.8446 -1.0519 1.8386
v  -1.0303 -1.1179 1.8891
v  -0.8404 -1.1390 1.8945
v  -1.1357 -1.0754 1.7817
v  -1.2314 -1.0877 1.7638
v  -1.2391 -1.1491 1.8167
v  -1.1427 -1.1401 1.8436
v  -0.8110 -1.3381 1.9779
v  -0.8073 -1.3093 1.9599
v  -1.0333 -1.2432 2.0133
v  -1.0554 -1.2956 2.0614
v  -0.8208 -1.2338 1.9374
v  -1.0287 -1.1815 1.9541
v  -1.1545 -1.1998 1.8998
v  -1.2533 -1.2061 1.8675
v  -1.2895 -1.2673 1.9218
v  -1.1828 -1.2626 1.9552
v  -1.2042 -0.6598 1.2927
v  -1.2305 -0.5246 1.1473
v  -1.3791 -0.5408 1.1393
v  -1.3185 -0.6676 1.2782
v  -1.2438 -0.3679 0.9995
v  -1.3613 -0.3775 0.9789
v  -1.2567 -0.2177 0.8708
v  -1.3629 -0.2370 0.8553
v  -1.3828 -0.4795 0.8595
v  -1.4180 -0.6463 0.9972
v  -1.4523 -0.5676 1.0537
v  -1.4255 -0.4174 0.9189
v  -1.4081 -0.2774 0.7975
v  -1.3669 -0.3225 0.7375
v  -1.3737 -0.7680 1.3818
v  -1.3831 -0.6888 1.2947
v  -1.4377 -0.6596 1.2430
v  -1.4551 -0.7649 1.3479
v  -1.4765 -0.7007 1.1727
v  -1.4514 -0.7873 1.1223
v  -1.5067 -0.9016 1.2269
v  -1.5164 -0.8128 1.2837
v  -1.4706 -0.8636 1.4532
v  -1.4798 -0.9545 1.5434
v  -1.3670 -0.9014 1.5752
v  -1.3715 -0.8304 1.4864
v  -1.4144 -0.8849 1.1136
v  -1.3724 -0.7291 0.9812
v  -1.3407 -0.8149 0.9595
v  -1.3689 -0.9804 1.1052
v  -1.4440 -1.1350 1.2255
v  -1.4786 -1.0005 1.2090
v  -1.3202 -1.0551 1.0636
v  -1.3481 -1.2028 1.1708
v  -1.2965 -0.8802 0.9243
v  -1.5399 -0.9909 1.3217
v  -1.5508 -1.0756 1.3957
v  -1.5465 -1.0132 1.4775
v  -1.5407 -0.9176 1.3902
v  -1.5167 -1.0513 1.2829
v  -1.5204 -1.1270 1.3207
v  -1.3662 -1.3107 1.2397
v  -1.3654 -1.3894 1.3008
v  -1.4609 -1.3420 1.3620
v  -1.4564 -1.2581 1.2985
v  -1.3681 -0.9676 1.6492
v  -1.4886 -1.0242 1.6106
v  -1.4981 -1.0822 1.6669
v  -1.3735 -1.0285 1.7142
v  -1.5333 -1.2781 1.4283
v  -1.5254 -1.2035 1.3701
v  -1.5647 -1.2068 1.5039
v  -1.5574 -1.1454 1.4520
v  -1.5463 -1.0860 1.5370
v  -1.5515 -1.1446 1.5874
v  -1.3801 -1.0883 1.7721
v  -1.5063 -1.1408 1.7221
v  -1.5103 -1.1991 1.7767
v  -1.3863 -1.1482 1.8224
v  -1.5600 -1.2016 1.6436
v  -1.5706 -1.2663 1.5638
v  -1.5710 -1.3198 1.6267
v  -1.5635 -1.2578 1.7027
v  -1.5387 -1.3468 1.4936
v  -1.4552 -1.4136 1.4331
v  -1.5385 -1.3946 1.5616
v  -1.4623 -1.4777 1.5253
v  -1.3659 -1.4636 1.3601
v  -1.3754 -1.5318 1.4216
v  -1.5595 -1.3122 1.7618
v  -1.5654 -1.3654 1.6883
v  -1.5552 -1.4177 1.7403
v  -1.5496 -1.3683 1.8229
v  -1.5019 -1.3151 1.8849
v  -1.5068 -1.2552 1.8300
v  -1.3903 -1.2097 1.8665
v  -1.4024 -1.2725 1.9090
v  -1.5440 -1.4126 1.6251
v  -1.5245 -1.4590 1.6460
v  -1.2385 -1.3363 2.0160
v  -1.3636 -1.3406 1.9853
v  -1.4805 -1.4346 2.0441
v  -1.2991 -1.4113 2.0962
v  -1.3960 -1.5884 1.4915
v  -1.4258 -1.6459 1.5747
v  -1.4819 -1.5956 1.6803
v  -1.4636 -1.5416 1.5961
v  -1.4328 -1.3349 1.9544
v  -1.5028 -1.3833 1.9471
v  -1.5168 -1.5047 1.7038
v  -1.5244 -1.5594 1.7860
v  -1.5534 -1.5290 1.8848
v  -1.5490 -1.4699 1.8050
v  -1.5435 -1.4289 1.8918
v  -1.5480 -1.4936 1.9743
v  -1.3395 -1.4902 2.1986
v  -1.4935 -1.5254 2.1509
v  -1.5106 -1.6085 2.2644
v  -1.3696 -1.5757 2.3138
v  -1.4634 -1.7183 1.6758
v  -1.5142 -1.8111 1.8039
v  -1.5422 -1.7511 1.9012
v  -1.5073 -1.6640 1.7784
v  -1.5430 -1.6290 1.8823
v  -1.5678 -1.7145 2.0001
v  -1.5851 -1.6857 2.0965
v  -1.5680 -1.6007 1.9815
v  -1.5581 -1.5670 2.0732
v  -1.5716 -1.6507 2.1868
v  -1.5292 -1.6968 2.3871
v  -1.4011 -1.6672 2.4367
v  -1.5583 -1.8057 2.5354
v  -1.4414 -1.7791 2.5902
v  -1.5680 -1.9259 1.9749
v  -1.6161 -2.0545 2.1683
v  -1.6174 -1.9857 2.2418
v  -1.5767 -1.8595 2.0627
v  -1.5872 -1.8185 2.1479
v  -1.6147 -1.9413 2.3137
v  -1.6205 -1.9018 2.3856
v  -1.6021 -1.7841 2.2307
v  -1.5869 -1.7425 2.3131
v  -1.6099 -1.8543 2.4617
v  -1.7250 -2.3345 2.5441
v  -1.6630 -2.1904 2.3593
v  -1.7297 -2.2714 2.5896
v  -1.6666 -2.1250 2.4189
v  -2.3449 -2.6739 4.0294
v  -2.3130 -2.7709 3.9692
v  -2.3763 -2.7846 4.0556
v  -2.3832 -2.7113 4.0680
v  -2.2976 -2.6276 3.8160
v  -2.2540 -2.6116 3.7208
v  -2.2238 -2.7070 3.7391
v  -2.2584 -2.7296 3.8365
v  -2.3300 -2.6280 3.9085
v  -2.3565 -2.8573 4.1101
v  -2.3140 -2.8844 4.0794
v  -2.3536 -2.5937 3.9861
v  -2.2219 -2.9251 3.8556
v  -2.2192 -2.8694 3.8477
v  -2.2843 -2.9410 3.7483
v  -2.3042 -2.9901 3.7805
v  -2.3237 -3.0507 3.8151
v  -2.2341 -3.0038 3.8602
v  -2.2177 -2.9680 3.9543
v  -2.2426 -2.8834 3.9606
v  -2.2358 -3.0795 3.8780
v  -2.3127 -3.1178 3.8236
v  -2.2904 -3.2027 3.8337
v  -2.2252 -3.1435 3.9037
v  -2.2041 -3.0980 3.9594
v  -2.2090 -3.0424 3.9552
v  -2.3231 -3.2730 3.4303
v  -2.4465 -3.1727 3.4173
v  -2.4185 -3.1536 3.3567
v  -2.2962 -3.2545 3.3788
v  -2.1574 -3.3340 3.4255
v  -2.1773 -3.3462 3.4736
v  -2.1985 -3.3504 3.5280
v  -2.3459 -3.2788 3.4915
v  -2.4685 -3.1836 3.4868
v  -2.0791 -3.0536 3.0735
v  -2.1095 -3.0934 3.1278
v  -2.1881 -2.9743 3.0565
v  -2.1364 -2.9279 3.0138
v  -2.0848 -2.8797 2.9703
v  -2.0442 -3.0020 3.0186
v  -1.9816 -3.0884 3.0848
v  -2.0000 -3.1441 3.1479
v  -2.0146 -3.1861 3.2058
v  -1.9956 -2.9338 2.9618
v  -2.0228 -2.8178 2.9245
v  -1.9335 -2.7424 2.8573
v  -1.9377 -2.8919 2.9214
v  -1.9205 -2.9674 2.9753
v  -1.9499 -3.0199 3.0174
v  -2.1615 -2.8109 2.9897
v  -2.2246 -2.8598 3.0403
v  -2.2363 -2.7628 3.0414
v  -2.1617 -2.7103 2.9959
v  -2.0912 -2.6599 2.9588
v  -2.0975 -2.7602 2.9495
v  -2.1510 -2.6315 3.0181
v  -2.2214 -2.6745 3.0605
v  -2.1819 -2.6041 3.1022
v  -2.1187 -2.5695 3.0563
v  -2.0748 -2.5536 3.0266
v  -2.0857 -2.5902 2.9884
v  -2.0286 -2.7020 2.9087
v  -2.0220 -2.6054 2.9209
v  -1.9305 -2.5344 2.8660
v  -1.9352 -2.6181 2.8465
v  -1.8159 -2.4870 2.7210
v  -1.8211 -2.4174 2.7477
v  -1.7972 -2.5610 2.7115
v  -2.1906 -2.6428 3.2182
v  -2.2770 -2.6919 3.2784
v  -2.1867 -2.7318 3.3141
v  -2.1039 -2.6875 3.2614
v  -2.0067 -2.6523 3.2011
v  -2.1011 -2.5994 3.1619
v  -2.2628 -2.6578 3.1631
v  -2.3381 -2.7191 3.2329
v  -1.6613 -2.0803 2.4879
v  -1.7180 -2.2308 2.6596
v  -1.7005 -2.1971 2.7403
v  -1.6485 -2.0438 2.5634
v  -1.5965 -1.9604 2.7200
v  -1.6769 -2.1201 2.9363
v  -1.5886 -2.0126 3.0198
v  -1.5080 -1.8894 2.8154
v  -1.4358 -2.0790 3.0992
v  -1.3107 -1.8937 2.8559
v  -1.6333 -2.0045 2.6408
v  -1.6858 -2.1573 2.8182
v  -1.6962 -2.0974 3.1858
v  -1.6272 -2.1134 3.2835
v  -1.7728 -2.1467 3.1358
v  -1.8121 -2.3774 2.8145
v  -1.9201 -2.4911 2.9274
v  -1.8929 -2.4996 3.0470
v  -1.7868 -2.3474 2.8922
v  -2.0175 -2.5421 2.9671
v  -2.0144 -2.5314 3.0378
v  -2.0415 -2.5604 3.0999
v  -1.9498 -2.5887 3.1415
v  -1.8960 -2.5487 3.3149
v  -1.8771 -2.4663 3.3206
v  -1.8473 -2.4940 3.2029
v  -1.8892 -2.5762 3.2210
v  -1.9447 -2.6408 3.2644
v  -1.9124 -2.6206 3.3242
v  -1.8421 -2.4033 3.2066
v  -1.8728 -2.3887 3.3290
v  -1.8892 -2.3106 3.3221
v  -1.8419 -2.3138 3.1983
v  -1.8067 -2.3186 3.1003
v  -1.8227 -2.3876 3.0729
v  -1.8232 -2.2237 3.1556
v  -1.7641 -2.2433 3.0315
v  -1.8978 -2.2301 3.2955
v  -1.7656 -2.2918 2.9531
v  -2.5845 -2.2089 4.1177
v  -2.6549 -2.1724 4.1496
v  -2.5958 -2.2480 4.1856
v  -2.6417 -2.2162 4.1932
v  -2.4498 -2.0518 4.2665
v  -2.5311 -2.0236 4.2676
v  -2.5375 -2.0483 4.3368
v  -2.4525 -2.0753 4.3334
v  -2.5642 -2.2388 4.3741
v  -2.5136 -2.1830 4.3900
v  -2.5684 -2.1538 4.3930
v  -2.6274 -2.1813 4.3726
v  -2.6728 -2.2121 4.3095
v  -2.6001 -2.2680 4.3112
v  -2.6039 -2.2655 4.2439
v  -2.6594 -2.2124 4.2425
v  -2.4754 -2.1238 4.3801
v  -2.5561 -2.1030 4.3765
v  -2.6395 -2.1081 4.3533
v  -2.6252 -2.0506 4.3120
v  -2.6761 -2.0746 4.2770
v  -2.7051 -2.1297 4.2980
v  -2.7028 -2.1497 4.2175
v  -2.6755 -2.0698 4.2093
v  -2.6070 -2.0323 4.2407
v  -2.9380 -2.7100 3.9421
v  -2.9013 -2.6869 3.9085
v  -2.9278 -2.6169 3.9111
v  -2.9006 -2.5723 3.9599
v  -2.9439 -2.7141 3.9967
v  -2.8932 -2.7577 4.0240
v  -2.8417 -2.7676 4.0799
v  -2.0124 -2.7062 3.3235
v  -2.0732 -2.7549 3.3823
v  -2.0135 -2.6660 3.4495
v  -1.9525 -2.6435 3.3778
v  -2.2121 -2.5982 3.6353
v  -2.1824 -2.5130 3.6319
v  -2.1284 -2.5039 3.5645
v  -2.1462 -2.5887 3.5705
v  -2.1311 -2.6872 3.5854
v  -2.1835 -2.6931 3.6558
v  -1.9516 -2.5504 3.3832
v  -2.0148 -2.5668 3.4465
v  -2.0037 -2.4872 3.4488
v  -1.9315 -2.4736 3.3970
v  -2.0834 -2.5781 3.5055
v  -2.0685 -2.4960 3.5033
v  -2.0761 -2.6779 3.5173
v  -2.0135 -2.3010 3.6386
v  -1.9707 -2.2874 3.5354
v  -1.9544 -2.3684 3.5248
v  -1.9976 -2.3617 3.6273
v  -1.9747 -2.4257 3.4764
v  -1.9234 -2.3328 3.4234
v  -1.9146 -2.4043 3.4153
v  -2.0298 -2.4383 3.5343
v  -2.0855 -2.4450 3.5900
v  -2.0620 -2.4142 3.6079
v  -2.0135 -2.4004 3.5780
v  -1.9433 -2.2577 3.4208
v  -2.0236 -2.4033 3.6471
v  -2.0891 -2.4093 3.6572
v  -2.1360 -2.4528 3.6493
v  -2.0600 -3.4072 3.4037
v  -2.0810 -3.4242 3.4429
v  -2.1380 -3.3198 3.3862
v  -2.1166 -3.3009 3.3550
v  -2.0378 -3.3902 3.3713
v  -1.9633 -3.4711 3.3878
v  -1.9857 -3.4859 3.4277
v  -2.0041 -3.5011 3.4736
v  -2.2141 -2.8301 3.7822
v  -2.2009 -2.8077 3.6938
v  -2.2560 -2.8776 3.6119
v  -2.2656 -2.9072 3.6886
v  -2.1761 -2.7964 3.6064
v  -2.1447 -2.7933 3.5250
v  -2.2314 -2.8275 3.4423
v  -2.2367 -2.8635 3.5242
v  -2.1140 -2.7821 3.4497
v  -2.2239 -2.7767 3.3743
v  -2.3669 -2.8218 3.4794
v  -2.3477 -2.7826 3.4104
v  -2.4234 -2.8077 3.3606
v  -2.4556 -2.8482 3.4220
v  -2.4954 -2.8856 3.4912
v  -2.3898 -2.8581 3.5545
v  -2.3877 -2.7676 3.2987
v  -2.3248 -2.7378 3.3447
v  -2.2159 -3.1900 3.2685
v  -2.2428 -3.2121 3.3020
v  -2.3602 -3.1109 3.2670
v  -2.3289 -3.0880 3.2286
v  -2.2901 -3.0581 3.1844
v  -2.1853 -3.1643 3.2306
v  -2.0537 -3.2663 3.2981
v  -2.0943 -3.2801 3.3263
v  -2.4313 -2.8326 3.2605
v  -2.3814 -2.7889 3.1985
v  -2.3924 -2.8785 3.1775
v  -2.4400 -2.9174 3.2331
v  -2.4717 -2.9471 3.2821
v  -2.4666 -2.8684 3.3158
v  -2.3895 -3.1322 3.3081
v  -2.2695 -3.2341 3.3368
v  -2.4970 -2.9050 3.3713
v  -2.5320 -2.9443 3.4360
v  -2.4982 -2.9756 3.3328
v  -2.5282 -3.0063 3.3939
v  -2.2965 -2.9156 3.1045
v  -2.3603 -2.9661 3.1696
v  -2.3201 -2.8228 3.1070
v  -2.2412 -3.0184 3.1220
v  -2.4334 -3.0241 3.2657
v  -2.4036 -3.0001 3.2203
v  -2.3068 -2.7301 3.1251
v  -2.4626 -3.0480 3.3105
v  -2.4947 -3.0738 3.3635
v  -1.0867 -2.0380 2.7550
v  -1.1690 -2.1823 2.9864
v  -1.0430 -2.3942 2.7682
v  -0.9384 -2.2525 2.5412
v  -0.7056 -2.3848 2.4059
v  -0.7927 -2.5381 2.6253
v  -0.5100 -2.6795 2.4842
v  -0.4528 -2.5038 2.2760
v  -0.8760 -2.6711 2.8101
v  -1.1371 -2.5128 2.9634
v  -1.2089 -2.6062 3.0990
v  -0.9386 -2.7728 2.9464
v  -0.5805 -2.9191 2.8175
v  -0.5528 -2.8190 2.6730
v  0.6166 -2.9932 1.7273
v  0.9065 -3.0506 1.6321
v  0.6493 -3.2265 1.9561
v  0.9434 -3.2927 1.8793
v  1.2814 -3.3850 1.7793
v  1.2288 -3.1400 1.5075
v  2.5390 -3.5952 0.9930
v  2.5227 -3.5806 1.0550
v  2.6681 -3.8758 1.2994
v  2.7149 -3.8962 1.2382
v  2.6941 -3.9368 1.1692
v  2.5220 -3.6116 0.9313
v  1.3373 -3.4000 1.1826
v  1.3901 -3.6693 1.4391
v  1.0781 -3.5881 1.5181
v  1.0524 -3.3354 1.2631
v  1.6438 -3.5091 1.0517
v  1.7272 -3.7932 1.3154
v  -0.0889 -2.9790 1.6861
v  0.1954 -3.0811 1.5597
v  0.1477 -3.2857 1.8128
v  -0.1452 -3.1876 1.9326
v  -0.5075 -3.0242 2.1010
v  -0.4424 -2.8214 1.8671
v  -1.3793 -2.3711 2.2871
v  -1.1959 -2.4473 2.2314
v  -1.2692 -2.5864 2.4486
v  -1.4673 -2.5172 2.4980
v  -0.8413 -2.6150 2.0770
v  -0.9115 -2.7866 2.2984
v  -0.9613 -2.9479 2.4942
v  -0.5543 -3.1980 2.3010
v  -0.5849 -3.3233 2.4556
v  -0.9977 -3.0699 2.6452
v  -1.3797 -2.8718 2.7786
v  -1.3335 -2.7459 2.6355
v  -1.6577 -2.6736 2.6912
v  -1.7456 -2.6273 2.6993
v  -1.7264 -2.8465 2.8598
v  -1.8365 -2.7968 2.8326
v  -1.5428 -2.6794 2.6902
v  -1.5855 -2.7966 2.8444
v  -1.1253 -3.4448 3.0970
v  -0.6993 -3.6969 2.9639
v  -0.7262 -3.7457 3.0009
v  -1.1473 -3.4917 3.1355
v  -1.5270 -3.3100 3.2171
v  -1.5224 -3.2789 3.1709
v  -1.5334 -3.2852 3.1032
v  -1.1236 -3.4285 3.0378
v  -0.6786 -3.6496 2.9240
v  -0.3370 -3.9249 2.8300
v  -0.0496 -4.0980 2.7344
v  -0.0844 -4.1600 2.7943
v  -0.3637 -3.9759 2.8824
v  -0.3280 -3.8928 2.7915
v  -0.0405 -4.0598 2.6949
v  1.2831 -4.5805 2.2067
v  1.7110 -4.7756 2.0581
v  1.6969 -4.8369 2.0893
v  1.2668 -4.6382 2.2521
v  1.6422 -4.9597 2.1668
v  1.2020 -4.7675 2.3110
v  0.8300 -4.6415 2.4166
v  0.9007 -4.5242 2.3669
v  0.9293 -4.4625 2.3334
v  1.0800 -3.7929 2.5293
v  1.4134 -3.9155 2.4299
v  1.3853 -3.8826 2.3380
v  1.0414 -3.7549 2.4299
v  0.7866 -3.6010 2.5176
v  0.8524 -3.6247 2.6452
v  0.8654 -3.7379 2.7383
v  1.0911 -3.8636 2.6068
v  1.4128 -3.9793 2.5038
v  -0.9636 -2.8331 3.0251
v  -1.2323 -2.6707 3.1659
v  -1.2302 -2.6862 3.2452
v  -0.9504 -2.8590 3.1043
v  -0.5924 -3.0242 2.9599
v  -0.5897 -2.9743 2.8964
v  -0.6799 -3.3223 3.2904
v  -0.6512 -3.2677 3.2504
v  -0.9636 -3.0350 3.4037
v  -1.2085 -2.8335 3.5262
v  -1.2301 -2.8902 3.5322
v  -0.9970 -3.0876 3.4138
v  -1.2571 -2.9650 3.5225
v  -1.0151 -3.1548 3.4512
v  -0.7161 -3.4029 3.3247
v  -0.8919 -2.8409 3.2280
v  -1.2022 -2.6979 3.3383
v  -1.1769 -2.7239 3.4294
v  -0.8809 -2.8901 3.3393
v  -0.5448 -3.1008 3.2122
v  -0.5357 -3.0138 3.1014
v  -0.9250 -2.9739 3.3824
v  -1.1888 -2.7768 3.4896
v  -0.6146 -3.2066 3.2155
v  -1.2637 -2.3197 3.1758
v  -1.4532 -2.2105 3.3096
v  -1.4639 -2.3212 3.4723
v  -1.3090 -2.4199 3.3075
v  -1.3384 -2.4703 3.3937
v  -1.3231 -2.5045 3.3151
v  -1.3683 -2.5192 3.4626
v  -1.4708 -2.3801 3.5711
v  -1.4612 -2.4459 3.6300
v  -1.3833 -2.5867 3.5176
v  -1.3720 -2.6307 3.5761
v  -1.4793 -2.5200 3.6643
v  -1.4799 -2.6016 3.7019
v  -1.3654 -2.6944 3.6307
v  -1.7832 -2.1502 3.5909
v  -1.7397 -2.2019 3.6708
v  -1.6816 -2.2226 3.6043
v  -1.7150 -2.1665 3.5057
v  -1.6088 -2.1814 3.4120
v  -1.6091 -2.2639 3.5378
v  -1.8508 -2.4092 3.9960
v  -1.7730 -2.4501 3.9576
v  -1.7393 -2.3595 3.9291
v  -1.8333 -2.3575 3.9886
v  -1.5840 -2.3277 3.6306
v  -1.6581 -2.2975 3.6871
v  -1.6323 -2.3601 3.7560
v  -1.5623 -2.3893 3.6931
v  -1.6817 -2.3443 3.8314
v  -1.6852 -2.4275 3.8824
v  -1.6666 -2.3905 3.8460
v  -1.6385 -2.4734 3.8185
v  -1.6264 -2.4128 3.7913
v  -1.7038 -2.2705 3.7627
v  -1.7414 -2.2485 3.8279
v  -1.7850 -2.2117 3.8688
v  -1.7675 -2.2708 3.9506
v  -1.8268 -2.3022 4.0048
v  -1.5594 -2.4498 3.7371
v  -1.5852 -2.5331 3.7477
v  3.1867 -4.6675 1.8646
v  3.0943 -4.5675 1.9162
v  3.1473 -4.6666 2.0297
v  3.2283 -4.7398 1.9512
v  3.3040 -4.8021 1.8691
v  3.2725 -4.7487 1.8075
v  3.2116 -4.7091 1.7640
v  3.1445 -4.6313 1.7787
v  3.0157 -4.4962 1.7929
v  3.1209 -4.6530 1.7132
v  3.2152 -4.7384 1.7133
v  3.1959 -4.7645 1.6516
v  3.1087 -4.6909 1.6538
v  3.0367 -4.5995 1.6391
v  3.0454 -4.5404 1.7037
v  3.2968 -4.7908 1.7410
v  3.3385 -4.8478 1.7933
v  3.3270 -4.8907 1.7178
v  3.2767 -4.8243 1.6740
v  3.3116 -4.8682 1.9246
v  3.2847 -4.9284 1.9610
v  3.2954 -4.9792 1.9083
v  3.3404 -4.9185 1.8447
v  3.2749 -5.0440 1.8275
v  3.3239 -4.9714 1.7672
v  3.2349 -4.8747 1.6136
v  3.1645 -4.8125 1.5990
v  3.2688 -4.9363 1.6453
v  3.1579 -4.9562 1.5986
v  3.1441 -4.9011 1.5844
v  3.1119 -4.8405 1.5818
v  3.2606 -5.0060 1.6855
v  3.2082 -5.0726 1.7256
v  3.1290 -5.0574 1.6590
v  3.1529 -5.0161 1.6208
v  3.0196 -5.0524 1.6546
v  3.0022 -4.9946 1.5992
v  2.8753 -5.0597 1.6519
v  2.8517 -4.9902 1.5693
v  2.8602 -4.9133 1.5324
v  3.0104 -4.9396 1.5672
v  -0.3371 -3.8702 2.7123
v  -0.6907 -3.6394 2.8262
v  -0.7166 -3.6418 2.7198
v  -0.3646 -3.8610 2.6058
v  -0.0739 -4.0020 2.5349
v  -0.0488 -4.0240 2.6282
v  -1.0282 -3.1282 2.7364
v  -0.6084 -3.3872 2.5449
v  -0.6260 -3.4177 2.5995
v  -1.0568 -3.1650 2.7909
v  -1.4469 -2.9600 2.9077
v  -1.4058 -2.9225 2.8659
v  -1.5900 -2.8512 2.9054
v  -1.6478 -2.8866 2.9265
v  -1.1480 -3.4331 2.9353
v  -1.5613 -3.2858 3.0014
v  -1.5590 -3.2231 2.9290
v  -1.1570 -3.4003 2.8482
v  -1.7524 -3.1754 3.0388
v  -1.7519 -3.2256 3.1087
v  -1.8520 -3.1844 3.1038
v  -1.8363 -3.1170 3.0504
v  -1.7984 -3.0369 3.0077
v  -1.7287 -3.1088 2.9985
v  -1.1461 -3.3410 2.8149
v  -1.5340 -3.1544 2.9092
v  -1.5203 -3.0939 2.9040
v  -1.1262 -3.2789 2.8057
v  -0.6743 -3.5068 2.6662
v  -0.7072 -3.5803 2.6667
v  -1.7037 -3.0258 2.9777
v  -1.6856 -2.9510 2.9606
v  -1.7803 -2.9369 2.9546
v  -1.4902 -3.0252 2.9071
v  -1.8656 -2.9102 2.9234
v  -1.8737 -2.9914 2.9926
v  -1.6953 -3.0755 2.9769
v  -1.8993 -3.0722 3.0469
v  -1.9224 -3.1411 3.1068
v  -1.0935 -3.2198 2.8079
v  -0.6447 -3.4554 2.6502
v  -2.1473 -3.1302 3.1835
v  -2.0380 -3.2193 3.2528
v  -2.0136 -3.3700 3.3429
v  -1.9854 -3.3554 3.3196
v  -1.9082 -3.4278 3.3230
v  -1.9376 -3.4524 3.3505
v  -1.9289 -3.2006 3.1694
v  -1.8449 -3.2208 3.1790
v  -1.8258 -3.2731 3.2464
v  -1.9290 -3.2409 3.2319
v  -1.7403 -3.2348 3.1852
v  -1.7294 -3.2667 3.2318
v  -1.8496 -3.3241 3.2674
v  -1.8649 -3.3647 3.2830
v  -1.9567 -3.3180 3.2873
v  -1.9447 -3.2820 3.2657
v  -1.9499 -3.3542 3.3027
v  -1.8796 -3.4021 3.3016
v  -1.7306 -3.3352 3.2648
v  -1.7042 -3.3074 3.2531
v  -1.5319 -3.3690 3.2534
v  -1.5453 -3.4212 3.2891
v  -1.8383 -3.5368 3.3618
v  -1.8058 -3.5003 3.3267
v  -1.6295 -3.6274 3.3474
v  -1.6671 -3.6743 3.3837
v  -1.7014 -3.7114 3.4398
v  -1.8669 -3.5627 3.4118
v  -1.7573 -3.4158 3.2905
v  -1.7779 -3.4582 3.3071
v  -1.5774 -3.5260 3.3371
v  -1.6004 -3.5780 3.3372
v  -1.7450 -3.3733 3.2775
v  -1.5584 -3.4715 3.3215
v  -1.3339 -3.8726 3.3892
v  -1.3865 -3.9342 3.3957
v  -1.0099 -4.2007 3.4042
v  -1.0716 -4.2625 3.4188
v  -1.1277 -4.3107 3.4816
v  -1.4350 -3.9823 3.4490
v  -0.7736 -3.8299 3.0734
v  -1.1758 -3.5635 3.1859
v  -1.2088 -3.6430 3.2417
v  -0.8302 -3.9299 3.1714
v  -1.2459 -3.7179 3.2991
v  -0.8891 -4.0283 3.2770
v  -0.9401 -4.1096 3.3624
v  -1.2775 -3.7788 3.3521
v  -1.3014 -3.8239 3.3848
v  -0.9720 -4.1561 3.4029
v  -0.7941 -4.6016 3.4928
v  -0.7268 -4.5426 3.4519
v  -0.5071 -4.8318 3.5037
v  -0.5906 -4.9024 3.5444
v  -0.6514 -4.9485 3.6410
v  -0.8500 -4.6453 3.5720
v  -0.4279 -4.0787 2.9840
v  -0.1680 -4.2850 2.9117
v  -0.2620 -4.4404 3.0779
v  -0.5038 -4.2057 3.1227
v  -0.5698 -4.3330 3.2805
v  -0.3275 -4.5914 3.2807
v  -0.3915 -4.7225 3.4343
v  -0.6305 -4.4411 3.4029
v  -0.6764 -4.4978 3.4499
v  -0.4454 -4.7859 3.4945
v  0.5425 -5.9964 3.5328
v  0.1961 -5.7291 3.5636
v  0.2948 -5.6437 3.5534
v  0.6365 -5.9023 3.5345
v  1.0538 -6.2064 3.5102
v  0.9619 -6.3121 3.4980
v  0.8570 -6.4053 3.5477
v  0.4403 -6.0834 3.5847
v  0.1008 -5.8027 3.6336
v  0.6582 -5.8374 3.4903
v  0.3347 -5.5764 3.5318
v  0.3500 -5.5033 3.4066
v  0.6708 -5.7530 3.3601
v  1.0953 -6.0124 3.3356
v  1.0656 -6.1357 3.4528
v  -0.4926 -4.2202 3.7932
v  -0.5174 -4.2611 3.8903
v  -0.1852 -4.5982 3.8658
v  -0.1568 -4.5668 3.7477
v  -0.8654 -3.8366 3.8287
v  -0.8579 -3.8591 3.9175
v  -0.8724 -3.9006 4.0110
v  -0.5398 -4.2955 3.9942
v  -0.2102 -4.6166 3.9989
v  -1.1144 -3.5246 3.9168
v  -1.1055 -3.4988 3.8490
v  -1.2765 -3.2404 3.8578
v  -1.2907 -3.2596 3.9127
v  -1.3182 -3.2807 3.9677
v  -1.1359 -3.5588 3.9869
v  -1.0302 -3.2651 3.5173
v  -0.7449 -3.5323 3.4005
v  -1.2580 -3.0646 3.5704
v  -1.2721 -3.1474 3.6373
v  -1.0531 -3.3769 3.5884
v  -0.7675 -3.6582 3.5077
v  -1.1114 -3.4908 3.7902
v  -0.8490 -3.8107 3.7689
v  -0.8315 -3.7863 3.7030
v  -1.1041 -3.4741 3.7320
v  -1.2976 -3.2208 3.7541
v  -1.2827 -3.2291 3.8071
v  -1.0786 -3.4394 3.6634
v  -1.2902 -3.1964 3.6955
v  -0.8005 -3.7392 3.6116
v  -1.5867 -2.9131 3.9666
v  -1.5120 -2.9830 3.9278
v  -1.5207 -2.9532 3.8949
v  -1.5961 -2.8598 3.9300
v  -1.6910 -2.7909 3.9757
v  -1.6468 -2.8843 4.0223
v  -1.6229 -2.9898 4.0279
v  -1.5594 -2.9977 3.9859
v  -1.5044 -3.0245 3.9561
v  -1.3647 -2.7808 3.6543
v  -1.4597 -2.7141 3.7383
v  -1.4742 -2.8585 3.7204
v  -1.3858 -2.8769 3.6242
v  -1.4358 -3.0144 3.6454
v  -1.3926 -2.9725 3.5976
v  -1.4134 -3.0852 3.9169
v  -1.4101 -3.0659 3.8743
v  -1.4381 -3.1049 3.9560
v  -1.5513 -2.6400 3.7969
v  -1.6519 -2.5714 3.8380
v  -1.6229 -2.6809 3.8857
v  -1.5313 -2.7450 3.8203
v  -1.5294 -2.8057 3.8219
v  -1.5691 -2.7964 3.8579
v  -1.5218 -2.9089 3.8150
v  -1.5175 -2.9068 3.7597
v  -1.6538 -2.7264 3.9365
v  -1.7254 -2.6389 3.9935
v  -1.7193 -2.5860 3.9404
v  -1.7527 -2.6844 4.0514
v  -1.5210 -2.9246 3.8598
v  -1.5938 -2.8191 3.8917
v  -1.7138 -2.5061 3.8983
v  -1.4216 -3.0535 3.8302
v  -1.4335 -3.0420 3.7819
v  -1.4471 -3.0365 3.7168
v  -1.4910 -3.1194 3.9934
v  -1.5625 -3.1221 4.0165
v  -1.4589 -3.3266 4.0258
v  -1.3697 -3.3105 4.0135
v  -1.2678 -3.6803 4.0517
v  -1.1929 -3.6105 4.0490
v  -1.0381 -4.0661 4.0546
v  -0.9510 -3.9814 4.0533
v  -1.3139 -3.7428 4.0656
v  -1.4712 -3.4547 4.0397
v  -1.4549 -3.5778 4.0695
v  -1.3441 -3.7939 4.1064
v  -1.1294 -4.1685 4.1393
v  -1.0860 -4.1211 4.0941
v  -0.6129 -4.3670 4.0584
v  -0.7112 -4.4576 4.0459
v  -0.3874 -4.7755 4.0959
v  -0.2805 -4.6813 4.1074
v  -0.7696 -4.5052 4.0934
v  -0.8400 -4.5457 4.1506
v  -0.5496 -4.8517 4.1917
v  -0.4577 -4.8205 4.1270
v  0.7428 -6.0614 4.1478
v  0.8312 -5.9604 4.1155
v  0.5088 -5.7353 4.0741
v  0.4357 -5.8396 4.1038
v  0.2924 -5.9339 4.1596
v  0.5728 -6.1512 4.2051
v  0.8796 -6.3963 4.2472
v  1.0814 -6.3167 4.2041
v  1.1881 -6.2285 4.1732
v  0.3774 -6.1385 3.6772
v  0.7939 -6.4471 3.6677
v  0.7397 -6.4687 3.7725
v  0.3440 -6.1514 3.7859
v  0.0160 -5.8644 3.8127
v  0.0483 -5.8476 3.7189
v  -0.8843 -4.6668 3.6477
v  -0.9205 -4.6862 3.7193
v  -1.1795 -4.3429 3.6499
v  -1.1557 -4.3295 3.5682
v  -0.6884 -4.9676 3.7171
v  -0.7239 -4.9812 3.7844
v  -1.8898 -3.5826 3.4646
v  -1.7274 -3.7387 3.5038
v  -1.7406 -3.7538 3.5694
v  -1.9048 -3.5979 3.5198
v  -1.4686 -4.0134 3.5226
v  -1.4847 -4.0260 3.6016
v  -1.9124 -3.6138 3.5726
v  -1.7454 -3.7643 3.6226
v  -1.7373 -3.7583 3.6801
v  -1.9073 -3.6302 3.6247
v  -2.0345 -3.5648 3.5901
v  -2.0197 -3.5231 3.5268
v  -2.1020 -3.4448 3.4923
v  -2.1289 -3.4646 3.5436
v  -1.4924 -4.0306 3.6669
v  -1.5064 -4.0354 3.7258
v  -1.1970 -4.3490 3.7245
v  -1.2334 -4.3667 3.7930
v  -1.9503 -3.6463 3.6825
v  -1.8882 -3.6522 3.6768
v  -1.7538 -3.7699 3.7370
v  -1.8079 -3.8075 3.7984
v  -1.5807 -3.3449 4.0391
v  -1.6052 -3.2249 4.0068
v  -1.6921 -3.1862 4.0247
v  -1.6539 -3.3233 4.0674
v  -1.5697 -3.5347 4.1315
v  -1.5219 -3.5284 4.0877
v  -1.7373 -3.0944 4.0665
v  -1.7598 -3.0652 4.0800
v  -1.7892 -3.1533 4.0788
v  -1.7495 -3.1705 4.0541
v  -1.6965 -3.0885 4.0563
v  -1.7162 -3.0238 4.0817
v  -1.6341 -3.1036 4.0371
v  -1.6730 -2.9978 4.0608
v  2.2924 -7.1298 3.6462
v  2.3805 -7.0022 3.6334
v  2.4418 -7.0560 3.6995
v  2.3717 -7.1679 3.7044
v  2.4711 -7.0936 3.7546
v  2.4315 -7.1761 3.7804
v  2.3615 -7.2231 3.8082
v  2.2901 -7.2279 3.7772
v  2.1938 -7.2012 3.7352
v  2.3728 -7.0303 4.0789
v  2.2974 -7.1438 4.0605
v  2.3804 -7.1537 4.0265
v  2.4404 -7.0848 4.0047
v  2.4474 -6.9967 3.9686
v  2.4058 -6.9294 3.9854
v  2.3406 -6.8413 4.0183
v  2.2852 -6.9616 4.1345
v  2.1793 -7.0963 4.1013
v  2.2606 -7.1989 3.9971
v  2.1329 -7.1652 4.0187
v  2.1262 -7.2010 3.9256
v  2.2527 -7.2332 3.9320
v  2.3682 -7.2217 3.9191
v  2.3781 -7.1960 3.9719
v  2.4797 -7.1373 3.8931
v  2.4723 -7.1143 3.9438
v  2.4751 -6.9963 3.8548
v  2.4644 -6.9890 3.9115
v  2.3622 -7.2289 3.8633
v  2.2576 -7.2414 3.8561
v  2.1449 -7.2096 3.8335
v  2.4659 -7.1620 3.8468
v  2.4858 -7.0435 3.8025
v  2.4518 -6.9534 3.7484
v  2.3985 -6.8773 3.6915
v  2.3727 -6.8021 3.7853
v  2.4233 -6.8941 3.8197
v  2.4067 -6.8915 3.8954
v  2.3444 -6.8027 3.8905
v  -1.7336 -3.8086 4.5298
v  -1.8320 -3.4977 4.3773
v  -1.8993 -3.5218 4.3906
v  -1.8025 -3.8300 4.5430
v  -1.6829 -4.2012 4.7525
v  -1.6100 -4.1775 4.7208
v  -1.5536 -4.1611 4.6679
v  -1.6742 -3.7882 4.4962
v  -1.7743 -3.4772 4.3417
v  -1.8868 -3.8314 4.5294
v  -1.9779 -3.5255 4.3775
v  -2.0660 -3.5511 4.3410
v  -1.9792 -3.8536 4.4929
v  -1.8835 -4.2385 4.7226
v  -1.7790 -4.2110 4.7517
v  -1.8936 -3.2719 4.2402
v  -1.9282 -3.1163 4.1300
v  -1.9864 -3.1290 4.1439
v  -1.9570 -3.2895 4.2554
v  -1.8414 -3.2633 4.2060
v  -1.8752 -3.1134 4.1098
v  -2.0250 -3.2987 4.2452
v  -2.0400 -3.1406 4.1436
v  -2.1221 -3.1551 4.1168
v  -2.1079 -3.3297 4.2172
v  -1.8013 -3.0257 4.1071
v  -1.7598 -2.9590 4.1119
v  -1.8300 -2.8900 4.1597
v  -1.8595 -2.9958 4.1332
v  -1.8305 -3.1296 4.0955
v  -2.1873 -3.1132 4.0250
v  -2.1148 -3.0364 4.1157
v  -2.1375 -2.9568 4.1601
v  -2.2254 -2.9909 4.0720
v  -2.1965 -3.0409 4.0604
v  -2.2624 -2.9317 4.0716
v  -2.2089 -2.9339 4.1736
v  -1.7999 -2.7321 4.1254
v  -1.8499 -2.7783 4.2151
v  -1.7398 -2.8226 4.0968
v  -1.7047 -2.9054 4.0787
v  -2.1747 -2.8627 4.2647
v  -2.1146 -2.8775 4.2634
v  -2.0768 -2.7639 4.3207
v  -2.1661 -2.7676 4.3364
v  -1.9327 -2.9930 4.1344
v  -1.9281 -2.9081 4.1958
v  -2.0101 -2.9224 4.1842
v  -2.0009 -3.0067 4.1326
v  -2.0390 -2.5845 4.2980
v  -2.1174 -2.6261 4.3301
v  -1.9803 -2.7083 4.2924
v  -2.1851 -2.6621 4.3464
v  -2.0232 -2.8583 4.2735
v  -2.0748 -2.8944 4.2483
v  -2.0667 -2.9391 4.1643
v  -1.9396 -2.8195 4.2607
v  -2.0544 -3.0216 4.1267
v  -2.2117 -3.2010 3.9584
v  -2.2598 -3.2897 3.8858
v  -2.2556 -3.3947 3.9537
v  -2.1986 -3.2840 4.0394
v  -2.0938 -3.5791 3.6362
v  -2.1509 -3.6001 3.6820
v  -2.2103 -3.4904 3.6415
v  -2.1689 -3.4777 3.5930
v  -2.2375 -3.3323 3.6547
v  -2.2194 -3.3388 3.5838
v  -2.2685 -3.4447 3.7296
v  -2.2397 -3.5107 3.6919
v  -2.2117 -3.6029 3.7411
v  -2.2734 -3.5638 3.8009
v  -2.2653 -3.3695 3.8022
v  -2.2892 -3.2750 3.7418
v  -2.2935 -3.4906 3.8759
v  -2.0053 -3.8550 3.8123
v  -2.0901 -3.7070 3.7220
v  -2.0162 -3.6756 3.6903
v  -1.9193 -3.8102 3.8062
v  -2.1816 -3.4281 4.1406
v  -2.2263 -3.5436 4.0479
v  -2.1775 -3.7564 4.1719
v  -2.1480 -3.6452 4.2705
v  -2.2473 -3.6333 3.9645
v  -2.2349 -3.6961 3.8781
v  -2.1581 -3.8766 3.9855
v  -2.1883 -3.8349 4.0803
v  -2.1686 -3.7150 3.7922
v  -2.0940 -3.8810 3.8848
v  -2.0612 -3.9446 4.4200
v  -2.0945 -4.0513 4.3228
v  -2.0054 -4.4280 4.5452
v  -1.9658 -4.3276 4.6444
v  -1.9835 -4.1451 4.0530
v  -1.8882 -4.1032 3.9977
v  -1.7739 -4.4732 4.2155
v  -1.8746 -4.5123 4.2690
v  -1.9492 -4.5187 4.3635
v  -2.0469 -4.1487 4.1505
v  -2.0855 -4.1194 4.2345
v  -1.9852 -4.4884 4.4540
v  -1.8717 -4.8012 4.9797
v  -1.9147 -4.8855 4.8766
v  -1.8382 -5.2952 5.1849
v  -1.8039 -5.2218 5.3043
v  -1.7021 -5.1377 5.3713
v  -1.7798 -4.7217 5.0425
v  -1.7784 -4.9622 4.5336
v  -1.6677 -4.9332 4.4730
v  -1.5982 -5.3594 4.6830
v  -1.7112 -5.3696 4.7660
v  -1.7888 -5.3511 4.9003
v  -1.8645 -4.9618 4.6410
v  -1.8982 -4.9332 4.7626
v  -1.8244 -5.3294 5.0474
v  -1.2165 -6.4859 5.9335
v  -1.3055 -6.5341 5.8496
v  -1.2272 -6.8577 6.0630
v  -1.1143 -6.7972 6.1621
v  -0.9756 -6.7439 6.2058
v  -1.1112 -6.4435 5.9833
v  -1.2372 -6.1686 5.8276
v  -1.3366 -6.2084 5.7812
v  -1.4124 -6.2567 5.6955
v  -1.4492 -6.3298 5.5917
v  -1.4365 -6.3932 5.4658
v  -1.3458 -6.6650 5.6176
v  -1.3644 -6.6038 5.7472
v  -1.2607 -6.9867 5.7938
v  -1.2837 -6.9258 5.9363
v  -1.2641 -6.6983 5.4714
v  -1.1131 -6.6585 5.4057
v  -1.0120 -7.0199 5.5893
v  -1.1665 -7.0342 5.6525
v  -1.3580 -6.4066 5.3231
v  -1.2295 -6.3609 5.2372
v  0.9344 -1.0763 0.7164
v  1.1660 -1.0885 0.6117
v  1.1097 -1.0755 0.5404
v  0.8705 -1.0720 0.6374
v  0.9887 -1.1159 0.7823
v  1.2160 -1.1181 0.6761
v  0.9957 -1.2583 0.7811
v  1.0084 -1.1869 0.8044
v  1.2381 -1.2602 0.7062
v  1.2443 -1.1795 0.7146
v  0.9637 -1.3176 0.7332
v  0.9315 -1.3907 0.6823
v  1.1688 -1.3999 0.6218
v  1.1954 -1.3217 0.6470
v  1.7550 -4.0093 2.2292
v  2.1188 -4.1625 2.0979
v  2.1024 -4.1068 2.0405
v  1.7534 -3.9514 2.1724
v  2.0762 -4.0126 1.9565
v  1.7362 -3.8647 2.0796
v  1.3671 -3.7512 2.1670
v  1.3794 -3.8344 2.2664
v  1.8357 -1.3995 0.1453
v  1.7953 -1.4795 0.1839
v  1.7312 -1.4790 0.1087
v  1.7833 -1.4182 0.0736
v  1.7108 -1.1194 -0.0467
v  1.6650 -1.2136 -0.0520
v  1.5524 -1.1593 -0.0355
v  1.5761 -1.0663 -0.0212
v  1.7919 -1.5405 0.2061
v  1.8305 -1.6777 0.2371
v  1.7689 -1.6767 0.1950
v  1.7378 -1.5388 0.1512
v  3.0680 -4.7359 1.5965
v  3.0243 -4.7949 1.5597
v  2.8700 -4.7014 1.5520
v  2.9796 -4.6444 1.5632
v  2.9095 -4.5740 1.5260
v  2.8277 -4.4617 1.4809
v  2.8860 -4.4085 1.5471
v  2.9756 -4.5201 1.6079
v  2.7889 -4.6005 1.5346
v  2.7146 -4.4703 1.4952
v  3.0117 -4.8677 1.5497
v  2.8676 -4.8153 1.5264
v  3.0956 -5.1011 1.7741
v  3.1761 -5.0724 1.9118
v  3.0763 -5.1213 2.0087
v  2.9696 -5.0830 1.8166
v  2.1120 -6.8148 4.1956
v  1.9612 -6.9766 4.1947
v  2.0760 -7.0402 4.1436
v  2.2007 -6.8924 4.1723
v  2.2769 -6.7594 4.0512
v  2.2051 -6.6834 4.0745
v  1.9995 -7.1273 4.0346
v  1.9849 -7.1430 3.8992
v  1.8746 -7.1317 4.0637
v  1.7966 -7.1390 3.8702
v  2.3396 -6.8117 3.6485
v  2.3088 -6.9433 3.5956
v  2.2324 -6.8780 3.5402
v  2.2980 -6.7457 3.5973
v  2.2764 -6.6246 3.7102
v  2.3277 -6.7213 3.7510
v  2.2883 -6.7226 3.8862
v  2.2257 -6.6496 3.8920
v  3.1723 -4.7941 2.1221
v  3.2456 -4.8329 2.0236
v  3.1489 -4.9547 2.1770
v  3.2317 -4.9335 2.0440
v  3.2119 -5.0148 2.0018
v  3.1516 -5.0708 2.1096
v  1.0495 -5.0367 2.4756
v  0.6787 -4.8787 2.5659
v  1.5097 -5.2202 2.3980
v  1.3509 -5.5223 2.7255
v  0.8801 -5.3403 2.7466
v  0.5187 -5.1467 2.8168
v  0.7422 -5.5928 3.0714
v  0.4032 -5.3668 3.1285
v  1.2062 -5.7911 3.0716
v  0.4907 -0.4823 0.1241
v  0.3134 -0.4476 0.2836
v  0.3918 -0.6651 0.3938
v  0.5742 -0.7142 0.2329
v  0.7923 -0.7488 0.1049
v  0.6844 -0.5288 -0.0235
v  0.5928 -0.2893 -0.1293
v  0.4065 -0.2516 0.0139
v  0.2464 -0.2202 0.1822
v  0.6703 -0.6599 -0.2797
v  0.7504 -0.8312 -0.1574
v  0.6427 -0.8369 -0.0982
v  0.5649 -0.6692 -0.2197
v  0.7744 -0.6430 -0.3315
v  0.8575 -0.8194 -0.2099
v  1.1371 -0.4513 -0.3154
v  1.1562 -0.4179 -0.2922
v  1.2836 -0.6083 -0.1965
v  1.2627 -0.6413 -0.2233
v  1.3964 -0.7771 -0.0990
v  1.3769 -0.8096 -0.1234
v  1.3390 -0.8417 -0.1443
v  1.2266 -0.6746 -0.2458
v  1.1093 -0.4863 -0.3391
v  1.4738 -0.9550 -0.0572
v  1.4428 -1.0009 -0.0724
v  1.4865 -0.9086 -0.0341
v  1.4906 -0.8632 0.0057
v  1.3776 -0.7560 -0.0627
v  1.3276 -0.7522 -0.0334
v  1.4421 -0.8630 0.0551
v  1.2645 -0.5839 -0.1552
v  1.1685 -0.3783 -0.2514
v  1.1335 -0.3484 -0.2022
v  1.2189 -0.5717 -0.1293
v  0.8225 -1.0499 0.5739
v  1.0609 -1.0498 0.4793
v  0.9972 -1.0067 0.3919
v  0.7632 -1.0018 0.4906
v  0.5601 -0.9688 0.6123
v  0.6148 -1.0259 0.6826
v  0.6716 -0.8934 0.3639
v  0.4769 -0.8482 0.5061
v  0.9030 -0.9068 0.2566
v  2.7367 -4.2480 1.3424
v  2.6404 -4.2503 1.3518
v  2.5633 -3.9953 1.0974
v  2.6434 -3.9741 1.1167
v  2.8026 -4.2079 1.3866
v  1.5261 -3.2524 1.3890
v  1.6091 -3.4941 1.6758
v  1.9088 -3.6395 1.5451
v  1.8175 -3.3634 1.2839
v  1.7052 -3.0399 1.0378
v  1.4242 -2.9617 1.1203
v  1.6837 -3.7047 1.9098
v  1.3317 -3.5934 2.0029
v  2.0075 -3.8496 1.7856
v  2.4998 -3.6351 0.8811
v  2.4564 -3.6726 0.8282
v  2.3288 -3.2945 0.5713
v  2.3687 -3.2566 0.6346
v  1.9284 -1.9894 0.2936
v  2.0870 -2.3946 0.3597
v  2.0225 -2.4134 0.2860
v  1.8645 -1.9933 0.2536
v  2.2522 -2.8274 0.4539
v  2.1803 -2.8600 0.3915
v  2.2746 -2.8004 0.5431
v  1.2887 -2.6167 0.9414
v  1.5392 -2.6887 0.8308
v  1.3908 -2.2957 0.7146
v  1.1627 -2.2438 0.8475
v  1.2916 -4.5389 2.1028
v  0.9577 -4.3997 2.2476
v  0.9845 -4.3501 2.1550
v  1.3152 -4.4850 2.0177
v  1.7056 -4.6787 1.8534
v  1.7061 -4.7317 1.9564
v  1.9461 -1.1694 0.2371
v  1.9402 -1.1047 0.2139
v  1.8496 -1.0833 0.2977
v  1.8659 -1.1497 0.3160
v  1.9178 -1.0531 0.1773
v  1.8272 -1.0346 0.2631
v  1.7243 -1.3977 0.0222
v  1.6539 -1.4302 0.0423
v  1.5950 -1.3749 -0.0076
v  1.6791 -1.3528 -0.0140
v  1.6576 -1.2907 -0.0399
v  1.5712 -1.2895 -0.0353
v  1.0571 -1.8930 0.7835
v  1.2848 -1.9092 0.6756
v  1.1972 -1.6204 0.6250
v  0.9722 -1.6252 0.7238
v  0.9361 -1.4813 0.6926
v  1.1657 -1.4743 0.6155
v  1.1367 -1.9663 0.5467
v  0.9480 -1.9709 0.5925
v  0.9147 -1.7250 0.4579
v  1.0843 -1.7076 0.4137
v  1.2763 -1.6919 0.3502
v  1.3487 -1.9687 0.4720
v  1.0597 -1.5953 0.3492
v  0.9038 -1.6102 0.4087
v  1.2433 -1.5690 0.2915
v  2.2127 -7.0702 3.6055
v  2.0989 -7.1414 3.6958
v  2.0026 -7.0793 3.6590
v  2.1241 -7.0077 3.5759
v  2.0232 -7.1492 3.8006
v  1.8953 -7.1141 3.7556
v  0.9419 -5.7184 3.8331
v  0.6438 -5.4692 3.8020
v  0.6394 -5.5119 3.9139
v  0.9446 -5.7474 3.9371
v  1.3177 -5.9904 3.9993
v  1.3124 -5.9707 3.8843
v  1.3188 -5.9299 3.7931
v  0.9448 -5.6715 3.7406
v  0.6330 -5.4341 3.6913
v  0.9140 -5.8209 4.0775
v  0.5991 -5.5936 4.0538
v  1.2812 -6.0804 4.1400
v  1.6569 -4.2995 2.4806
v  1.6957 -4.2383 2.4618
v  1.3045 -4.1297 2.5572
v  1.2559 -4.1982 2.5633
v  1.1771 -4.3237 2.6048
v  1.5837 -4.4228 2.5389
v  1.9983 -4.5987 2.4246
v  2.0770 -4.4636 2.3643
v  2.1144 -4.3988 2.3406
v  1.4212 -4.6822 2.6681
v  1.2224 -5.0072 2.8581
v  1.6357 -5.2202 2.7986
v  1.8485 -4.8607 2.6084
v  1.0219 -4.5678 2.7169
v  0.8501 -4.8527 2.9106
v  2.9872 -4.4487 1.6781
v  2.9010 -4.3457 1.6084
v  2.8500 -4.2956 1.6716
v  2.9329 -4.3947 1.7480
v  2.8267 -4.1522 1.4517
v  2.7719 -4.1163 1.5141
v  1.4329 -3.9275 1.6720
v  1.8018 -4.0457 1.5655
v  1.8469 -4.2498 1.7443
v  1.4617 -4.1260 1.8505
v  1.1345 -3.9672 1.9654
v  1.1083 -3.8055 1.7669
v  1.4765 -4.2138 1.9520
v  1.4627 -4.2759 1.9967
v  1.1204 -4.1415 2.0793
v  1.1357 -4.0720 2.0506
v  1.8642 -4.3503 1.8282
v  1.8562 -4.4099 1.8635
v  2.7741 -5.5682 2.3906
v  2.7352 -5.6019 2.3432
v  2.9263 -5.2803 2.1900
v  3.0039 -5.2713 2.2581
v  2.9481 -5.1984 2.3199
v  2.7387 -5.5059 2.4320
v  2.5444 -5.8802 2.6803
v  2.5972 -5.9667 2.6400
v  2.5798 -6.0812 2.5309
v  3.1112 -5.1358 2.1821
v  3.0642 -5.0475 2.2470
v  3.0469 -5.1754 2.0953
v  1.7562 -4.1661 2.4545
v  2.1662 -4.3179 2.3349
v  2.1936 -4.2393 2.2852
v  1.7963 -4.0926 2.4036
v  1.3642 -4.0561 2.5371
v  1.7769 -4.0570 2.3082
v  2.1662 -4.1901 2.1921
v  1.3418 -4.4421 1.9801
v  1.0181 -4.3063 2.1108
v  1.0533 -4.2640 2.0948
v  1.3763 -4.4001 1.9795
v  1.7639 -4.5503 1.8234
v  1.7255 -4.6125 1.8083
v  1.4245 -4.3458 2.0053
v  1.8171 -4.4864 1.8659
v  1.0901 -4.2080 2.0905
v  2.4052 -6.2077 3.0851
v  2.2651 -6.4535 3.4370
v  2.3110 -6.5613 3.3696
v  2.4352 -6.3137 3.0184
v  2.3487 -6.3711 2.9424
v  2.2135 -6.6130 3.3006
v  2.2157 -6.7756 3.4546
v  2.2655 -6.5641 3.6136
v  2.2892 -6.6825 3.5300
v  1.0502 -5.3132 3.1260
v  0.7157 -5.0986 3.1712
v  0.6407 -5.2719 3.4262
v  0.9535 -5.5194 3.4207
v  1.3560 -5.7649 3.4607
v  1.4324 -5.5816 3.0785
v  0.9420 -5.6089 3.6257
v  1.3470 -5.8396 3.6967
v  0.6278 -5.3696 3.5861
v  1.7732 -7.1637 4.0953
v  1.8115 -7.0307 4.2201
v  1.5325 -7.0422 4.2418
v  1.5357 -7.2174 4.1994
v  1.4449 -7.3019 4.0580
v  1.6666 -7.1799 3.9387
v  0.2852 -6.1651 3.8676
v  0.6771 -6.4819 3.8504
v  0.5268 -6.5247 3.9772
v  0.1553 -6.2084 3.9959
v  -0.1744 -5.9400 3.9983
v  -0.0511 -5.8881 3.8868
v  -0.9187 -6.3699 5.7355
v  -1.0289 -6.0631 5.5753
v  -1.0513 -6.0900 5.7183
v  -0.9292 -6.3735 5.8786
v  -0.7558 -6.6698 6.0812
v  -0.7311 -6.6809 5.9362
v  -0.6955 -6.6758 5.8135
v  -0.8966 -6.3500 5.6055
v  -1.0173 -6.0351 5.4402
v  -1.0053 -6.3969 5.9724
v  -0.8474 -6.6907 6.1856
v  -1.1297 -6.1193 5.8171
v  1.3951 -1.0917 0.5016
v  1.5945 -1.0675 0.4093
v  1.5449 -1.0412 0.3656
v  1.3435 -1.0740 0.4445
v  1.4378 -1.1152 0.5553
v  1.6298 -1.0995 0.4502
v  1.4379 -1.3244 0.5955
v  1.4046 -1.3981 0.5778
v  1.5965 -1.3914 0.5109
v  1.6280 -1.3111 0.5050
v  1.6576 -1.2265 0.4934
v  1.4784 -1.2456 0.6229
v  2.1026 -3.4775 1.1724
v  2.3444 -3.5427 1.1076
v  2.1885 -3.1966 0.8695
v  1.9730 -3.1297 0.9405
v  2.2076 -3.7751 1.4164
v  2.4825 -3.8170 1.3676
v  2.5518 -4.3281 2.0860
v  2.8646 -4.4325 2.0073
v  2.7752 -4.3998 1.8862
v  2.4873 -4.2903 1.9820
v  2.5958 -4.3941 2.1960
v  2.9177 -4.5262 2.1297
v  1.6678 -1.5389 0.1384
v  1.7072 -1.6718 0.1959
v  1.6181 -1.6677 0.2323
v  1.5686 -1.5418 0.1641
v  1.5434 -1.4982 0.1261
v  1.6431 -1.4911 0.1042
v  2.7600 -4.7807 1.5632
v  2.7487 -4.8802 1.5612
v  2.5792 -4.8139 1.6568
v  2.5956 -4.7258 1.6591
v  2.5905 -4.6270 1.6401
v  2.7499 -4.6782 1.5675
v  2.3646 -3.6880 0.8242
v  2.4804 -3.9996 1.0998
v  2.3290 -3.9847 1.1210
v  2.2106 -3.6713 0.8565
v  2.0825 -3.2865 0.6319
v  2.2258 -3.3113 0.5735
v  1.8909 -6.6116 4.1895
v  1.7663 -6.7520 4.2002
v  1.9001 -6.8701 4.2254
v  2.0314 -6.7373 4.2031
v  2.1267 -6.6107 4.0867
v  1.9738 -6.4912 4.0770
v  3.0929 -4.7456 2.1790
v  2.9267 -4.6577 2.2182
v  2.9056 -4.7788 2.2955
v  3.0543 -4.8906 2.2246
v  3.0725 -4.6071 2.0809
v  1.8586 -5.8059 3.1110
v  2.1699 -6.0362 3.0936
v  2.3268 -5.7324 2.6765
v  2.0017 -5.5178 2.6866
v  1.7830 -5.9878 3.5201
v  2.0532 -6.2650 3.4748
v  0.8686 -0.5587 -0.0863
v  1.0257 -0.5639 -0.0905
v  0.9134 -0.3618 -0.2203
v  0.7643 -0.3311 -0.1982
v  0.9940 -0.7487 0.0597
v  1.1534 -0.7393 0.0457
v  1.5966 -0.9872 0.2478
v  1.4898 -0.9451 0.1893
v  1.3787 -0.9656 0.2569
v  1.4720 -1.0114 0.3216
v  1.6791 -1.0234 0.2879
v  1.7258 -1.0535 0.3282
v  1.7530 -1.0909 0.3630
v  1.2842 -1.0434 0.3921
v  1.2086 -0.9917 0.3178
v  1.7748 -1.1484 0.3844
v  1.6538 -1.1538 0.4753
v  1.7738 -1.2237 0.3961
v  1.7395 -1.3104 0.4102
v  1.7074 -1.3967 0.4265
v  1.4708 -1.1635 0.6000
v  1.7070 -1.4695 0.4373
v  1.5977 -1.4547 0.5195
v  1.6504 -1.5927 0.5618
v  1.7565 -1.6163 0.4688
v  1.4028 -1.4619 0.5769
v  1.4510 -1.5970 0.6215
v  2.1087 -2.8199 0.6457
v  1.9547 -2.3668 0.5494
v  1.8496 -2.3524 0.5736
v  2.0110 -2.7923 0.6809
v  2.3003 -3.2237 0.8447
v  2.4707 -3.5679 1.0840
v  2.6132 -3.8529 1.3324
v  1.8065 -2.7411 0.7543
v  1.6463 -2.3254 0.6376
v  2.8586 -4.3693 1.7834
v  2.7822 -4.2710 1.7016
v  2.6511 -4.2293 1.7433
v  2.7186 -4.3244 1.8290
v  2.9195 -4.4557 1.8369
v  3.0139 -4.5049 1.9557
v  2.4504 -4.2257 1.9258
v  2.3966 -4.1417 1.8340
v  1.1549 -1.0960 -0.0097
v  1.0602 -0.9361 -0.1153
v  1.1830 -0.9046 -0.1455
v  1.2840 -1.0682 -0.0500
v  1.3705 -1.2241 -0.0069
v  1.2363 -1.2506 0.0438
v  1.2771 -1.3712 0.0309
v  1.4152 -1.3453 -0.0263
v  1.4556 -1.4203 0.0061
v  1.3160 -1.4425 0.0597
v  1.4644 -1.1898 -0.0281
v  1.5030 -1.3122 -0.0415
v  1.5359 -1.3953 -0.0066
v  1.3789 -1.0369 -0.0669
v  1.2760 -0.8752 -0.1583
v  1.3577 -1.4897 0.1149
v  1.5023 -1.4675 0.0650
v  1.3952 -1.5114 0.1802
v  1.4198 -1.5530 0.2203
v  1.4650 -1.6759 0.2867
v  1.5908 -1.4466 0.0523
v  2.2365 -4.4740 1.6882
v  2.2030 -4.3642 1.6244
v  2.4895 -4.4317 1.5441
v  2.5503 -4.5445 1.6164
v  2.2547 -4.5353 1.7192
v  2.2451 -4.6221 1.7601
v  2.2074 -4.6997 1.7303
v  2.7010 -4.5897 1.5624
v  2.6381 -4.4529 1.5204
v  1.7230 -2.8352 0.5288
v  1.6313 -2.3935 0.4429
v  1.8124 -2.4155 0.3485
v  1.9362 -2.8668 0.4454
v  1.8475 -3.2362 0.7173
v  1.9591 -3.5956 0.9489
v  2.0651 -3.8957 1.2125
v  2.0735 -2.8778 0.3921
v  1.9304 -2.4218 0.2966
v  2.2140 -4.8871 1.8850
v  2.1782 -4.8266 1.7693
v  2.5713 -4.9486 1.7096
v  2.6350 -5.0407 1.8349
v  2.6979 -5.1223 1.9576
v  2.2262 -5.0035 1.9631
v  2.2218 -5.0568 1.9917
v  2.7023 -5.1655 2.0135
v  2.6224 -5.2701 2.1044
v  2.1583 -5.1595 2.0721
v  2.9399 -5.1254 1.9844
v  2.9438 -5.1750 2.0613
v  2.8491 -5.2837 2.1733
v  2.8579 -5.0659 1.8312
v  2.7575 -5.0404 1.6626
v  1.5435 -6.3960 3.4752
v  1.5729 -6.2466 3.3401
v  1.9183 -6.5121 3.2641
v  1.8975 -6.6735 3.4071
v  1.8981 -6.7591 3.4814
v  1.5215 -6.5007 3.5192
v  1.4256 -6.6204 3.4992
v  1.8178 -6.8545 3.5257
v  1.6982 -6.9428 3.5779
v  1.3080 -6.7209 3.5312
v  2.0209 -6.9575 3.5533
v  2.1026 -6.8540 3.5118
v  1.9007 -7.0357 3.6245
v  2.1047 -6.7727 3.4228
v  2.1196 -6.5985 3.2759
v  1.2106 -6.7811 3.6389
v  1.5850 -7.0002 3.6727
v  1.4795 -7.0388 3.7625
v  1.1204 -6.8225 3.7299
v  1.0496 -6.8282 3.8094
v  1.3870 -7.0572 3.8406
v  1.1959 -7.0694 4.0125
v  0.8923 -6.8386 3.9781
v  1.5666 -7.1637 3.8711
v  1.6713 -7.1245 3.8042
v  1.3448 -7.1898 4.0171
v  1.7842 -7.0830 3.7185
v  -1.0157 -7.3518 5.8637
v  -0.8842 -7.3591 5.7974
v  -0.7855 -7.6367 5.9577
v  -0.8954 -7.6161 6.0262
v  -0.9619 -7.5668 6.1323
v  -1.1143 -7.3125 5.9798
v  -0.9624 -7.5086 6.2397
v  -1.1361 -7.2548 6.1144
v  -0.9161 -7.4533 6.3383
v  -1.0854 -7.1895 6.2416
v  -0.9586 -7.1288 6.3223
v  -0.8071 -7.4016 6.4047
v  -0.6879 -7.3537 6.4323
v  -0.8182 -7.0783 6.3469
v  -0.7051 -7.0306 6.3162
v  -0.5919 -7.3027 6.4115
v  -0.5239 -7.2815 6.3314
v  -0.6202 -7.0048 6.2298
v  -0.5729 -7.0140 6.1082
v  -0.4883 -7.3030 6.2262
v  -0.4799 -7.3431 6.1246
v  -0.5667 -7.0416 5.9907
v  1.3931 -6.5972 4.2009
v  1.1762 -6.6564 4.2803
v  1.3896 -6.8948 4.2322
v  1.6385 -6.8212 4.2043
v  1.5105 -6.5234 4.1735
v  1.6138 -6.3858 4.1418
v  1.6774 -6.2698 4.0384
v  1.7686 -6.9319 4.2326
v  1.4980 -6.9894 4.2334
v  1.6761 -6.2509 3.9164
v  1.9843 -6.4657 3.9361
v  1.9932 -6.4328 3.8144
v  1.6790 -6.2205 3.8120
v  1.7154 -6.1325 3.7051
v  2.0126 -6.3723 3.6926
v  2.1875 -6.3984 3.4497
v  2.1719 -6.4963 3.6603
v  2.1667 -6.5443 3.7769
v  2.1471 -6.5804 3.9188
v  2.5095 -4.6725 2.3628
v  2.4023 -4.8321 2.3759
v  2.7230 -5.0369 2.3719
v  2.8447 -4.8730 2.3444
v  2.5624 -4.5880 2.3398
v  2.5957 -4.4883 2.2832
v  2.9915 -4.9869 2.2771
v  2.8756 -5.1421 2.3454
v  2.6840 -5.4584 2.4436
v  2.5317 -5.3586 2.4457
v  2.4894 -5.8304 2.6862
v  2.3367 -6.1405 3.0999
v  2.2158 -5.1438 2.4653
v  2.2359 -6.3351 2.9383
v  2.0214 -6.2664 2.9291
v  2.1844 -5.9656 2.5218
v  2.4198 -6.0355 2.5222
v  2.6539 -5.6062 2.3237
v  2.4226 -5.5789 2.2648
v  1.9988 -5.4273 2.3063
v  1.8000 -5.7722 2.6096
v  1.6526 -6.0507 2.9989
v  1.1448 -0.5601 -0.0989
v  1.0393 -0.3558 -0.2058
v  1.2603 -0.7449 0.0054
v  1.1728 -0.7112 -0.2631
v  1.0925 -0.7501 -0.2662
v  0.9936 -0.5730 -0.3833
v  1.0650 -0.5272 -0.3651
v  0.8883 -0.6152 -0.3726
v  0.9791 -0.7920 -0.2511
v  1.1114 -0.8848 0.2073
v  1.2725 -0.8701 0.1656
v  1.3761 -0.8700 0.1052
v  2.7108 -4.0904 1.5464
v  2.5858 -4.0412 1.5939
v  2.3174 -3.9821 1.6601
v  2.1519 -4.1509 1.4607
v  2.4206 -4.2379 1.3687
v  2.5689 -4.2487 1.3542
v  1.5506 -1.9745 0.3830
v  1.7160 -1.9784 0.3158
v  1.8059 -1.9864 0.2731
v  1.8394 -1.9392 0.5033
v  1.7320 -1.9201 0.5620
v  1.5285 -1.9141 0.6101
v  2.7373 -4.9595 1.5867
v  2.5662 -4.8726 1.6687
v  2.1838 -4.7595 1.7299
v  -2.3608 -3.2608 3.5568
v  -2.3862 -3.2455 3.6207
v  -2.4806 -3.2121 3.6041
v  -2.4884 -3.1905 3.5536
v  -2.4255 -2.8872 3.6383
v  -2.5512 -2.9195 3.5758
v  -2.5964 -2.9611 3.6643
v  -2.4624 -2.9165 3.7240
v  -2.5921 -2.9829 3.5158
v  -2.5770 -3.0432 3.4703
v  -2.6218 -3.0862 3.5504
v  -2.6470 -3.0255 3.6016
v  -2.4723 -2.9852 3.7858
v  -2.6044 -3.0199 3.7419
v  -2.5713 -3.0677 3.7920
v  -2.4753 -3.0597 3.8309
v  -2.6566 -3.0818 3.6863
v  -2.6316 -3.1351 3.6286
v  -2.5847 -3.1839 3.7089
v  -2.5983 -3.1265 3.7641
v  -2.4631 -3.2198 3.7962
v  -2.4735 -3.1377 3.8399
v  -2.4275 -3.2465 3.7036
v  -2.5435 -3.2009 3.6461
v  -2.5750 -3.1601 3.5811
v  -2.5614 -3.1312 3.5092
v  -2.5293 -3.1008 3.4347
v  -1.7177 -3.3084 4.0986
v  -1.7700 -3.2942 4.1340
v  -1.6296 -3.5239 4.1776
v  -1.6839 -3.5325 4.2495
v  -1.7326 -3.4813 4.2967
v  -1.8063 -3.2755 4.1696
v  -1.5273 -4.1783 4.6029
v  -1.5022 -4.2113 4.5420
v  -1.5908 -3.8436 4.4073
v  -1.6344 -3.7971 4.4437
v  -1.3814 -3.8376 4.1561
v  -1.4286 -3.8617 4.2118
v  -1.2632 -4.2511 4.2837
v  -1.1908 -4.2177 4.2082
v  -1.4869 -3.8528 4.2700
v  -1.5281 -3.8634 4.3332
v  -1.4039 -4.2405 4.4143
v  -1.3379 -4.2498 4.3493
v  -1.5288 -3.9484 4.4025
v  -1.4533 -4.2517 4.4849
v  0.2673 -6.2218 4.3717
v  -0.0528 -6.2696 4.5911
v  0.1610 -6.5416 4.6251
v  0.5201 -6.4848 4.3857
v  0.0148 -6.0113 4.3123
v  -0.2745 -6.0554 4.5229
v  -0.8684 -6.3321 5.5240
v  -0.6636 -6.6647 5.7416
v  -0.6042 -6.6549 5.6302
v  -0.8051 -6.3259 5.4212
v  -0.9549 -6.0301 5.2587
v  -1.0019 -6.0193 5.3571
v  -0.2835 -6.3088 4.7930
v  -0.4791 -6.0832 4.7114
v  -0.6465 -6.0886 4.8942
v  -0.4638 -6.3249 5.0063
v  -0.2744 -6.6147 5.1205
v  -0.0885 -6.5865 4.8632
v  -0.4559 -6.6344 5.4023
v  -0.6543 -6.3277 5.2317
v  -0.8225 -6.0638 5.0889
v  0.7681 -6.7533 4.4347
v  0.3329 -6.8583 4.6456
v  0.4702 -7.1194 4.6834
v  0.9381 -7.0014 4.4244
v  -0.5400 -7.0452 5.9216
v  -0.4531 -7.3616 6.0577
v  -0.3907 -7.3680 5.9184
v  -0.4775 -7.0376 5.7971
v  -0.3254 -7.0119 5.5259
v  -0.2131 -7.3342 5.6284
v  0.0228 -7.2651 5.2952
v  -0.1195 -6.9650 5.2093
v  0.0715 -6.9177 4.9205
v  0.2133 -7.1958 4.9894
v  0.5290 -7.2473 4.6943
v  0.5345 -7.2890 4.7056
v  1.0225 -7.1328 4.4072
v  1.0125 -7.1096 4.4086
v  0.2939 -7.3577 5.0323
v  0.1264 -7.4460 5.3598
v  0.1692 -7.5796 5.3859
v  0.3284 -7.4633 5.0535
v  1.0148 -7.2524 4.3993
v  0.5385 -7.4184 4.7134
v  0.4369 -7.4341 4.6479
v  0.9323 -7.2781 4.3229
v  0.2858 -7.5761 5.0227
v  0.1182 -7.7105 5.3587
v  -0.0110 -7.7179 5.3010
v  0.1686 -7.5863 4.9670
v  0.8772 -7.2333 4.3217
v  0.3652 -7.4098 4.6063
v  0.2471 -7.3207 4.5444
v  0.7616 -7.1449 4.3069
v  0.0779 -7.5493 4.9112
v  -0.0973 -7.6396 5.2525
v  -0.1984 -7.4933 5.1842
v  -0.0358 -7.4276 4.8481
v  -0.9311 -7.0186 5.5429
v  -0.8400 -6.9980 5.4593
v  -0.6855 -7.3399 5.6645
v  -0.7986 -7.3670 5.7538
v  -0.5642 -7.6196 5.8225
v  -0.6883 -7.6422 5.9256
v  0.4991 -6.9484 4.2271
v  0.0389 -7.1201 4.4647
v  -0.1656 -6.7962 4.4590
v  0.1965 -6.6505 4.2006
v  -0.2233 -7.2103 4.7612
v  -0.3686 -7.2500 5.0822
v  -0.5134 -6.8946 5.0073
v  -0.3813 -6.8683 4.7295
v  -0.5207 -7.2883 5.4186
v  -0.6850 -6.9487 5.2641
v  -0.3652 -7.5416 5.5600
v  -1.0424 -6.6492 5.3508
v  -1.1608 -6.3432 5.1684
v  -1.0975 -6.3302 5.0799
v  -0.9752 -6.6378 5.2640
v  -0.1160 -6.3372 4.1944
v  -0.4080 -6.4756 4.4239
v  -0.6316 -6.1912 4.3685
v  -0.4099 -6.0764 4.1475
v  -0.5878 -6.5386 4.6539
v  -0.7221 -6.5736 4.8696
v  -0.8874 -6.2759 4.7476
v  -0.7755 -6.2455 4.5680
v  -0.8584 -6.6085 5.0892
v  -1.0006 -6.3060 4.9288
v  -0.5758 -5.8522 4.1408
v  -0.7632 -5.9613 4.3223
v  -0.8493 -5.7871 4.2766
v  -0.6878 -5.6894 4.1113
v  -0.5210 -5.5895 3.9879
v  -0.3852 -5.7385 4.0007
v  -0.8857 -6.0224 4.4957
v  -0.9795 -6.0579 4.6562
v  -1.0435 -5.9008 4.5803
v  -0.9588 -5.8561 4.4332
v  -1.5948 -4.9144 4.4308
v  -1.7058 -4.4613 4.1726
v  -1.5329 -4.9165 4.3713
v  -1.6326 -4.4751 4.1419
v  -1.4439 -5.3171 4.5676
v  -1.5135 -5.3312 4.6384
v  -1.5744 -4.2649 3.9558
v  -1.5337 -4.5265 4.1096
v  -1.7204 -4.1242 3.9515
v  -1.5714 -4.1116 3.8499
v  -1.3603 -4.4479 3.9271
v  -1.4163 -4.5195 4.0095
v  -1.4364 -4.6457 4.1072
v  -1.5431 -4.0511 3.7785
v  -1.2949 -4.3993 3.8578
v  -1.8140 -4.0827 3.9666
v  -1.1794 0.4769 0.5367
v  -1.2943 0.3871 0.5260
v  -1.2539 0.3231 0.5600
v  -1.1206 0.4253 0.5639
v  -0.9627 0.5362 0.5450
v  -1.0734 0.5586 0.5393
v  -1.3883 0.3191 0.5139
v  -1.3633 0.2433 0.5660
v  -1.4534 0.2709 0.5337
v  -1.4368 0.2080 0.5709
v  -1.3513 -0.5461 0.8288
v  -1.3310 -0.3703 0.7019
v  -1.3257 -0.4148 0.6239
v  -1.3223 -0.6192 0.8010
v  -1.2668 -0.6812 0.7754
v  -1.2496 -0.4931 0.6123
v  0.6989 -1.4585 0.2183
v  0.7267 -1.5399 0.2564
v  0.6295 -1.5597 0.2451
v  0.6025 -1.4584 0.2228
v  0.5870 -1.3234 0.2608
v  0.6814 -1.3251 0.2352
v  0.7601 -1.5699 0.3363
v  0.7891 -1.5657 0.4207
v  0.7033 -1.5859 0.4476
v  0.6712 -1.6001 0.3433
v  -0.2420 -1.0299 1.2056
v  -0.2307 -1.0859 1.2487
v  -0.0642 -1.0840 1.1595
v  -0.0815 -1.0292 1.1217
v  0.8266 -4.1664 2.1536
v  0.6414 -4.1051 2.1519
v  0.6888 -4.0050 2.1482
v  0.8645 -4.0925 2.1420
v  0.7172 -3.9129 2.1443
v  0.8932 -4.0114 2.1335
v  0.8942 -3.9425 2.0947
v  0.7007 -3.8604 2.0897
v  0.6838 -3.7902 2.0025
v  0.8799 -3.8609 1.9975
v  0.1160 -3.3175 2.5896
v  -0.2229 -3.1747 2.7198
v  -0.2206 -3.2258 2.7886
v  0.1209 -3.3696 2.6579
v  0.1113 -3.2540 2.5144
v  -0.2214 -3.1131 2.6424
v  -0.2148 -1.3481 1.3310
v  -0.2179 -1.4111 1.3332
v  -0.0363 -1.4366 1.2488
v  -0.0318 -1.3742 1.2391
v  -0.0125 -1.3185 1.2657
v  -0.1958 -1.2912 1.3597
v  -0.2669 -5.6790 3.9146
v  -0.4103 -5.5276 3.9241
v  -0.3388 -5.4926 3.8743
v  -0.1907 -5.6440 3.8572
v  -1.4206 -6.0206 5.6785
v  -1.4884 -6.0615 5.5920
v  -1.3261 -5.9778 5.7336
v  -1.3987 -5.8265 5.6854
v  -1.5077 -5.8782 5.6315
v  -1.5791 -5.9205 5.5321
v  -1.2101 -5.9177 5.7265
v  -1.2681 -5.7563 5.6748
v  -1.1303 -5.8827 5.6140
v  -1.1713 -5.7061 5.5582
v  -1.1004 -5.8464 5.4698
v  -1.0828 -5.8174 5.3347
v  -1.1227 -5.6502 5.2621
v  -1.1248 -5.6656 5.4059
v  -1.0706 -5.8131 5.2541
v  -1.1193 -5.6611 5.1813
v  -1.0265 -5.8281 5.1655
v  -1.0760 -5.6781 5.0995
v  0.4553 -5.1751 3.5814
v  0.3481 -5.0307 3.5884
v  0.3373 -5.0664 3.6680
v  0.4535 -5.2258 3.6720
v  0.4663 -5.0946 3.4565
v  0.3521 -4.9733 3.4835
v  0.9432 -4.1329 2.6735
v  0.9915 -4.0527 2.6528
v  0.7572 -3.9897 2.7548
v  0.7096 -4.0785 2.7816
v  0.6468 -4.1963 2.8336
v  0.8693 -4.2562 2.7175
v  1.0555 -3.9560 2.6499
v  0.8316 -3.8694 2.7844
v  -1.1737 -4.6338 4.4429
v  -1.2632 -4.6266 4.5181
v  -1.1340 -4.9604 4.6149
v  -1.0287 -4.9593 4.5209
v  -0.9025 -4.9462 4.4147
v  -1.0741 -4.6279 4.3575
v  -0.9520 -4.5923 4.2495
v  -0.7262 -4.9067 4.2840
v  0.5204 -4.9403 3.2441
v  0.6186 -4.7241 3.0166
v  0.4623 -4.6261 3.1062
v  0.3853 -4.8338 3.2972
v  0.7457 -4.4759 2.8318
v  0.5557 -4.3970 2.9452
v  -0.3903 -0.4496 0.8465
v  -0.2427 -0.4478 0.7692
v  -0.2931 -0.2458 0.6576
v  -0.4311 -0.2467 0.7350
v  0.6551 -1.1480 0.2099
v  0.5542 -1.1490 0.2571
v  0.4780 -0.9879 0.1611
v  0.5925 -0.9837 0.1002
v  0.2489 -0.8310 0.1352
v  0.1924 -0.6461 0.0177
v  0.2589 -0.6584 -0.0288
v  0.3182 -0.8375 0.0906
v  0.4047 -0.8396 0.0408
v  0.3406 -0.6669 -0.0811
v  0.3900 -0.9883 0.2066
v  0.3165 -0.9855 0.2468
v  0.4690 -1.1391 0.2969
v  0.4968 -1.3069 0.2855
v  0.4142 -1.2825 0.3212
v  0.3929 -1.1244 0.3321
v  0.3121 -1.1130 0.3687
v  0.2447 -0.9808 0.2907
v  0.3355 -1.2602 0.3677
v  0.5213 -0.8377 -0.0249
v  0.4493 -0.6703 -0.1482
v  0.1825 -0.8214 0.1830
v  0.1280 -0.6321 0.0658
v  0.1901 -0.4314 0.4101
v  0.1318 -0.2075 0.3141
v  0.0390 -0.2104 0.4094
v  0.1007 -0.4257 0.5101
v  0.1714 -0.6331 0.6186
v  0.2651 -0.6419 0.5198
v  0.0263 -0.4204 0.5939
v  -0.0418 -0.2170 0.4805
v  -0.1175 -0.2264 0.5385
v  -0.0473 -0.4203 0.6638
v  0.0058 -0.6317 0.7617
v  0.0889 -0.6285 0.6986
v  -0.1334 -0.4339 0.7154
v  -0.0844 -0.6424 0.8140
v  -0.1963 -0.2388 0.5929
v  0.1470 -0.8179 0.7913
v  0.0568 -0.8207 0.8517
v  0.1074 -0.9569 0.9373
v  0.2029 -0.9579 0.8740
v  0.3062 -0.9531 0.8080
v  0.2401 -0.8193 0.7181
v  -0.0377 -0.8273 0.9070
v  0.0072 -0.9612 0.9940
v  0.4706 -1.0099 0.7877
v  0.4175 -0.9533 0.7206
v  0.3532 -1.0222 0.8697
v  0.2436 -1.0400 0.9277
v  0.1428 -1.0347 0.9919
v  0.1727 -1.0771 1.0436
v  0.2843 -1.0429 1.0043
v  0.3435 -0.8243 0.6258
v  0.8715 -3.7218 1.8081
v  0.6915 -3.6675 1.8258
v  0.7097 -3.4900 1.5977
v  0.8695 -3.5244 1.5721
v  0.0635 -1.0814 1.0958
v  0.0421 -1.0274 1.0572
v  0.8656 -3.2851 1.3238
v  0.7237 -3.2569 1.3571
v  0.7333 -2.9706 1.1331
v  0.8581 -2.9979 1.0917
v  0.5993 -3.2205 1.3990
v  0.5722 -3.4479 1.6380
v  0.4518 -3.3955 1.6922
v  0.4860 -3.1781 1.4472
v  0.5178 -2.9057 1.2233
v  0.6231 -2.9381 1.1794
v  0.0957 -3.1285 2.3815
v  -0.2185 -2.9994 2.5036
v  -0.2032 -2.8341 2.3283
v  0.0711 -2.9637 2.1989
v  0.3661 -3.1439 1.4855
v  0.4057 -2.8802 1.2568
v  0.3233 -3.3552 1.7347
v  -0.1810 -2.6384 2.1276
v  0.0615 -2.7554 1.9982
v  0.0483 -2.5288 1.8006
v  -0.1691 -2.4280 1.9275
v  0.2159 -2.8315 1.9148
v  0.2383 -3.0475 2.1199
v  0.3541 -3.1065 2.0679
v  0.3296 -2.8837 1.8577
v  0.3090 -2.6316 1.6608
v  0.1952 -2.5910 1.7181
v  0.4445 -2.9355 1.8009
v  0.4247 -2.6703 1.6060
v  0.4734 -3.1625 2.0185
v  0.8419 -2.6652 0.8976
v  0.7349 -2.6399 0.9495
v  0.8279 -2.3139 0.7435
v  0.7329 -2.2966 0.7965
v  0.5293 -2.5917 1.0436
v  0.6351 -2.6117 1.0049
v  0.5237 -2.2798 0.8765
v  0.6328 -2.2840 0.8447
v  0.4164 -2.2703 0.9148
v  0.4205 -2.5735 1.0776
v  -0.1633 -2.2018 1.7777
v  0.0312 -2.2913 1.6475
v  0.0003 -2.0578 1.5059
v  -0.1904 -1.9904 1.6241
v  0.1704 -2.3422 1.5659
v  0.2815 -2.3741 1.5092
v  0.2452 -2.1266 1.3715
v  0.1398 -2.0965 1.4325
v  0.7870 -4.2285 2.1847
v  0.7509 -4.2836 2.2491
v  0.5575 -4.2755 2.2882
v  0.5937 -4.1999 2.1981
v  0.3945 -2.4042 1.4557
v  0.3525 -2.1527 1.3167
v  0.7244 -4.3312 2.3562
v  0.6847 -4.4126 2.4320
v  0.5096 -4.3876 2.5010
v  0.5362 -4.3284 2.4065
v  0.3687 -4.3044 2.4467
v  0.2410 -4.2246 2.5057
v  0.2236 -4.1988 2.3876
v  0.3667 -4.2727 2.3104
v  0.3742 -4.3232 2.5558
v  0.2486 -4.2529 2.5915
v  -0.1834 -1.2257 1.3712
v  -0.0037 -1.2463 1.2817
v  -0.0098 -1.1718 1.2698
v  -0.1817 -1.1589 1.3598
v  0.1033 -4.1071 2.4652
v  0.1258 -4.1341 2.5638
v  0.1260 -4.1786 2.6298
v  0.3132 -1.4109 0.3096
v  0.4018 -1.4273 0.2615
v  0.4045 -1.5822 0.2453
v  0.3001 -1.5767 0.2908
v  0.1878 -1.5677 0.3789
v  0.2043 -1.4149 0.3803
v  -0.1975 -1.1068 1.3172
v  -0.0345 -1.1215 1.2193
v  0.5015 -1.4456 0.2323
v  0.5207 -1.5747 0.2365
v  0.0569 -1.6218 0.5932
v  0.0396 -1.5628 0.5085
v  0.2180 -1.6855 0.4751
v  0.3450 -1.7250 0.3887
v  0.4620 -1.7115 0.3499
v  0.5144 -1.6978 0.4959
v  0.4037 -1.7221 0.5381
v  0.0447 -1.4572 0.4740
v  0.6291 -1.9805 0.6929
v  0.5251 -1.9889 0.7322
v  0.5329 -1.7649 0.6409
v  0.6334 -1.7424 0.6001
v  0.7277 -1.7254 0.5570
v  0.7294 -1.9730 0.6569
v  0.5738 -1.6568 0.3431
v  0.6128 -1.6371 0.4710
v  0.4198 -1.9930 0.7736
v  0.4297 -1.7820 0.6821
v  0.8035 -1.6103 0.4607
v  0.8093 -1.7243 0.5099
v  0.7207 -1.6223 0.4964
v  0.6281 -1.6543 0.5320
v  0.5279 -1.6979 0.5631
v  0.8202 -1.9760 0.6164
v  0.4206 -1.7270 0.6015
v  -0.2239 -1.4758 1.3395
v  -0.2275 -1.5847 1.3762
v  -0.0387 -1.5015 1.2569
v  -0.0425 -1.6188 1.2805
v  -0.0342 -1.8253 1.3636
v  -0.2152 -1.7714 1.4795
v  -0.4383 -5.3986 3.7732
v  -0.5416 -5.3027 3.7423
v  -0.5001 -5.2945 3.6403
v  -0.3933 -5.3918 3.6798
v  -0.2600 -5.4785 3.7155
v  -0.3014 -5.4881 3.8008
v  -0.4683 -5.3920 3.8474
v  -0.5632 -5.2934 3.8211
v  -0.4905 -5.1030 3.5266
v  -0.3796 -5.0093 3.5170
v  -0.2942 -5.1275 3.5214
v  -0.4108 -5.2307 3.5314
v  -0.5748 -5.1645 3.6287
v  -0.0283 -5.5498 3.6060
v  -0.1096 -5.6052 3.6958
v  -0.1824 -5.4309 3.6135
v  -0.0840 -5.3455 3.5732
v  0.0713 -5.4663 3.5812
v  -0.2001 -5.2361 3.5482
v  -0.3067 -5.3332 3.5780
v  -0.1506 -5.6277 3.7812
v  -0.6097 -5.1748 3.7290
v  -0.6270 -5.1698 3.8091
v  0.3723 -5.4459 4.0337
v  0.4515 -5.3127 3.9406
v  0.3228 -5.1565 3.9713
v  0.2211 -5.3152 4.0538
v  0.1073 -5.4691 4.0582
v  0.2712 -5.5948 4.0419
v  0.4635 -5.2568 3.7993
v  0.3651 -5.0738 3.8194
v  -0.3720 -3.7802 3.2801
v  -0.0194 -3.9738 3.1933
v  0.0255 -3.8151 3.0859
v  -0.3397 -3.6385 3.1788
v  -0.4006 -3.9329 3.4148
v  -0.0649 -4.1609 3.3334
v  -0.3071 -3.5565 3.1254
v  -0.2733 -3.4952 3.0840
v  0.0597 -3.7327 3.0332
v  0.0850 -3.6764 2.9779
v  0.5454 -4.0065 2.8660
v  0.6026 -3.9217 2.8698
v  0.4522 -3.8517 2.9033
v  0.4053 -3.9287 2.9148
v  0.3605 -4.0260 2.9668
v  0.4928 -4.1138 2.9186
v  0.1681 -4.1117 3.1149
v  0.2911 -4.2080 3.0676
v  0.2278 -3.9384 3.0123
v  0.1035 -4.3202 3.2515
v  0.2188 -4.4224 3.2088
v  0.2679 -3.8489 2.9626
v  0.3020 -3.7833 2.9242
v  0.9842 -3.4891 2.0897
v  0.6897 -3.4074 2.1583
v  0.7343 -3.5171 2.3276
v  1.0154 -3.6339 2.2501
v  0.4166 -4.3032 3.0231
v  0.3363 -4.5239 3.1678
v  0.2785 -3.2115 2.3093
v  0.3085 -3.3312 2.4499
v  0.4331 -3.3857 2.4129
v  0.3924 -3.2780 2.2589
v  1.0307 -3.7065 2.3532
v  0.7573 -3.5739 2.4308
v  0.5832 -3.4878 2.4758
v  0.5566 -3.4431 2.3760
v  0.4565 -3.4289 2.5052
v  0.4870 -3.4402 2.5907
v  0.6180 -3.5016 2.5646
v  0.5131 -3.3368 2.2143
v  -0.1880 -3.3611 2.1449
v  0.1124 -3.4471 2.0414
v  0.0923 -3.5588 2.2161
v  -0.2141 -3.4826 2.3081
v  0.3248 -3.3815 2.5335
v  0.3407 -3.4169 2.6076
v  0.5448 -3.6172 1.8639
v  0.5261 -3.7392 2.0307
v  0.4004 -3.6802 2.0865
v  0.4203 -3.5625 1.9182
v  -0.2298 -3.5467 2.3943
v  0.0857 -3.6225 2.3019
v  0.0764 -3.6757 2.3479
v  -0.2451 -3.5821 2.4371
v  0.2579 -3.7541 2.2441
v  0.2672 -3.6976 2.2147
v  0.2728 -3.6281 2.1403
v  0.3951 -3.7568 2.1497
v  0.3912 -3.8125 2.1706
v  0.2908 -3.5169 1.9656
v  0.1988 -4.5869 2.8187
v  0.0943 -4.4985 2.8447
v  0.1907 -4.3553 2.7099
v  0.3031 -4.4340 2.6827
v  0.4208 -4.5138 2.6183
v  0.3065 -4.6814 2.7598
v  0.1862 -4.8812 2.9738
v  0.0868 -4.7726 3.0180
v  -0.0106 -4.6747 3.0386
v  0.5332 -3.8117 2.0996
v  0.5429 -3.8625 2.1291
v  -0.0130 -4.4132 2.8676
v  0.0770 -4.2786 2.7364
v  -0.1140 -4.5818 3.0521
v  0.6505 -4.4712 2.4687
v  0.5862 -4.5674 2.5297
v  0.4786 -4.4342 2.5505
v  0.3562 -4.3594 2.6153
v  0.2362 -4.2864 2.6428
v  0.4548 -4.7638 2.6781
v  0.3217 -4.9859 2.9180
v  -0.2255 -3.4176 3.0519
v  0.1437 -3.5782 2.9538
v  0.1992 -3.4579 2.9240
v  -0.1640 -3.3138 3.0424
v  0.1136 -4.2163 2.6688
v  0.6913 -3.5174 2.7096
v  0.5527 -3.4555 2.7399
v  0.5587 -3.5922 2.8466
v  0.6979 -3.6544 2.8081
v  -0.1739 -3.2433 2.9237
v  0.1906 -3.3595 2.8063
v  0.4120 -3.4077 2.7625
v  0.4225 -3.5290 2.8839
v  0.3641 -3.6727 2.9076
v  0.5175 -3.7312 2.9004
v  -0.3675 -3.8048 2.5111
v  -0.3254 -3.7111 2.4809
v  -0.0449 -3.8570 2.3498
v  -0.0864 -3.9571 2.4157
v  0.6640 -3.7961 2.8640
v  0.3952 -4.1898 2.1896
v  0.2416 -4.1203 2.2688
v  0.2986 -4.0002 2.2080
v  0.4542 -4.0641 2.1372
v  -0.2766 -3.6361 2.4703
v  0.0228 -3.7593 2.3494
v  0.2179 -3.8380 2.2679
v  0.3545 -3.8957 2.1861
v  0.1571 -3.9368 2.2842
v  0.1016 -4.0486 2.3432
v  -0.2214 -5.0664 3.5189
v  -0.1270 -5.1679 3.5409
v  -0.1701 -4.9991 3.4373
v  -0.0786 -5.1003 3.4428
v  0.0346 -5.1981 3.4561
v  -0.0147 -5.2745 3.5590
v  0.5104 -3.9509 2.1309
v  -0.2530 -4.8881 3.4444
v  -0.3115 -4.9582 3.5083
v  0.1653 -5.3169 3.4494
v  0.2246 -5.1782 3.2033
v  0.0950 -5.0640 3.2307
v  -0.0068 -4.9562 3.2484
v  -0.0922 -4.8489 3.2652
v  0.1354 -5.3882 3.5745
v  -0.4777 -4.1891 3.7270
v  -0.1440 -4.5303 3.6763
v  -0.1444 -4.4723 3.5946
v  -0.4662 -4.1464 3.6551
v  -0.4380 -4.0594 3.5429
v  -0.1193 -4.3436 3.4643
v  -0.1852 -4.7467 3.2741
v  0.2676 -4.7284 3.3370
v  0.1525 -4.6260 3.3656
v  0.1306 -4.7633 3.5267
v  0.2410 -4.8652 3.5063
v  0.0286 -4.7194 3.6401
v  0.1370 -4.8170 3.6212
v  0.0222 -4.6600 3.5485
v  0.0291 -4.7454 3.7201
v  0.1401 -4.8386 3.7015
v  0.0435 -4.5202 3.3991
v  -0.4115 -5.4592 4.2493
v  -0.6361 -5.4982 4.4164
v  -0.5433 -5.6717 4.4283
v  -0.3024 -5.6323 4.2518
v  -0.0775 -5.5816 4.1272
v  -0.1941 -5.4098 4.1429
v  -0.2914 -5.2397 4.1665
v  -0.5021 -5.2901 4.2659
v  -0.7186 -5.3321 4.4171
v  0.2391 -4.9193 3.6007
v  0.2356 -4.9438 3.6803
v  -0.5897 -5.1219 4.2870
v  -0.7970 -5.1657 4.4235
v  -0.3827 -5.0663 4.2031
v  0.2018 -5.6859 4.0663
v  0.0373 -5.5400 4.0814
v  0.0747 -5.7582 4.1195
v  -0.1687 -5.8172 4.2709
v  -0.4287 -5.8552 4.4690
v  -0.9548 -4.7048 3.7833
v  -0.7610 -5.0011 3.8424
v  -0.8323 -5.0461 3.9138
v  -1.0089 -4.7359 3.8548
v  -0.7605 -5.5533 4.0992
v  -0.9130 -5.6478 4.2540
v  -0.9747 -5.5336 4.2304
v  -0.8227 -5.4383 4.0807
v  -0.6666 -5.3415 3.9687
v  -0.6026 -5.4571 3.9851
v  -0.5895 -5.2971 3.8912
v  -0.6497 -5.1761 3.8790
v  -0.7251 -5.2217 3.9563
v  -1.1081 -4.7956 3.9449
v  -1.2117 -4.8579 4.0465
v  -0.9685 -5.1328 4.0270
v  -1.1040 -5.2176 4.1633
v  -0.8779 -5.3189 4.0719
v  -1.0278 -5.4137 4.2176
v  -0.5116 -5.4050 3.9140
v  -1.2427 -6.1141 5.0654
v  -1.3320 -6.1425 5.1511
v  -1.4501 -6.0171 5.0534
v  -1.3336 -5.9727 4.9631
v  -1.2291 -5.9455 4.8478
v  -1.1643 -6.1002 4.9552
v  -1.4052 -5.8567 4.8553
v  -1.5369 -5.9123 4.9300
v  -1.5734 -5.7742 4.8328
v  -1.4458 -5.7222 4.7805
v  -1.3285 -5.6693 4.7269
v  -1.2798 -5.8017 4.7797
v  -1.0777 -6.0854 4.8111
v  -1.1343 -5.9270 4.7180
v  -1.4322 -4.5846 4.7570
v  -1.3506 -4.9401 4.8877
v  -1.3179 -4.9504 4.8163
v  -1.4119 -4.6062 4.6846
v  -1.4370 -4.5726 4.8380
v  -1.3567 -4.9428 4.9747
v  -1.4707 -5.5714 4.7361
v  -1.3742 -5.5329 4.6791
v  -1.5829 -5.6153 4.7739
v  -1.2768 -5.1654 4.9790
v  -1.2187 -5.3302 5.0469
v  -1.1766 -5.3400 4.9757
v  -1.2385 -5.1730 4.9088
v  -1.2849 -5.1682 5.0661
v  -1.2174 -5.3225 5.1326
v  -1.2383 -4.9577 4.7185
v  -1.3479 -4.6187 4.6013
v  -1.6649 -4.6766 5.0562
v  -1.5581 -5.0657 5.3730
v  -1.4269 -5.0204 5.2792
v  -1.5552 -4.6432 5.0217
v  -1.4753 -4.5963 4.9426
v  -1.3643 -4.9718 5.1274
v  -1.1247 -5.5122 5.0375
v  -1.1715 -5.4996 5.1119
v  -1.1527 -5.4797 5.1985
v  -1.6905 -5.8314 5.3483
v  -1.6954 -5.8055 5.4850
v  -1.7942 -5.6817 5.4269
v  -1.7696 -5.7085 5.2688
v  -1.7238 -5.7257 5.1226
v  -1.6671 -5.8583 5.2159
v  -1.5845 -5.9936 5.3058
v  -1.5934 -5.9559 5.4225
v  -1.7940 -5.5621 5.1920
v  -1.7442 -5.5769 5.0423
v  -1.8277 -5.5332 5.3473
v  -1.4454 -6.1827 5.2457
v  -1.5086 -6.1693 5.3768
v  -1.5419 -6.0240 5.1731
v  -1.6228 -5.8958 5.0700
v  -1.6713 -5.7628 4.9661
v  -1.5089 -6.1152 5.4915
v  -0.9868 -5.6937 4.9473
v  -0.8634 -5.7005 4.7668
v  -0.9321 -5.5249 4.7294
v  -1.0437 -5.5225 4.8967
v  -0.9825 -5.3496 4.7057
v  -1.0937 -5.3478 4.8510
v  -1.6883 -5.6105 4.8867
v  -1.1549 -5.1794 4.7977
v  -1.0440 -5.1807 4.6736
v  -0.6186 -5.8788 4.6464
v  -0.7207 -5.6921 4.5993
v  -0.7717 -5.8824 4.8198
v  -0.7999 -5.5166 4.5757
v  -0.8680 -5.3481 4.5637
v  -0.9208 -5.8610 5.0043
v  -1.2894 -5.5281 4.5600
v  -1.3549 -5.3138 4.4711
v  -1.2643 -5.3052 4.3649
v  -1.1997 -5.5136 4.4407
v  -1.1478 -5.6379 4.4847
v  -1.2329 -5.6537 4.6126
v  -0.9351 -5.1800 4.5536
v  -1.1783 -5.7806 4.6635
v  -1.0890 -5.7576 4.5348
v  -1.2896 -4.9060 4.1366
v  -1.1904 -5.2732 4.2706
v  -1.3625 -4.9327 4.2189
v  -1.1218 -5.4757 4.3356
v  -1.0708 -5.5978 4.3634
v  -1.4497 -4.9294 4.2990
v  -1.0106 -5.7139 4.4005
v  0.3578 -1.2201 1.2129
v  0.3411 -1.1243 1.1667
v  0.2288 -1.1499 1.1891
v  0.2419 -1.2357 1.2255
v  0.2389 -1.3273 1.2202
v  0.3523 -1.3242 1.1974
v  0.1304 -1.2472 1.2411
v  0.1270 -1.3284 1.2353
v  0.1190 -1.1687 1.2159
v  0.3155 -1.0676 1.0892
v  0.2044 -1.0974 1.1229
v  0.0929 -1.1215 1.1569
v  0.1076 -1.3872 1.2001
v  0.0868 -1.4463 1.1676
v  0.1991 -1.4554 1.1347
v  0.2222 -1.3965 1.1867
v  0.1094 -1.8563 1.2994
v  0.2225 -1.8807 1.2510
v  0.2112 -1.6722 1.1695
v  0.0943 -1.6508 1.2096
v  0.3097 -1.4664 1.1063
v  0.2944 -1.5575 1.0738
v  0.1943 -1.5440 1.1208
v  0.3140 -1.6904 1.1266
v  0.3332 -1.4014 1.1563
v  0.0894 -1.5257 1.1792
v  0.3233 -1.9054 1.1962
v  -0.0843 -5.3790 4.1006
v  -0.0102 -5.3177 4.0863
v  -0.0990 -5.1512 4.1395
v  -0.1784 -5.2075 4.1386
v  0.2717 -4.9361 3.8400
v  0.1703 -4.8249 3.8584
v  0.1302 -4.8832 4.0283
v  0.2255 -5.0153 4.0034
v  -0.1939 -4.9799 4.1750
v  -0.0761 -4.8643 4.1719
v  0.0325 -5.0147 4.1544
v  0.0120 -4.7655 4.0349
v  -0.2742 -5.0329 4.1687
v  0.1229 -5.1687 4.1090
v  0.0466 -4.7317 3.8688
v  -1.6247 -5.7452 5.6278
v  -1.4812 -5.6655 5.6903
v  -1.5655 -5.5012 5.6692
v  -1.7352 -5.6013 5.6035
v  -1.7815 -5.4512 5.5018
v  -1.6357 -5.3582 5.5666
v  -1.4680 -5.2845 5.5337
v  -1.3892 -5.4254 5.6141
v  -1.2543 -5.3704 5.4800
v  -1.3392 -5.2398 5.4039
v  -1.3198 -5.5854 5.6600
v  -1.1884 -5.5239 5.5350
v  -1.1558 -5.4946 5.3509
v  -1.2244 -5.3431 5.2904
v  -1.2895 -5.1956 5.2287
v  -0.2867 -7.6820 5.6373
v  -0.2364 -7.7100 5.6798
v  -0.4665 -7.8387 5.9948
v  -0.4951 -7.7556 5.9140
v  -0.6310 -7.7798 6.0144
v  -0.6073 -7.8642 6.0630
v  -0.7087 -7.8587 6.0890
v  -0.7345 -7.7761 6.0381
v  -0.8386 -7.7517 6.1051
v  -0.8072 -7.8354 6.1555
v  -0.8578 -7.7868 6.2567
v  -0.8916 -7.6979 6.2080
v  -0.8672 -7.7358 6.3614
v  -0.9012 -7.6437 6.3116
v  -0.8248 -7.6806 6.4615
v  -0.8577 -7.5863 6.4094
v  -0.7471 -7.5332 6.4730
v  -0.7183 -7.6281 6.5310
v  -0.5939 -7.5801 6.5536
v  -0.6270 -7.4818 6.5030
v  -0.5280 -7.4291 6.4772
v  -0.4896 -7.5287 6.5242
v  -0.4127 -7.5029 6.4435
v  -0.4585 -7.4082 6.3946
v  -0.3764 -7.5250 6.3410
v  -0.4171 -7.4327 6.2930
v  -0.3644 -7.5729 6.2483
v  -0.4050 -7.4833 6.1974
v  -0.1014 -7.5085 5.7101
v  -0.2875 -7.5322 6.0042
v  -0.2364 -7.6673 6.0865
v  -0.0347 -7.6389 5.7530
v  -0.3649 -7.5149 6.1380
v  -0.3185 -7.6118 6.1908
v  -0.1389 -7.7265 5.7120
v  -0.3080 -7.8012 6.0095
v  -0.5858 -7.9632 6.1335
v  -0.5591 -8.0646 6.2107
v  -0.6490 -8.0722 6.2417
v  -0.6858 -7.9665 6.1588
v  -0.4827 -7.9463 6.1255
v  -0.4669 -8.0312 6.2059
v  -0.7688 -7.9486 6.2290
v  -0.7174 -8.0640 6.3068
v  -0.7574 -8.0468 6.3944
v  -0.8139 -7.9145 6.3269
v  -0.8154 -7.8741 6.4334
v  -0.7533 -8.0199 6.4961
v  -0.7032 -7.9892 6.5879
v  -0.7662 -7.8298 6.5303
v  -0.6682 -7.7911 6.5936
v  -0.6160 -7.9652 6.6447
v  -0.5537 -7.7548 6.6066
v  -0.5129 -7.9385 6.6586
v  -0.4506 -7.7061 6.5788
v  -0.4176 -7.8984 6.6175
v  -0.3492 -7.8608 6.5475
v  -0.3658 -7.6693 6.5103
v  -0.6636 -8.1693 6.3592
v  -0.5980 -8.1715 6.3081
v  -0.5375 -8.2415 6.3885
v  -0.6035 -8.2348 6.4229
v  -0.6514 -8.2097 6.4580
v  -0.7018 -8.1564 6.4337
v  -0.7008 -8.1390 6.5230
v  -0.6344 -8.2152 6.5248
v  -0.6157 -8.1851 6.5882
v  -0.6551 -8.1172 6.6045
v  -0.3315 -7.6731 6.4151
v  -0.3163 -7.8408 6.4727
v  -0.3198 -7.8417 6.3984
v  -0.3209 -7.6994 6.3282
v  -0.5742 -8.1012 6.6560
v  -0.5494 -8.2010 6.6133
v  -0.4607 -8.1879 6.6147
v  -0.4754 -8.0811 6.6709
v  -0.5611 -8.2533 6.5216
v  -0.4826 -8.2574 6.5084
v  -0.4123 -8.2276 6.4877
v  -0.4630 -8.2200 6.3764
v  -0.3848 -8.1627 6.3738
v  -0.3631 -8.1749 6.4691
v  -0.3285 -8.1206 6.5413
v  -0.3810 -8.1609 6.5872
v  -0.3877 -8.0456 6.6292
v  -0.3296 -8.0074 6.5646
v  -0.3755 -7.8799 6.1515
v  -0.3147 -7.7861 6.2078
v  -0.3612 -7.8936 6.2816
v  -0.3980 -7.9569 6.2293
v  -0.4391 -8.1133 6.2856
v  -0.5144 -8.1600 6.2849
v  -0.3381 -7.8575 6.3367
v  -0.3326 -7.9896 6.3811
v  -0.3097 -7.9629 6.4345
v  -0.3132 -8.0462 6.4460
v  -0.3357 -8.0912 6.4171
v  -0.3628 -8.0262 6.3304
v  -0.3950 -8.0422 6.2825
v  -0.3366 -8.1290 6.4603
v  -0.3125 -8.0737 6.4902
v  -0.3063 -7.9745 6.4971
v  -1.2512 -0.2424 0.2994
v  -1.1946 -0.2544 0.2720
v  -1.1923 -0.3875 0.4149
v  -1.2507 -0.3518 0.4415
v  -1.3311 -0.3371 0.4395
v  -1.3064 -0.2546 0.3088
v  -1.1344 -0.4236 0.3800
v  -1.1294 -0.2770 0.2416
v  -1.0486 -0.3128 0.2110
v  -1.0739 -0.4766 0.3271
v  -1.1233 -0.1748 0.1363
v  -1.1947 -0.1691 0.1696
v  -1.1938 -0.1089 0.0872
v  -1.1193 -0.1008 0.0424
v  -1.0219 -0.1097 0.0136
v  -1.0334 -0.1969 0.1099
v  -0.9333 -0.3655 0.1737
v  -0.7599 -0.3056 0.2632
v  -0.7752 -0.4843 0.3577
v  -0.9625 -0.5335 0.2819
v  -0.9085 -0.2338 0.0961
v  -0.7432 -0.1711 0.1986
v  -0.8886 -0.1233 0.0327
v  -0.7270 -0.0609 0.1361
v  -0.8751 -0.0100 -0.0324
v  -0.7108 0.0520 0.0713
v  -0.5169 -0.4468 0.2980
v  -0.2656 -0.4179 0.1869
v  -0.5223 -0.2786 0.1858
v  -0.2905 -0.2456 0.0795
v  -0.5170 -0.1560 0.1056
v  -0.2977 -0.1236 0.0029
v  -0.5061 -0.0552 0.0409
v  -0.2949 -0.0248 -0.0545
v  -0.4932 0.0492 -0.0203
v  -0.2904 0.0768 -0.1069
v  -0.0999 -0.4071 0.0954
v  0.0065 -0.4104 0.0193
v  -0.1304 -0.2260 0.0005
v  -0.0234 -0.2217 -0.0662
v  -0.1431 -0.1012 -0.0684
v  -0.0387 -0.0935 -0.1292
v  -0.1459 -0.0032 -0.1215
v  -0.0464 0.0045 -0.1801
v  -0.1484 0.0958 -0.1725
v  -0.0550 0.1019 -0.2312
v  0.5706 -0.4326 -0.3716
v  0.4824 -0.4471 -0.3167
v  0.4170 -0.2322 -0.3784
v  0.4876 -0.2126 -0.4235
v  0.5611 -0.1902 -0.4634
v  0.6600 -0.4118 -0.4180
v  0.4453 -0.0715 -0.4541
v  0.3802 -0.0908 -0.4138
v  0.3542 0.0122 -0.4426
v  0.4203 0.0285 -0.4811
v  0.4887 0.0467 -0.5174
v  0.5135 -0.0504 -0.4913
v  0.3324 -0.2423 -0.3223
v  0.3836 -0.4512 -0.2495
v  0.2884 -0.4487 -0.1842
v  0.2481 -0.2445 -0.2641
v  0.7650 -0.3868 -0.4575
v  0.6567 -0.1698 -0.5013
v  0.7614 -0.1481 -0.5291
v  0.8707 -0.3549 -0.4773
v  0.9579 -0.3153 -0.4659
v  0.8632 -0.1199 -0.5345
v  0.9435 -0.0847 -0.5099
v  1.0184 -0.2750 -0.4362
v  0.7030 -0.0148 -0.5586
v  0.6033 -0.0323 -0.5283
v  0.5748 0.0634 -0.5543
v  0.6685 0.0794 -0.5852
v  0.9913 -0.0499 -0.4797
v  1.0238 -0.0184 -0.4503
v  1.0795 -0.2061 -0.3808
v  1.0551 -0.2390 -0.4084
v  0.8881 0.0358 -0.5584
v  0.8034 0.0059 -0.5731
v  0.7617 0.0958 -0.6034
v  0.8422 0.1220 -0.5948
v  0.9415 0.0706 -0.5305
v  0.9783 0.1057 -0.4991
v  0.8950 0.1575 -0.5672
v  0.9306 0.1965 -0.5340
v  0.8459 0.2453 -0.6019
v  0.8794 0.2868 -0.5657
v  1.0927 -0.1720 -0.3339
v  1.0377 -0.1635 -0.3061
v  1.0369 0.0106 -0.3977
v  0.9784 0.0147 -0.3661
v  0.9936 0.1390 -0.4416
v  0.9374 0.1481 -0.4015
v  0.9475 0.2378 -0.4787
v  0.9030 0.2583 -0.4300
v  0.8964 0.3344 -0.5138
v  0.8671 0.3688 -0.4621
v  0.6642 0.0917 -0.3229
v  0.5018 0.1365 -0.2524
v  0.5345 -0.0622 -0.2054
v  0.6987 -0.1075 -0.2785
v  0.8422 -0.1468 -0.3071
v  0.8011 0.0468 -0.3548
v  0.9581 -0.1609 -0.3110
v  0.9047 0.0233 -0.3645
v  0.8712 0.1601 -0.3933
v  0.7773 0.1871 -0.3807
v  0.8454 0.2723 -0.4167
v  0.7588 0.2992 -0.4058
v  0.8186 0.3856 -0.4454
v  0.7379 0.4114 -0.4382
v  0.3533 -0.0308 -0.0669
v  0.3242 0.1626 -0.1200
v  0.1661 0.1759 0.0354
v  0.1970 -0.0083 0.0975
v  0.6409 0.2360 -0.3527
v  0.4783 0.2845 -0.2833
v  0.6196 0.3519 -0.3825
v  0.4517 0.4035 -0.3182
v  0.1439 0.3134 -0.0095
v  0.3034 0.3075 -0.1566
v  0.2787 0.4248 -0.1949
v  0.1207 0.4262 -0.0515
v  -0.0125 -0.0102 0.3231
v  0.0818 -0.0026 0.2282
v  0.0424 0.1722 0.1580
v  -0.0594 0.1568 0.2463
v  -0.0866 0.2892 0.2012
v  0.0161 0.3049 0.1102
v  -0.0053 0.4171 0.0720
v  -0.1042 0.4035 0.1710
v  -0.0971 -0.0237 0.3864
v  -0.1447 0.1399 0.3056
v  -0.2221 0.1214 0.3488
v  -0.1758 -0.0407 0.4333
v  -0.0254 0.5333 0.0368
v  0.1026 0.5450 -0.0866
v  -0.1181 0.5201 0.1450
v  -0.6942 0.0124 0.8430
v  -0.8346 0.0299 0.8958
v  -0.5865 -0.0302 0.7390
v  -0.7192 0.1694 0.7522
v  -0.6047 0.1336 0.6556
v  -0.8651 0.1709 0.7979
v  -0.9448 0.6044 0.4922
v  -0.7939 0.5503 0.5003
v  -0.8019 0.6032 0.4634
v  -0.6544 0.5447 0.4460
v  -0.6570 0.6030 0.4088
v  -0.6447 0.4585 0.4913
v  -0.7794 0.4686 0.5522
v  -0.9329 0.4437 0.6012
v  -0.9099 0.3680 0.6688
v  -0.7614 0.3745 0.6137
v  -0.6323 0.3565 0.5412
v  -0.5280 0.6069 0.3611
v  -0.5334 0.5422 0.3818
v  -0.4399 0.5468 0.3059
v  -0.7420 0.2818 0.6773
v  -0.8889 0.2779 0.7276
v  -0.6199 0.2551 0.5923
v  -1.0099 0.0110 0.8875
v  -1.1360 -0.0810 0.7775
v  -1.0333 0.1209 0.7947
v  -1.1602 0.0196 0.7062
v  -1.1858 0.1139 0.6828
v  -1.0489 0.2044 0.7243
v  -1.0679 0.2824 0.6676
v  -1.2058 0.1873 0.6438
v  -1.0893 0.3560 0.6130
v  -1.2278 0.2573 0.6040
v  -1.2799 -0.1011 0.7835
v  -1.3850 -0.1322 0.7741
v  -1.3035 -0.0125 0.7248
v  -1.4009 -0.0561 0.7127
v  -1.4090 0.0121 0.6683
v  -1.3194 0.0578 0.6832
v  -1.3325 0.1201 0.6455
v  -1.4171 0.0786 0.6340
v  -1.4083 -0.1775 0.7175
v  -1.4154 -0.0982 0.6629
v  -1.3911 -0.1240 0.6208
v  -1.3719 -0.2097 0.6655
v  -1.3481 0.1824 0.6068
v  -1.4275 0.1455 0.5995
v  -1.4678 0.1858 0.5356
v  -1.5317 0.2280 0.5114
v  -1.4800 0.1681 0.4967
v  -1.2528 -0.1246 0.1280
v  -1.2528 -0.1731 0.2023
v  -1.3043 -0.2033 0.2184
v  -1.3025 -0.1568 0.1546
v  -1.4553 0.1201 0.5584
v  -1.4587 0.1033 0.5088
v  -1.4363 0.0279 0.5450
v  -1.4399 0.0478 0.5909
v  -1.3356 -0.2463 0.6293
v  -1.3529 -0.1523 0.5840
v  -1.3335 -0.1817 0.5254
v  -1.3250 -0.2735 0.5645
v  -1.4265 -0.0241 0.6232
v  -1.4131 -0.0465 0.5815
v  -1.3473 -0.0988 0.4777
v  -1.3729 -0.0681 0.5378
v  -1.3973 0.0102 0.4902
v  -1.3656 -0.0205 0.4251
v  -1.4233 0.0897 0.4420
v  -1.4619 0.1493 0.4287
v  -1.3882 0.0584 0.3711
v  -1.3433 -0.1289 0.4017
v  -1.3501 -0.1479 0.3334
v  -1.3493 -0.1900 0.3462
v  -1.3343 -0.1931 0.4364
v  -1.3575 -0.0652 0.3577
v  -1.3580 -0.1027 0.3007
v  -1.3752 -0.0022 0.3126
v  -1.3690 -0.0566 0.2653
v  -1.3428 -0.2650 0.4504
v  -1.3488 -0.2364 0.3304
v  -1.3411 -0.1934 0.2533
v  -1.3530 -0.1677 0.2843
v  -1.3535 -0.1309 0.2358
v  -1.3390 -0.1507 0.1955
v  -1.3528 -0.1473 0.2936
v  -1.3575 -0.1174 0.2631
v  -1.3642 -0.0819 0.2251
v  0.1475 -0.4310 -0.0853
v  0.0835 -0.4197 -0.0382
v  0.0530 -0.2260 -0.1206
v  0.1154 -0.2336 -0.1673
v  0.0346 -0.0957 -0.1814
v  0.0946 -0.1006 -0.2251
v  0.0236 0.0041 -0.2286
v  0.0803 0.0009 -0.2688
v  0.1780 -0.2407 -0.2138
v  0.2129 -0.4413 -0.1317
v  0.0108 0.1022 -0.2767
v  0.0636 0.1005 -0.3139
v  0.2762 0.0019 -0.3965
v  0.1995 -0.0027 -0.3489
v  0.1757 0.0999 -0.3887
v  0.2494 0.1053 -0.4330
v  0.1163 0.0991 -0.3500
v  0.1365 -0.0021 -0.3077
v  -0.4684 -0.0587 0.6313
v  -0.5018 0.1008 0.5401
v  -0.3434 -0.0616 0.5500
v  -0.3863 0.0966 0.4583
v  0.3007 -0.1023 -0.3646
v  0.2212 -0.1066 -0.3130
v  0.1546 -0.1051 -0.2678
v  -0.2526 -0.0553 0.4847
v  -0.2984 0.1044 0.3957
v  -0.4097 0.2229 0.3995
v  -0.4235 0.3333 0.3593
v  -0.5239 0.3372 0.4434
v  -0.5168 0.2274 0.4829
v  -0.5304 0.4477 0.4092
v  -0.4377 0.4450 0.3228
v  -0.2647 0.4944 0.2683
v  -0.3022 0.5861 0.1958
v  -0.3451 0.5674 0.2859
v  -0.3410 0.4707 0.3003
v  -0.3319 0.3530 0.3199
v  -0.2567 0.3746 0.2832
v  -0.1840 0.3905 0.2380
v  -0.1941 0.5085 0.2183
v  -0.1246 0.6213 0.1353
v  -0.1952 0.6084 0.2177
v  -0.3203 0.2368 0.3480
v  -0.2438 0.2570 0.3082
v  -0.1686 0.2745 0.2649
v  -0.3084 -7.7314 6.2634
v  -1.5033 0.2583 0.5069
# 3429 vertices

vn -0.8540 -0.2467 -0.4580
vn -0.8600 -0.2455 -0.4474
vn -0.7327 -0.3407 -0.5891
vn -0.7390 -0.3616 -0.5685
vn -0.7659 -0.3280 -0.5531
vn -0.8246 -0.2896 -0.4859
vn -0.8094 -0.2925 -0.5093
vn -0.8268 -0.2637 -0.4969
vn -0.7748 -0.3818 -0.5039
vn -0.8240 -0.2885 -0.4876
vn -0.8269 -0.2833 -0.4857
vn -0.7647 -0.3157 -0.5617
vn -0.7971 -0.3004 -0.5239
vn -0.7568 -0.3281 -0.5653
vn -0.7447 -0.3392 -0.5748
vn -0.3443 -0.4386 -0.8301
vn -0.3252 -0.4926 -0.8072
vn 0.0297 -0.5121 -0.8584
vn -0.0786 -0.2545 -0.9639
vn -0.2500 -0.1875 -0.9499
vn -0.4141 -0.4316 -0.8014
vn -0.1597 -0.5529 -0.8178
vn 0.1356 -0.4763 -0.8687
vn 0.0697 -0.5246 -0.8485
vn -0.2908 -0.5137 -0.8072
vn -0.4096 -0.5238 -0.7469
vn -0.4979 -0.5601 -0.6622
vn -0.4286 -0.5549 -0.7130
vn -0.3456 -0.5057 -0.7905
vn -0.3197 -0.4759 -0.8193
vn -0.3250 -0.4860 -0.8113
vn -0.3473 -0.5061 -0.7895
vn -0.4653 -0.5123 -0.7219
vn -0.5518 -0.5054 -0.6634
vn -0.1470 -0.5085 -0.8484
vn -0.1765 -0.5023 -0.8465
vn -0.1571 -0.4443 -0.8820
vn 0.7207 0.3784 0.5809
vn 0.6189 0.4282 0.6585
vn 0.6656 0.4047 0.6271
vn 0.6558 0.4237 0.6248
vn 0.2300 0.5811 0.7806
vn 0.3777 0.5421 0.7506
vn 0.5113 0.5092 0.6923
vn 0.7451 0.3684 0.5559
vn 0.5678 0.4516 0.6882
vn 0.4274 0.5517 0.7162
vn 0.3599 0.6566 0.6628
vn 0.3550 0.6773 0.6443
vn 0.3816 0.5552 0.7390
vn 0.3867 0.4892 0.7818
vn 0.4646 0.4896 0.7378
vn 0.5412 0.5086 0.6697
vn 0.5292 0.5743 0.6247
vn 0.7359 0.4839 0.4736
vn 0.6129 0.5719 0.5453
vn 0.6229 0.6718 0.4008
vn 0.7534 0.5637 0.3386
vn -0.2513 0.5674 0.7841
vn -0.4457 0.5857 0.6770
vn -0.3596 0.6109 0.7053
vn -0.1207 0.5905 0.7979
vn -0.3697 0.5394 0.7565
vn -0.4750 0.5635 0.6759
vn -0.4657 -0.6621 -0.5871
vn -0.7387 -0.4312 -0.5180
vn -0.7768 -0.4402 -0.4504
vn -0.5143 -0.6964 -0.5005
vn -0.3661 -0.7899 -0.4919
vn -0.3274 -0.7468 -0.5788
vn -0.2824 -0.6780 -0.6786
vn -0.4956 -0.5513 -0.6712
vn -0.7343 -0.3448 -0.5847
vn -0.4229 -0.4737 -0.7725
vn -0.3245 -0.3938 -0.8600
vn -0.2609 -0.6392 -0.7235
vn -0.3852 -0.5967 -0.7040
vn -0.6585 -0.4281 -0.6189
vn -0.7307 -0.3673 -0.5755
vn -0.2802 -0.7293 -0.6242
vn -0.1293 -0.8327 -0.5384
vn 0.0228 -0.9466 -0.3215
vn -0.0990 -0.8724 -0.4787
vn -0.3959 -0.7135 -0.5781
vn -0.5386 -0.5727 -0.6180
vn -0.7983 -0.2350 -0.5546
vn -0.8100 -0.2691 -0.5210
vn -0.7786 -0.2846 -0.5593
vn -0.7500 -0.3105 -0.5840
vn -0.7575 -0.3188 -0.5697
vn -0.6863 -0.4307 -0.5861
vn -0.8205 -0.2688 -0.5045
vn -0.8091 -0.2576 -0.5282
vn -0.2299 -0.0591 -0.9714
vn -0.3624 -0.1370 -0.9219
vn -0.3647 0.1654 -0.9163
vn -0.3100 0.1024 -0.9452
vn -0.3459 -0.3304 -0.8782
vn -0.3696 -0.2107 -0.9050
vn -0.2638 -0.7555 -0.5997
vn -0.2479 -0.7896 -0.5613
vn -0.0940 -0.9682 -0.2317
vn -0.1239 -0.9763 -0.1776
vn -0.1153 -0.9837 -0.1381
vn -0.0120 -0.9940 -0.1084
vn -0.4016 -0.2463 -0.8821
vn -0.4427 -0.3242 -0.8360
vn -0.4883 0.1326 -0.8625
vn -0.4526 0.1658 -0.8762
vn 0.5963 -0.0225 -0.8024
vn 0.2740 0.2751 -0.9216
vn 0.5007 0.6788 -0.5371
vn 0.8436 0.4175 -0.3377
vn 0.9723 0.1751 -0.1547
vn 0.7049 -0.2489 -0.6643
vn 0.2403 -0.5367 -0.8088
vn 0.0873 -0.3340 -0.9385
vn -0.0380 -0.0595 -0.9975
vn 0.6720 -0.7327 -0.1077
vn 0.5569 -0.7157 -0.4215
vn 0.3852 -0.6724 -0.6320
vn 0.7565 -0.5245 -0.3906
vn 0.9799 -0.1776 0.0912
vn 0.8244 -0.5023 0.2610
vn 0.2299 0.9475 -0.2224
vn 0.1497 0.7679 -0.6228
vn 0.4591 0.4712 -0.7532
vn 0.5879 0.7286 -0.3514
vn 0.3549 0.9005 0.2513
vn 0.2564 0.9512 0.1718
vn 0.1596 0.9548 0.2506
vn 0.3731 0.9243 -0.0806
vn 0.6202 0.6752 0.3992
vn 0.7027 0.6905 0.1717
vn 0.6024 0.5765 0.5520
vn 0.6747 0.6695 0.3107
vn 0.4190 0.8934 0.1619
vn 0.4725 0.8137 0.3387
vn -0.3500 -0.4592 -0.8165
vn -0.2902 -0.6917 -0.6613
vn -0.1705 -0.6835 -0.7098
vn -0.2454 -0.4858 -0.8389
vn -0.2210 -0.2582 -0.9405
vn -0.3273 -0.2012 -0.9233
vn -0.3777 -0.1147 -0.9188
vn -0.3697 -0.4426 -0.8170
vn -0.3266 -0.6822 -0.6542
vn -0.2201 -0.3908 -0.8938
vn -0.2390 -0.3362 -0.9110
vn -0.1749 -0.6580 -0.7325
vn -0.1148 -0.7305 -0.6732
vn -0.0471 -0.7802 -0.6238
vn -0.2266 -0.3325 -0.9155
vn 0.1727 0.9777 0.1195
vn 0.4627 0.6843 0.5636
vn 0.4643 0.6480 0.6037
vn 0.1757 0.9744 0.1400
vn 0.1761 0.9744 0.1394
vn 0.1583 0.9794 0.1250
vn 0.0374 0.9966 0.0730
vn 0.0715 0.9523 0.2968
vn 0.2536 0.6560 0.7109
vn 0.6334 0.0197 0.7736
vn 0.5989 -0.4650 0.6520
vn 0.5472 -0.4513 0.7049
vn 0.5902 0.0124 0.8072
vn 0.4390 0.0849 0.8945
vn 0.4806 -0.4180 0.7709
vn 0.6043 -0.4263 0.6731
vn 0.5422 -0.6623 0.5170
vn 0.4570 -0.6457 0.6117
vn 0.5271 -0.4928 0.6924
vn 0.5347 -0.3507 0.7689
vn 0.4834 -0.6474 0.5892
vn 0.6751 0.4635 0.5739
vn 0.5901 0.4329 0.6814
vn 0.6034 0.2967 0.7402
vn 0.6603 0.2670 0.7020
vn 0.5427 0.3430 0.7667
vn 0.5087 0.6729 0.5371
vn 0.6669 0.1167 0.7359
vn 0.7081 -0.0453 0.7047
vn 0.5342 -0.2758 0.7991
vn 0.5405 0.0444 0.8402
vn 0.6638 0.2327 0.7108
vn 0.7350 0.1690 0.6566
vn -0.5467 -0.6411 -0.5385
vn -0.8202 -0.3599 -0.4446
vn -0.7909 -0.3034 -0.5315
vn -0.5306 -0.5772 -0.6208
vn -0.2454 -0.7459 -0.6192
vn -0.2955 -0.7734 -0.5608
vn -0.2390 -0.7668 -0.5957
vn -0.1771 -0.7630 -0.6216
vn -0.2837 -0.6858 -0.6703
vn -0.3332 -0.6808 -0.6523
vn -0.4416 -0.6902 -0.5732
vn -0.3716 -0.7758 -0.5100
vn -0.4727 -0.5586 -0.6816
vn -0.4425 -0.5611 -0.6996
vn -0.4921 -0.4800 -0.7263
vn -0.5371 -0.4746 -0.6974
vn -0.5665 -0.4925 -0.6607
vn -0.5076 -0.5618 -0.6533
vn -0.4756 -0.4478 -0.7571
vn -0.4401 -0.4517 -0.7760
vn -0.4402 -0.4377 -0.7840
vn -0.4528 -0.4371 -0.7772
vn -0.4736 -0.4928 -0.7300
vn -0.5154 -0.4940 -0.7003
vn 0.4686 0.4003 0.7875
vn 0.8284 0.4931 0.2659
vn 0.9556 0.2732 -0.1105
vn 0.9141 0.3671 0.1722
vn 0.6423 0.3468 0.6836
vn 0.4026 0.2895 0.8684
vn 0.4021 0.4352 0.8056
vn 0.5909 0.5970 0.5426
vn 0.4742 0.4526 0.7551
vn 0.5900 0.4307 0.6830
vn 0.5418 0.3993 0.7396
vn 0.4212 0.4580 0.7829
vn 0.4132 0.4675 0.7815
vn 0.4276 0.4724 0.7707
vn 0.4393 0.5080 0.7409
vn 0.4661 0.5218 0.7145
vn 0.5346 0.5604 0.6326
vn 0.5920 0.4987 0.6331
vn 0.6213 0.4683 0.6282
vn 0.8037 0.2849 0.5224
vn 0.7793 0.3249 0.5358
vn 0.7604 0.3529 0.5452
vn 0.5915 0.5201 0.6161
vn 0.5784 0.5208 0.6279
vn 0.5523 0.5184 0.6528
vn 0.5566 0.5299 0.6399
vn -0.4125 -0.3589 -0.8373
vn -0.4151 -0.5407 -0.7317
vn -0.3885 -0.5341 -0.7509
vn -0.3834 -0.3872 -0.8385
vn -0.2380 -0.3446 -0.9081
vn -0.3250 -0.2851 -0.9017
vn -0.4434 -0.2374 -0.8643
vn -0.4435 -0.3539 -0.8234
vn -0.4329 -0.5297 -0.7294
vn 0.7069 0.3875 0.5917
vn 0.6862 0.3870 0.6159
vn 0.1425 0.7577 0.6368
vn 0.1890 0.7809 0.5954
vn 0.2012 0.7854 0.5854
vn 0.7418 0.3828 0.5506
vn 0.8114 -0.3663 0.4556
vn 0.7743 -0.3034 0.5553
vn 0.6944 -0.1468 0.7045
vn 0.7437 -0.2240 0.6298
vn 0.7965 -0.0544 0.6021
vn 0.9123 -0.0812 0.4013
vn 0.9863 -0.1568 0.0515
vn 0.8330 -0.5108 0.2126
vn -0.0347 -0.9146 -0.4029
vn -0.0337 -0.8992 -0.4362
vn -0.0471 -0.8846 -0.4640
vn -0.0834 -0.8822 -0.4635
vn -0.1604 -0.8612 -0.4822
vn -0.0002 -0.9633 -0.2683
vn 0.7226 -0.1698 0.6701
vn 0.7975 -0.0809 0.5978
vn 0.7913 -0.1822 0.5836
vn 0.7192 0.0881 0.6892
vn 0.5944 0.0667 0.8014
vn 0.5698 -0.2352 0.7874
vn 0.6618 0.3927 0.6385
vn 0.6841 0.2638 0.6801
vn 0.8273 0.1782 0.5327
vn 0.8231 0.2372 0.5159
vn 0.5747 0.4564 0.6793
vn 0.6041 0.3014 0.7377
vn -0.6367 -0.5649 -0.5249
vn -0.2662 -0.8293 -0.4913
vn -0.2288 -0.8526 -0.4698
vn -0.5994 -0.6109 -0.5172
vn -0.7992 -0.3164 -0.5110
vn -0.8131 -0.3066 -0.4948
vn -0.5557 -0.5855 -0.5903
vn -0.2256 -0.8022 -0.5527
vn -0.7883 -0.3023 -0.5359
vn 0.0256 -0.9274 -0.3731
vn 0.0521 -0.9511 -0.3043
vn -0.0556 -0.8565 -0.5132
vn 0.0116 -0.9046 -0.4262
vn -0.0914 -0.8358 -0.5414
vn -0.1861 -0.7459 -0.6395
vn -0.1193 -0.9339 -0.3369
vn -0.2476 -0.8173 -0.5204
vn -0.3677 -0.5286 -0.7651
vn -0.2958 -0.7109 -0.6381
vn -0.4018 -0.5688 -0.7176
vn -0.4447 -0.4733 -0.7604
vn -0.3404 -0.7849 -0.5177
vn -0.3297 -0.8582 -0.3935
vn -0.3742 -0.5435 -0.7514
vn -0.3668 -0.5067 -0.7802
vn -0.2663 -0.9435 -0.1974
vn -0.2729 -0.9582 -0.0858
vn -0.4077 -0.4365 -0.8021
vn -0.3997 -0.3974 -0.8260
vn 0.9028 0.2507 0.3495
vn 0.8068 0.2304 0.5440
vn 0.7944 0.3159 0.5188
vn 0.8588 0.3525 0.3718
vn 0.9481 0.2893 -0.1320
vn 0.9762 0.1970 -0.0902
vn 0.8636 0.3249 0.3856
vn 0.6206 0.3034 0.7230
vn 0.9479 0.2793 -0.1532
vn 0.5501 0.0936 0.8299
vn 0.5306 0.0315 0.8470
vn 0.4883 0.3392 0.8040
vn 0.4752 0.3384 0.8122
vn 0.4395 0.3465 0.8287
vn 0.4942 0.1771 0.8511
vn 0.4476 0.3997 0.7999
vn 0.4196 0.4058 0.8120
vn 0.4488 0.3795 0.8091
vn 0.6975 0.1950 0.6896
vn 0.8009 0.0131 0.5987
vn 0.6066 0.1546 0.7799
vn 0.6867 0.3757 0.6223
vn 0.6846 0.3531 0.6377
vn 0.0327 0.7090 0.7045
vn 0.0791 0.7198 0.6896
vn 0.6650 0.2073 -0.7175
vn 0.7197 -0.1650 -0.6744
vn 0.5587 -0.2924 -0.7761
vn 0.3746 0.0043 -0.9272
vn 0.2675 0.3861 -0.8828
vn 0.4220 0.5948 -0.6842
vn 0.5932 0.6025 -0.5340
vn 0.7643 0.2654 -0.5878
vn 0.7865 -0.0745 -0.6131
vn -0.8906 0.2753 0.3619
vn -0.9889 -0.1092 0.1012
vn -0.8921 -0.2488 0.3772
vn -0.8486 -0.1139 0.5167
vn -0.8275 -0.0019 0.5614
vn -0.7787 0.4596 0.4270
vn -0.4034 0.9118 0.0762
vn -0.6828 0.7247 -0.0924
vn -0.9099 0.2072 -0.3594
vn -0.7516 -0.3953 0.5280
vn -0.8160 -0.4843 0.3157
vn -0.6202 -0.7112 0.3308
vn -0.5750 -0.6793 0.4560
vn -0.5672 -0.6504 0.5052
vn -0.7331 -0.3558 0.5797
vn 0.5578 -0.5613 -0.6113
vn 0.6903 -0.4497 -0.5667
vn 0.2657 -0.9357 -0.2321
vn 0.1782 -0.9308 -0.3191
vn -0.0941 -0.8876 -0.4509
vn 0.2813 -0.6299 -0.7240
vn 0.7301 0.2183 -0.6476
vn 0.7005 -0.1261 -0.7024
vn 0.6104 0.5638 -0.5563
vn 0.4190 0.4947 -0.7614
vn 0.4103 0.1184 -0.9042
vn 0.1989 -0.2812 -0.9388
vn 0.3664 0.8242 -0.4317
vn 0.1960 0.9189 -0.3425
vn -0.1688 0.9825 -0.0787
vn 0.0301 0.9813 -0.1899
vn 0.2889 0.7484 -0.5970
vn -0.6203 0.6572 0.4282
vn -0.7200 0.1266 0.6823
vn -0.3706 0.3497 0.8605
vn -0.2600 0.8541 0.4505
vn -0.6262 -0.3150 0.7132
vn -0.4870 -0.6264 0.6086
vn -0.2768 -0.5754 0.7696
vn -0.3549 -0.1655 0.9201
vn -0.2867 -0.8850 0.3670
vn -0.2921 -0.9133 0.2838
vn 0.0397 -0.9840 -0.1735
vn -0.1105 -0.9876 0.1118
vn -0.2000 -0.8359 0.5112
vn 0.4834 -0.5444 -0.6855
vn 0.0156 -0.8244 -0.5658
vn -0.0012 0.0188 -0.9998
vn -0.0817 -0.4783 -0.8744
vn 0.1001 0.3973 -0.9122
vn -0.0157 0.3330 -0.9428
vn -0.0846 -0.0675 -0.9941
vn -0.1804 -0.5883 -0.7883
vn 0.1444 0.7436 -0.6528
vn 0.1763 0.9577 -0.2273
vn 0.1804 0.9673 -0.1782
vn 0.0477 0.7651 -0.6421
vn 0.1288 0.9170 0.3776
vn 0.0663 0.5223 0.8502
vn 0.1519 0.6407 0.7526
vn 0.2431 0.9096 0.3370
vn -0.0292 -0.0109 0.9995
vn -0.1157 -0.4956 0.8608
vn -0.1281 -0.4659 0.8755
vn -0.0120 0.1234 0.9923
vn -0.1495 -0.9643 0.2184
vn -0.1582 -0.7977 0.5819
vn -0.2200 -0.9460 0.2379
vn -0.1765 -0.8014 0.5715
vn -0.1339 -0.9305 -0.3409
vn -0.2531 -0.9300 -0.2667
vn 0.1122 0.5127 -0.8512
vn 0.1929 0.4522 -0.8708
vn 0.0333 0.2948 -0.9550
vn -0.0385 0.3031 -0.9522
vn -0.3331 0.4160 -0.8462
vn -0.1874 0.7312 -0.6559
vn 0.1840 0.9245 -0.3338
vn 0.3097 0.8457 -0.4347
vn 0.4090 0.7631 -0.5004
vn -0.3386 -0.1349 -0.9312
vn -0.3348 0.0205 -0.9421
vn -0.7871 -0.5005 -0.3605
vn -0.6679 -0.6346 -0.3888
vn -0.5727 -0.7007 -0.4254
vn -0.3324 -0.1986 -0.9220
vn 0.1002 0.3516 -0.9308
vn 0.1499 0.4953 -0.8557
vn -0.5971 -0.8021 0.0097
vn -0.6951 -0.7022 0.1540
vn -0.5147 -0.6732 0.5309
vn -0.3455 -0.7653 0.5432
vn -0.5818 -0.8088 -0.0861
vn -0.3955 -0.8107 0.4317
vn -0.1604 -0.5113 0.8443
vn -0.3981 -0.4628 0.7921
vn -0.0753 -0.1439 0.9867
vn 0.0224 -0.1689 0.9854
vn 0.1016 -0.1866 0.9772
vn -0.0950 -0.5439 0.8338
vn 0.2950 0.2424 0.9242
vn 0.2924 0.2392 0.9259
vn 0.5342 0.6036 0.5919
vn 0.4908 0.6163 0.6159
vn 0.5026 0.6732 0.5424
vn 0.3300 0.2489 0.9106
vn 0.5822 0.8130 -0.0030
vn 0.5610 0.8081 -0.1795
vn 0.4342 0.5446 -0.7175
vn 0.4866 0.6284 -0.6069
vn 0.5079 0.8597 0.0535
vn 0.2787 0.4163 -0.8655
vn 0.3570 0.5176 -0.7776
vn 0.0625 0.7291 -0.6815
vn -0.0100 0.2884 -0.9575
vn 0.1305 0.9804 -0.1476
vn 0.0601 0.9862 -0.1540
vn 0.0520 0.7018 -0.7105
vn -0.0655 0.3420 -0.9374
vn 0.1131 0.9325 0.3430
vn 0.0372 0.9291 0.3679
vn 0.0772 0.6633 0.7443
vn 0.0588 0.6290 0.7751
vn -0.0250 0.1184 0.9927
vn -0.1244 -0.5069 0.8530
vn -0.1013 -0.5500 0.8290
vn -0.0117 0.0792 0.9968
vn -0.1845 -0.8134 0.5517
vn -0.2683 -0.9286 0.2564
vn -0.2987 -0.9165 0.2659
vn -0.1717 -0.8258 0.5372
vn -0.3591 -0.9088 -0.2123
vn -0.3633 -0.5804 -0.7288
vn -0.5823 -0.4521 -0.6757
vn -0.4936 -0.8587 -0.1378
vn -0.1759 -0.1089 -0.9784
vn -0.3513 0.0195 -0.9361
vn -0.1180 0.8051 -0.5812
vn 0.0089 0.9980 -0.0624
vn -0.2475 0.9566 0.1541
vn -0.6025 0.7850 -0.1441
vn -0.9189 0.2056 -0.3367
vn -0.4659 0.4262 -0.7754
vn -0.7826 -0.5962 0.1790
vn -0.9026 -0.2454 -0.3536
vn -0.9473 0.1982 -0.2517
vn -0.9052 -0.3442 0.2491
vn -0.8115 -0.2914 0.5066
vn -0.6298 -0.6067 0.4851
vn -0.5661 0.3920 0.7252
vn -0.2508 0.7690 0.5881
vn -0.0412 0.4301 0.9018
vn -0.1484 0.2021 0.9681
vn -0.0062 -0.0095 0.9999
vn -0.5837 -0.1271 0.8019
vn -0.7621 0.4775 0.4373
vn -0.0423 0.8891 0.4557
vn 0.0175 0.5650 0.8249
vn -0.4553 -0.4578 0.7636
vn -0.0229 -0.1792 0.9835
vn 0.0599 0.0482 0.9970
vn -0.0251 -0.5566 0.8304
vn 0.1298 0.0927 0.9872
vn -0.1505 -0.8192 0.5534
vn -0.3728 -0.8686 0.3266
vn -0.4343 -0.8095 0.3950
vn -0.1592 -0.7558 0.6351
vn 0.0410 -0.5197 0.8534
vn -0.9965 0.0778 -0.0319
vn -0.9364 0.1416 0.3211
vn 0.3738 0.1005 0.9220
vn 0.3617 0.0468 0.9311
vn 0.5861 0.2712 0.7635
vn 0.6039 0.4296 0.6714
vn 0.7223 0.4950 0.4830
vn 0.7856 0.2426 0.5692
vn 0.8228 0.4453 0.3533
vn 0.6444 0.7565 0.1112
vn 0.4400 0.7932 -0.4209
vn 0.7619 0.6410 0.0922
vn 0.5092 0.2183 0.8325
vn 0.5196 0.0928 0.8493
vn 0.6247 0.7665 -0.1494
vn 0.3198 0.6764 -0.6635
vn 0.2263 0.9016 -0.3686
vn 0.2603 0.7462 -0.6128
vn -0.0869 0.9378 -0.3361
vn 0.0265 0.7427 -0.6691
vn -0.5137 0.3654 -0.7762
vn -0.5954 0.6383 -0.4880
vn -0.5976 0.7219 -0.3489
vn -0.2830 0.9443 -0.1681
vn -0.4256 0.8951 -0.1326
vn -0.6227 0.7215 -0.3028
vn -0.8871 0.3425 -0.3095
vn -0.8912 0.3381 -0.3023
vn -0.6748 0.6759 -0.2964
vn -0.4591 0.8714 -0.1727
vn -0.4043 0.8794 -0.2513
vn -0.6669 0.6511 -0.3623
vn -0.8092 0.4087 -0.4221
vn -0.8521 0.3670 -0.3732
vn -0.8725 -0.1101 -0.4760
vn -0.9195 -0.1350 -0.3692
vn -0.8876 0.2474 -0.3886
vn -0.7891 0.3981 -0.4677
vn -0.8429 0.2692 -0.4658
vn -0.8432 -0.0674 -0.5334
vn -0.9114 0.0796 -0.4037
vn -0.3749 0.8893 -0.2618
vn -0.5056 0.8496 -0.1504
vn -0.3968 0.8910 -0.2208
vn -0.4793 0.8604 -0.1730
vn -0.8040 0.5382 -0.2529
vn -0.8882 0.3280 -0.3219
vn -0.5916 0.7633 -0.2595
vn -0.1011 0.9838 -0.1479
vn 0.0103 0.9999 0.0071
vn 0.1178 0.9802 0.1591
vn -0.2716 0.9624 0.0009
vn -0.6900 0.6831 -0.2393
vn -0.7156 0.5721 -0.4008
vn -0.2283 0.8506 -0.4737
vn -0.1571 0.9235 -0.3500
vn -0.6281 0.6411 -0.4410
vn -0.8905 0.1902 -0.4133
vn 0.3915 0.8959 -0.2101
vn 0.3425 0.8059 -0.4828
vn 0.7470 0.5598 -0.3587
vn 0.7504 0.6555 -0.0848
vn 0.6828 0.7234 0.1026
vn 0.3910 0.9203 -0.0113
vn 0.4503 0.7572 0.4732
vn 0.4080 0.4858 0.7730
vn -0.0911 0.6530 0.7519
vn 0.2666 0.9539 0.1378
vn 0.7332 0.5029 0.4577
vn 0.6869 0.3553 0.6340
vn 0.1867 0.9824 -0.0018
vn -0.1658 0.7724 0.6131
vn -0.5285 0.5499 0.6468
vn -0.0862 0.9958 0.0309
vn -0.3751 -0.0453 0.9259
vn -0.3292 0.2739 0.9037
vn -0.0923 0.2147 0.9723
vn -0.0541 -0.1033 0.9932
vn -0.3585 0.9312 0.0659
vn -0.9579 0.2755 0.0814
vn -0.9970 0.0127 -0.0762
vn -0.7895 -0.1961 0.5816
vn -0.9537 -0.0376 0.2983
vn -0.9563 0.2033 -0.2101
vn -0.4027 -0.4507 0.7967
vn -0.3638 -0.3797 0.8506
vn -0.0471 -0.4092 0.9112
vn -0.0308 -0.5297 0.8476
vn -0.7753 0.5631 -0.2860
vn -0.8426 0.4905 -0.2224
vn -0.4893 0.6721 -0.5557
vn -0.3419 0.7480 -0.5688
vn -0.9047 0.4053 -0.1310
vn -0.8951 -0.0170 0.4456
vn -0.7787 0.0417 0.6260
vn -0.8671 0.3859 0.3150
vn -0.7467 0.6651 -0.0067
vn -0.6510 0.6584 -0.3778
vn 0.9232 0.2088 -0.3226
vn 0.6519 0.4907 -0.5781
vn 0.6597 0.5782 -0.4801
vn 0.9104 0.3944 -0.1250
vn 0.9609 0.0939 0.2605
vn 0.9820 -0.0943 0.1635
vn 0.9843 0.0220 0.1754
vn 0.9562 0.2265 -0.1854
vn 0.2354 0.6938 -0.6806
vn 0.1701 0.7147 -0.6785
vn 0.6382 -0.3257 0.6976
vn 0.7024 0.0043 0.7117
vn 0.2266 -0.1740 0.9583
vn 0.0403 -0.4523 0.8910
vn 0.5930 -0.3832 0.7081
vn 0.0887 0.9054 -0.4152
vn -0.1031 0.9274 0.3595
vn 0.6064 0.6754 0.4198
vn 0.7176 0.6843 -0.1295
vn -0.3882 -0.4339 0.8130
vn -0.3506 -0.2057 0.9136
vn -0.2879 0.3322 0.8982
vn 0.4823 0.3145 0.8176
vn 0.8340 0.4133 0.3656
vn 0.0052 0.6780 0.7350
vn -0.2729 0.6706 0.6898
vn -0.2422 0.7362 0.6319
vn 0.0575 0.7883 0.6126
vn 0.0817 0.8193 0.5675
vn -0.2462 0.7607 0.6006
vn -0.2604 0.7523 0.6052
vn 0.1063 0.7818 0.6144
vn -0.2107 0.7583 0.6169
vn -0.2088 0.7400 0.6394
vn -0.1028 0.7766 0.6215
vn -0.0677 0.7941 0.6040
vn -0.0633 0.8109 0.5817
vn -0.2151 0.7491 0.6266
vn -0.2739 0.7274 0.6292
vn 0.1415 0.7050 0.6949
vn -0.2725 0.7038 0.6561
vn 0.2011 0.6064 0.7693
vn -0.1812 0.7473 0.6393
vn -0.0502 0.7557 0.6530
vn -0.0882 0.6470 0.7574
vn -0.1993 0.7004 0.6853
vn -0.2474 0.6997 0.6702
vn 0.2789 0.5560 0.7830
vn -0.1943 0.6968 0.6904
vn 0.3745 0.4886 0.7881
vn -0.2728 0.6741 0.6864
vn -0.1134 0.6349 0.7642
vn -0.1180 0.6673 0.7354
vn -0.3159 0.6773 0.6645
vn 0.6888 0.3138 0.6535
vn 0.6456 0.2995 0.7025
vn 0.0017 0.6653 0.7466
vn 0.0230 0.6831 0.7300
vn 0.5106 0.3841 0.7693
vn -0.1085 0.6806 0.7246
vn -0.3165 0.6861 0.6550
vn -0.1382 0.6821 0.7181
vn -0.1524 0.7014 0.6962
vn -0.2876 0.7166 0.6355
vn -0.2071 0.7062 0.6770
vn -0.2110 0.6756 0.7064
vn -0.4413 0.6627 0.6050
vn -0.1236 0.7296 0.6726
vn -0.2310 0.6565 0.7181
vn -0.4831 0.6073 0.6307
vn -0.1863 0.6165 0.7650
vn -0.5562 0.5037 0.6610
vn -0.8795 -0.2098 -0.4272
vn -0.8653 -0.2220 -0.4494
vn -0.9732 0.2258 0.0443
vn -0.9880 0.1526 0.0245
vn -0.9998 0.0169 -0.0055
vn -0.8556 -0.2842 -0.4326
vn -0.1909 0.7695 0.6095
vn -0.1560 0.7484 0.6446
vn -0.5809 0.6707 0.4612
vn -0.5404 0.6469 0.5381
vn -0.9679 0.2394 -0.0764
vn -0.8655 -0.1444 -0.4796
vn -0.9003 -0.0290 -0.4342
vn -0.9527 0.3034 0.0153
vn -0.5962 0.6289 0.4990
vn -0.6456 0.5679 0.5106
vn -0.2554 0.7465 0.6144
vn -0.2130 0.7905 0.5742
vn -0.7590 -0.2452 -0.6031
vn -0.8347 -0.2634 -0.4837
vn -0.8312 -0.2604 -0.4912
vn -0.7515 -0.2446 -0.6128
vn -0.7034 -0.2904 -0.6488
vn -0.7625 -0.1919 -0.6179
vn -0.7852 -0.2592 -0.5623
vn -0.6896 -0.3298 -0.6448
vn -0.8130 -0.2839 -0.5084
vn -0.9671 -0.0026 -0.2544
vn -0.9870 -0.0169 -0.1597
vn -0.9425 0.2538 0.2173
vn -0.9411 0.3031 0.1496
vn -0.8658 -0.1621 -0.4734
vn -0.8697 -0.2017 -0.4505
vn -0.6793 -0.3777 -0.6291
vn -0.7046 -0.4278 -0.5661
vn -0.7160 -0.4482 -0.5353
vn -0.7171 -0.3497 -0.6028
vn -0.2934 0.7025 0.6484
vn -0.6906 0.5394 0.4818
vn -0.7124 0.5391 0.4493
vn -0.2621 0.6900 0.6747
vn -0.8829 -0.2594 -0.3913
vn -0.8813 -0.2232 -0.4164
vn -0.9931 -0.0024 -0.1171
vn -0.9917 -0.0111 -0.1279
vn -0.9461 0.2334 0.2247
vn -0.9473 0.2720 0.1690
vn -0.2386 0.6648 0.7079
vn -0.7103 0.5190 0.4754
vn -0.6995 0.4887 0.5214
vn -0.2448 0.6170 0.7479
vn -0.9533 0.2561 0.1603
vn -0.9949 -0.0432 -0.0913
vn -0.9928 -0.1068 -0.0539
vn -0.9586 0.2022 0.2005
vn -0.8719 -0.3595 -0.3324
vn -0.7308 -0.5067 -0.4574
vn -0.8703 -0.4167 -0.2625
vn -0.7965 -0.4614 -0.3907
vn -0.7612 -0.3890 -0.5188
vn -0.8131 -0.3303 -0.4793
vn -0.9571 0.1442 0.2514
vn -0.9858 -0.1679 -0.0008
vn -0.9789 -0.2011 -0.0366
vn -0.9580 0.1445 0.2478
vn -0.6786 0.4894 0.5477
vn -0.6771 0.4717 0.5648
vn -0.2530 0.5920 0.7652
vn -0.2860 0.6306 0.7215
vn -0.9180 -0.3755 -0.1276
vn -0.8756 -0.4321 -0.2158
vn -0.2426 0.7597 0.6033
vn -0.2104 0.7249 0.6559
vn -0.5589 0.6573 0.5055
vn -0.2372 0.7871 0.5694
vn -0.8460 -0.2696 -0.4600
vn -0.8739 -0.1988 -0.4436
vn -0.9163 -0.1964 -0.3490
vn -0.8691 -0.3295 -0.3690
vn -0.3689 0.6701 0.6441
vn -0.7213 0.5207 0.4567
vn -0.9157 -0.3218 -0.2408
vn -0.9477 -0.1787 -0.2646
vn -0.9936 -0.0034 -0.1128
vn -0.9894 -0.1212 -0.0798
vn -0.9569 0.2207 0.1886
vn -0.9283 0.3250 0.1805
vn -0.2492 0.7972 0.5498
vn -0.5781 0.6781 0.4538
vn -0.5896 0.6923 0.4161
vn -0.2582 0.8090 0.5281
vn -0.8971 -0.1232 -0.4243
vn -0.9267 -0.0685 -0.3695
vn -0.9662 -0.0113 -0.2576
vn -0.9428 -0.0816 -0.3232
vn -0.9631 -0.0773 -0.2579
vn -0.9792 -0.0355 -0.2000
vn -0.9935 0.0968 -0.0595
vn -0.9924 0.0733 -0.0985
vn -0.9002 0.3917 0.1902
vn -0.8932 0.4092 0.1864
vn -0.6051 0.6872 0.4020
vn -0.2929 0.8055 0.5152
vn -0.6453 0.6551 0.3930
vn -0.3393 0.8146 0.4705
vn -0.9626 -0.0410 -0.2679
vn -0.9632 -0.0517 -0.2636
vn -0.9823 0.1480 -0.1151
vn -0.9852 0.0603 -0.1604
vn -0.9885 0.0159 -0.1501
vn -0.9864 0.1272 -0.1040
vn -0.9858 0.1616 -0.0462
vn -0.9924 0.1123 -0.0498
vn -0.9000 0.3998 0.1738
vn -0.9196 0.3662 0.1423
vn -0.9085 -0.0311 -0.4167
vn -0.9467 -0.0537 -0.3177
vn -0.9457 0.2646 -0.1889
vn -0.9707 0.1895 -0.1475
vn -0.9309 0.0113 -0.3650
vn -0.8477 -0.2978 -0.4390
vn -0.7200 -0.2768 -0.6364
vn -0.6685 0.1553 -0.7273
vn -0.9157 -0.1505 -0.3727
vn -0.8876 -0.1029 -0.4489
vn -0.8854 -0.2413 -0.3972
vn -0.8719 -0.3049 -0.3831
vn -0.9449 -0.0950 -0.3133
vn -0.6100 -0.7705 -0.1851
vn -0.6753 -0.7056 -0.2145
vn -0.9779 0.0152 -0.2086
vn -0.9663 0.0974 0.2382
vn -0.9982 -0.0352 -0.0483
vn -0.5251 0.6990 0.4855
vn -0.3716 0.5530 0.7458
vn -0.2414 0.3274 0.9135
vn -0.8441 0.1765 0.5063
vn -0.9830 -0.1783 -0.0435
vn -0.8807 -0.3819 -0.2802
vn -0.7899 0.1052 0.6041
vn -0.3359 0.0113 0.9418
vn -0.6699 -0.2134 0.7111
vn -0.8519 0.1170 0.5105
vn -0.9564 -0.0085 0.2918
vn -0.9771 -0.1124 0.1809
vn -0.4513 -0.8112 -0.3720
vn -0.6056 -0.6851 -0.4048
vn -0.5632 -0.6254 -0.5401
vn -0.3882 -0.7527 -0.5318
vn -0.4783 -0.7494 -0.4578
vn -0.5380 -0.7664 -0.3509
vn -0.6454 -0.7161 -0.2659
vn -0.5251 -0.8454 -0.0976
vn -0.5614 -0.7790 -0.2794
vn -0.2651 -0.6471 -0.7148
vn -0.2812 -0.6971 -0.6596
vn -0.4054 -0.4573 -0.7915
vn -0.3822 -0.3784 -0.8431
vn -0.3793 -0.3210 -0.8678
vn -0.2526 -0.5668 -0.7842
vn -0.2130 -0.6606 -0.7199
vn -0.2840 -0.7108 -0.6435
vn -0.2742 -0.7413 -0.6127
vn -0.2398 -0.4875 -0.8395
vn -0.3985 -0.2621 -0.8789
vn -0.4779 -0.2379 -0.8456
vn -0.2435 -0.4889 -0.8377
vn -0.0821 -0.6094 -0.7886
vn -0.1187 -0.6051 -0.7873
vn -0.5073 -0.1171 -0.8538
vn -0.5410 -0.1786 -0.8219
vn -0.6315 0.1145 -0.7669
vn -0.5832 0.1775 -0.7927
vn -0.5833 0.2279 -0.7797
vn -0.4909 -0.0461 -0.8700
vn -0.6315 0.4712 -0.6158
vn -0.6798 0.4548 -0.5754
vn -0.5337 0.8428 -0.0701
vn -0.4862 0.8667 -0.1112
vn -0.4617 0.8718 -0.1639
vn -0.6055 0.5248 -0.5983
vn -0.5396 0.0030 -0.8419
vn -0.6329 0.3077 -0.7105
vn -0.7547 0.4084 -0.5135
vn -0.6670 0.0548 -0.7430
vn -0.8195 0.0073 -0.5730
vn -0.8912 0.3151 -0.3263
vn -0.6663 -0.2267 -0.7104
vn -0.1568 0.8618 0.4823
vn -0.2404 0.8682 0.4341
vn -0.0230 0.7975 0.6029
vn -0.0232 0.8163 0.5772
vn -0.1897 0.8314 0.5224
vn -0.0617 0.8610 0.5049
vn -0.5999 0.7974 -0.0652
vn -0.6751 0.7370 -0.0335
vn -0.9620 0.2698 -0.0416
vn -0.9115 0.4100 -0.0327
vn -0.9062 0.4228 -0.0049
vn -0.9562 0.2910 0.0303
vn -0.7999 0.5765 0.1664
vn -0.8422 0.5324 -0.0853
vn -0.3911 0.8577 0.3337
vn -0.4098 0.8522 0.3252
vn 0.3300 0.7489 0.5747
vn 0.2775 0.7629 0.5839
vn -0.9198 0.3773 0.1080
vn -0.9100 0.4129 -0.0366
vn -0.2741 0.9597 0.0618
vn 0.1684 0.9351 0.3117
vn -0.6783 0.6719 -0.2975
vn -0.8298 0.5520 -0.0824
vn -0.6496 0.7543 -0.0950
vn -0.6286 0.7418 0.2335
vn -0.8377 0.5460 -0.0123
vn -0.5658 0.7298 -0.3837
vn -0.2936 0.9338 0.2047
vn -0.1040 0.8924 0.4392
vn -0.4184 0.7676 0.4855
vn -0.8873 0.2339 -0.3974
vn -0.9045 0.1751 -0.3889
vn -0.9388 0.3441 -0.0187
vn -0.8126 0.5518 0.1874
vn -0.6022 0.7718 0.2041
vn -0.8255 0.5052 -0.2515
vn -0.9742 0.0505 -0.2200
vn -0.9365 -0.0439 -0.3480
vn -0.9082 -0.2224 -0.3546
vn -0.9329 -0.0543 -0.3560
vn -0.9444 0.1802 -0.2752
vn -0.9224 0.3825 -0.0540
vn -0.8686 0.2283 -0.4397
vn -0.8881 0.3345 -0.3152
vn -0.9227 0.1076 -0.3703
vn -0.8993 0.4151 -0.1377
vn -0.3945 -0.2049 -0.8958
vn -0.6748 -0.0951 -0.7319
vn -0.5709 -0.7172 -0.3995
vn -0.6585 -0.6708 -0.3413
vn 0.3888 0.9165 0.0946
vn 0.1057 0.9893 0.1006
vn 0.0424 0.8052 0.5915
vn 0.3493 0.7562 0.5533
vn -0.2736 -0.5056 0.8182
vn 0.0634 -0.0707 0.9955
vn -0.1151 0.0977 0.9885
vn -0.5582 -0.1891 0.8079
vn -0.7976 -0.5246 0.2977
vn -0.5502 -0.7701 0.3228
vn -0.6381 -0.7587 -0.1311
vn -0.7572 -0.6411 -0.1247
vn 0.1862 0.3539 0.9166
vn -0.0800 0.4574 0.8857
vn -0.5300 0.3544 0.7704
vn -0.3904 0.7994 0.4567
vn -0.7330 0.6480 0.2070
vn -0.9344 0.0872 0.3454
vn -0.9462 -0.1161 -0.3020
vn -0.6584 0.6078 -0.4440
vn -0.3039 0.9420 -0.1423
vn -0.6228 -0.6025 -0.4991
vn -0.1286 -0.3554 -0.9258
vn -0.3825 0.3984 -0.8337
vn -0.0925 0.8421 -0.5313
vn -0.7812 -0.6239 -0.0212
vn -0.4393 -0.8964 -0.0582
vn -0.2872 -0.9423 0.1720
vn -0.4885 0.8577 0.1605
vn -0.4731 0.8652 0.1663
vn -0.7644 0.3405 -0.5475
vn -0.7794 0.4557 -0.4300
vn -0.8148 -0.0421 -0.5782
vn -0.7451 0.4247 -0.5143
vn -0.7113 0.3902 -0.5847
vn -0.7275 -0.0237 -0.6857
vn -0.7993 0.0388 -0.5997
vn -0.8565 -0.1351 -0.4981
vn -0.7287 0.1632 -0.6651
vn -0.6913 0.0504 -0.7208
vn -0.6389 0.3729 -0.6729
vn -0.7120 0.3351 -0.6171
vn -0.6973 -0.0004 -0.7168
vn -0.6520 0.3918 -0.6492
vn -0.7702 0.1849 -0.6105
vn -0.9219 -0.0868 -0.3775
vn -0.9417 -0.0746 -0.3281
vn -0.8975 0.2742 -0.3455
vn -0.9289 0.1804 -0.3233
vn -0.7217 0.4765 -0.5021
vn -0.9148 -0.1094 -0.3888
vn -0.8132 0.1186 -0.5697
vn -0.5928 0.6536 -0.4705
vn -0.5871 0.6708 -0.4531
vn -0.4316 0.8499 -0.3022
vn -0.6131 0.7322 -0.2967
vn -0.9491 0.0250 -0.3140
vn -0.5851 0.7896 -0.1849
vn -0.3599 0.9017 -0.2397
vn -0.6275 0.6674 -0.4010
vn -0.5244 -0.6092 -0.5949
vn -0.5619 -0.6402 -0.5238
vn -0.4175 -0.6986 -0.5811
vn -0.3513 -0.6393 -0.6840
vn -0.4749 -0.5487 -0.6881
vn -0.4969 -0.6357 -0.5908
vn -0.5264 -0.6883 -0.4992
vn -0.5240 -0.7230 -0.4503
vn -0.9872 0.1269 -0.0967
vn -0.9438 0.2910 -0.1565
vn -0.4112 0.8989 0.1512
vn -0.5212 0.8117 0.2638
vn -0.8355 0.4827 -0.2626
vn -0.7160 0.6713 -0.1917
vn -0.1457 0.8806 0.4509
vn -0.3002 0.9305 0.2098
vn -0.5546 0.8320 -0.0138
vn -0.0334 0.8226 0.5677
vn -0.1478 0.9012 0.4075
vn -0.1868 0.8664 0.4631
vn -0.6578 0.7440 0.1171
vn -0.6356 0.7641 0.1103
vn -0.5880 0.8083 0.0296
vn -0.1569 0.9412 0.2992
vn -0.6866 0.7251 0.0524
vn -0.2595 0.8538 0.4512
vn -0.2787 -0.6805 -0.6776
vn -0.2959 -0.6819 -0.6690
vn -0.4631 -0.5812 -0.6691
vn -0.4163 -0.5665 -0.7112
vn -0.4100 -0.5665 -0.7148
vn -0.2568 -0.6756 -0.6911
vn -0.2850 -0.5889 -0.7563
vn -0.3057 -0.6301 -0.7138
vn -0.8443 0.4340 -0.3143
vn -0.8084 0.4251 -0.4072
vn -0.7491 0.0341 -0.6615
vn -0.8095 0.0153 -0.5869
vn -0.8593 -0.0061 -0.5114
vn -0.8713 0.4312 -0.2342
vn -0.5119 -0.5918 -0.6227
vn -0.3358 -0.7049 -0.6248
vn -0.8805 0.4203 -0.2192
vn -0.8515 0.4282 -0.3026
vn -0.8868 -0.0050 -0.4622
vn -0.8799 0.0029 -0.4751
vn -0.5703 -0.2551 -0.7808
vn -0.5815 -0.3233 -0.7466
vn -0.6914 0.0574 -0.7202
vn -0.4303 -0.5478 -0.7175
vn -0.6728 -0.3719 -0.6396
vn -0.6266 -0.3579 -0.6923
vn -0.7483 0.4358 -0.5001
vn -0.6972 -0.3697 -0.6142
vn -0.7379 -0.3873 -0.5527
vn 0.7744 0.3691 0.5139
vn 0.7505 0.3368 0.5686
vn 0.7829 0.3007 0.5447
vn 0.7668 0.3425 0.5428
vn 0.6006 0.5233 0.6046
vn 0.5930 0.5246 0.6109
vn 0.5813 0.5603 0.5901
vn 0.5772 0.5338 0.6180
vn 0.5720 0.5265 0.6290
vn 0.7839 0.2568 0.5653
vn 0.7932 0.2498 0.5554
vn 0.5578 0.5445 0.6264
vn 0.5438 0.6408 0.5418
vn 0.5697 0.6022 0.5594
vn 0.4177 0.6147 0.6691
vn 0.3971 0.6468 0.6511
vn 0.3919 0.7005 0.5965
vn 0.3558 0.7115 0.6059
vn 0.3994 0.7208 0.5665
vn 0.4530 0.6780 0.5789
vn 0.9127 0.3920 -0.1154
vn 0.6945 0.6331 0.3420
vn 0.6455 0.6446 0.4097
vn 0.9092 0.4156 -0.0256
vn 0.8590 -0.0050 -0.5120
vn 0.9153 0.1476 -0.3747
vn -0.4122 -0.6366 -0.6518
vn -0.4168 -0.6685 -0.6160
vn -0.3544 -0.7026 -0.6171
vn -0.3656 -0.6389 -0.6768
vn -0.4336 -0.6289 -0.6454
vn -0.4169 -0.6827 -0.6002
vn -0.5230 -0.5652 -0.6380
vn -0.4963 -0.5845 -0.6419
vn -0.4891 -0.6514 -0.5800
vn -0.4989 -0.6152 -0.6104
vn -0.5684 -0.5478 -0.6139
vn -0.5727 -0.5263 -0.6285
vn -0.3648 -0.7398 -0.5653
vn -0.5031 -0.6623 -0.5552
vn -0.4817 -0.6142 -0.6251
vn -0.3014 -0.6914 -0.6566
vn -0.5522 -0.5637 -0.6143
vn -0.5810 -0.5502 -0.5997
vn -0.5790 -0.5533 -0.5989
vn -0.5626 -0.5730 -0.5960
vn -0.5547 -0.5951 -0.5815
vn -0.5703 -0.5763 -0.5854
vn -0.4764 -0.6407 -0.6022
vn -0.4564 -0.5938 -0.6627
vn -0.1636 -0.6631 -0.7305
vn -0.4804 -0.4290 -0.7649
vn 0.0522 -0.7085 -0.7038
vn -0.2734 -0.5051 -0.8186
vn -0.2304 -0.7041 -0.6716
vn -0.1259 -0.7386 -0.6622
vn -0.4673 -0.6971 -0.5437
vn -0.4824 -0.4046 -0.7769
vn -0.4821 -0.3763 -0.7912
vn -0.4281 -0.4320 -0.7938
vn -0.3135 -0.6435 -0.6983
vn -0.3271 -0.9154 -0.2345
vn -0.2875 -0.9533 0.0920
vn -0.4219 -0.9033 -0.0775
vn -0.5411 -0.7229 -0.4296
vn -0.5542 -0.5028 -0.6634
vn -0.5550 -0.4707 -0.6859
vn -0.5254 -0.3991 -0.7514
vn -0.5254 -0.4288 -0.7349
vn -0.5777 -0.7107 -0.4015
vn -0.5823 -0.6430 -0.4975
vn -0.4893 -0.6465 -0.5854
vn -0.4251 -0.6307 -0.6493
vn -0.3840 -0.3623 -0.8493
vn -0.4242 -0.3508 -0.8348
vn -0.3931 -0.4161 -0.8199
vn -0.3645 -0.2969 -0.8826
vn -0.3907 -0.2349 -0.8900
vn -0.3773 -0.2391 -0.8947
vn -0.4303 -0.4799 -0.7646
vn 0.5339 0.7722 0.3444
vn 0.4257 0.8051 0.4130
vn 0.3937 0.8474 0.3563
vn 0.5011 0.8246 0.2624
vn 0.5027 0.8644 0.0078
vn 0.6072 0.7430 0.2816
vn 0.5754 0.3742 0.7273
vn 0.5219 0.4520 0.7234
vn 0.3911 0.4834 0.7832
vn 0.5601 0.7112 0.4248
vn 0.7888 0.5049 0.3507
vn 0.7169 0.6971 -0.0129
vn 0.4528 0.8900 -0.0533
vn 0.4978 0.8516 0.1642
vn 0.5245 0.6614 0.5362
vn 0.5128 0.2209 0.8296
vn 0.5373 0.2211 0.8139
vn 0.4211 -0.0096 0.9070
vn 0.5776 0.0940 0.8109
vn 0.4481 -0.1838 0.8749
vn 0.4415 0.1119 0.8902
vn 0.4454 0.0184 0.8951
vn 0.5311 0.3344 0.7785
vn 0.5181 0.2483 0.8185
vn 0.4746 0.8799 0.0221
vn 0.6192 0.7830 0.0592
vn 0.6002 0.7093 0.3698
vn 0.5629 0.5188 0.6434
vn 0.4770 0.2707 0.8362
vn 0.5222 0.8350 0.1736
vn 0.4846 0.1293 0.8651
vn 0.6357 0.4076 0.6555
vn 0.4229 0.0196 0.9060
vn 0.7850 0.3206 0.5301
vn 0.5652 0.6709 0.4800
vn 0.6654 0.5928 0.4537
vn 0.8636 0.2060 0.4601
vn 0.8468 0.3177 0.4266
vn 0.9594 0.1606 0.2320
vn 0.8094 0.3015 0.5040
vn 0.7168 0.5679 0.4046
vn 0.7914 0.3181 0.5220
vn 0.7945 0.4327 0.4262
vn 0.7115 0.5466 0.4416
vn 0.7413 0.1854 0.6450
vn 0.6684 0.3606 0.6505
vn 0.6986 0.3637 0.6162
vn 0.4020 0.9041 0.1448
vn 0.6394 0.7356 0.2238
vn 0.6152 0.7290 0.3003
vn 0.4352 0.8659 0.2467
vn 0.4157 0.8053 0.4227
vn 0.5678 0.7283 0.3836
vn 0.3698 0.1669 0.9140
vn 0.6186 0.0824 0.7814
vn 0.7233 0.1546 0.6730
vn 0.4008 -0.0914 0.9116
vn 0.5890 0.6954 0.4117
vn 0.6752 0.6516 0.3458
vn 0.7288 0.5365 0.4255
vn 0.6391 0.5672 0.5194
vn 0.7680 0.4491 0.4566
vn 0.7566 0.0580 0.6513
vn 0.7450 0.3119 0.5896
vn 0.7667 0.0224 0.6417
vn 0.7629 0.2923 0.5766
vn 0.7529 0.6078 0.2523
vn 0.7884 0.5508 0.2738
vn 0.8844 0.4544 0.1063
vn 0.8912 0.1047 0.4414
vn 0.4895 -0.3827 0.7835
vn 0.7047 0.1901 0.6835
vn 0.6838 0.1680 0.7101
vn 0.7365 0.6747 0.0484
vn 0.7059 0.7005 0.1049
vn 0.7509 0.5614 0.3478
vn 0.7807 0.5504 0.2960
vn 0.8509 0.4734 0.2278
vn 0.7310 0.6807 -0.0470
vn 0.6625 0.6965 -0.2757
vn 0.7271 0.6491 -0.2235
vn 0.6728 0.7357 0.0782
vn 0.6874 0.5575 -0.4654
vn 0.6061 0.6799 -0.4127
vn 0.5381 0.5761 -0.6153
vn 0.5889 0.5243 -0.6150
vn 0.7096 0.3858 -0.5896
vn 0.7935 0.5283 -0.3021
vn 0.7581 0.5738 -0.3099
vn 0.9639 0.2638 -0.0373
vn 0.9111 0.0116 -0.4121
vn 0.6991 0.3988 -0.5935
vn 0.9068 0.1410 0.3972
vn 0.8450 -0.2092 0.4922
vn 0.8001 -0.4766 0.3642
vn 0.9775 -0.1331 0.1637
vn 0.6466 -0.7574 0.0912
vn 0.8900 -0.4162 -0.1862
vn 0.5384 0.1026 -0.8364
vn 0.3760 0.3190 -0.8700
vn 0.6640 -0.2442 -0.7067
vn 0.2941 -0.3045 -0.9060
vn 0.2639 -0.0676 -0.9622
vn 0.2680 0.1487 -0.9519
vn 0.6373 -0.5623 -0.5270
vn 0.3997 -0.8714 -0.2846
vn 0.1142 -0.8260 -0.5520
vn 0.2696 -0.5457 -0.7934
vn -0.0119 -0.8568 -0.5155
vn 0.0913 -0.6017 -0.7935
vn -0.0612 -0.9176 -0.3927
vn -0.0756 -0.6059 -0.7919
vn -0.0622 -0.2430 -0.9680
vn 0.1611 -0.3730 -0.9137
vn -0.5120 -0.8565 -0.0654
vn -0.4771 -0.8777 0.0447
vn -0.5588 -0.7715 -0.3043
vn -0.5261 -0.8308 -0.1815
vn -0.5117 -0.8455 -0.1525
vn -0.5449 -0.8144 -0.1997
vn -0.5607 -0.5645 -0.6058
vn -0.5573 -0.6159 -0.5568
vn -0.5733 -0.5735 -0.5851
vn -0.4656 -0.3158 -0.8268
vn -0.2740 -0.1902 -0.9427
vn -0.4563 -0.5710 -0.6824
vn -0.1121 -0.5945 -0.7962
vn -0.0303 -0.5253 -0.8504
vn -0.4078 -0.9107 -0.0657
vn -0.4101 -0.8639 -0.2923
vn -0.4367 -0.4104 -0.8006
vn -0.4602 -0.6594 -0.5945
vn -0.4509 -0.5504 -0.7027
vn -0.3180 -0.8976 -0.3053
vn -0.3496 -0.7126 -0.6083
vn -0.3557 -0.4388 -0.8252
vn -0.2354 -0.3742 -0.8970
vn -0.4275 -0.2309 -0.8740
vn -0.3518 -0.2116 -0.9118
vn -0.3404 -0.0718 -0.9375
vn -0.2725 0.0480 -0.9610
vn -0.2432 0.0497 -0.9687
vn -0.3694 0.0481 -0.9280
vn -0.4688 -0.1927 -0.8620
vn -0.3003 -0.1789 -0.9369
vn -0.1647 -0.2744 -0.9474
vn -0.0056 -0.5781 -0.8160
vn -0.1759 0.0896 -0.9803
vn -0.0535 -0.6383 -0.7680
vn -0.0598 -0.5694 -0.8199
vn -0.4417 -0.0767 -0.8939
vn -0.2175 -0.5427 -0.8113
vn -0.3403 -0.6126 -0.7134
vn -0.2697 0.0411 -0.9621
vn -0.5168 -0.2825 -0.8081
vn -0.2625 -0.6944 -0.6700
vn -0.2225 -0.6771 -0.7014
vn -0.4244 -0.4903 -0.7612
vn -0.3810 -0.4566 -0.8040
vn -0.3233 -0.4469 -0.8341
vn -0.4225 -0.5403 -0.7277
vn -0.2915 -0.7707 -0.5666
vn -0.1730 -0.8687 -0.4641
vn -0.0983 -0.5944 -0.7982
vn -0.2048 -0.7117 -0.6720
vn -0.1582 -0.9308 -0.3296
vn -0.1165 -0.6842 -0.7199
vn -0.1109 -0.3354 -0.9355
vn -0.1595 -0.3455 -0.9248
vn -0.2840 -0.4254 -0.8593
vn -0.2178 -0.5036 -0.8361
vn -0.3252 -0.4191 -0.8477
vn -0.2216 -0.3860 -0.8955
vn -0.0381 -0.3545 -0.9343
vn -0.0698 -0.4594 -0.8855
vn -0.2944 -0.4841 -0.8240
vn -0.2558 -0.4730 -0.8431
vn -0.3838 -0.5836 -0.7156
vn -0.2128 -0.4326 -0.8761
vn -0.1350 -0.3291 -0.9346
vn -0.3577 -0.5180 -0.7770
vn -0.5171 -0.6162 -0.5941
vn -0.4930 -0.6723 -0.5522
vn -0.0233 -0.3212 -0.9467
vn -0.0758 -0.3373 -0.9383
vn -0.0233 -0.1681 -0.9855
vn 0.0217 -0.1313 -0.9911
vn -0.0244 -0.3118 -0.9498
vn -0.1672 -0.3714 -0.9133
vn -0.0175 -0.0971 -0.9951
vn -0.2363 -0.2784 -0.9310
vn -0.0125 -0.1100 -0.9939
vn -0.2535 -0.3412 -0.9052
vn -0.5510 -0.5954 -0.5847
vn -0.5158 -0.5353 -0.6688
vn -0.4938 -0.4223 -0.7602
vn -0.4261 -0.4031 -0.8099
vn -0.4193 -0.4051 -0.8125
vn -0.4914 -0.4602 -0.7394
vn -0.4130 -0.4395 -0.7977
vn -0.4765 -0.4913 -0.7291
vn -0.4246 -0.4691 -0.7744
vn -0.3561 -0.4515 -0.8181
vn -0.1661 -0.2828 -0.9447
vn -0.1883 -0.2672 -0.9451
vn -0.3765 -0.4533 -0.8079
vn -0.0856 -0.2319 -0.9690
vn -0.1306 -0.2164 -0.9675
vn -0.4514 -0.3363 -0.8265
vn -0.7212 -0.4089 -0.5591
vn -0.5981 -0.5682 -0.5651
vn -0.5273 -0.4336 -0.7307
vn -0.5351 -0.4071 -0.7402
vn -0.5761 -0.4830 -0.6594
vn -0.5430 -0.4817 -0.6878
vn -0.5277 -0.5198 -0.6718
vn -0.5724 -0.5228 -0.6317
vn -0.4807 -0.4689 -0.7410
vn -0.4343 -0.4662 -0.7707
vn -0.1613 -0.2688 -0.9496
vn -0.2264 -0.2922 -0.9292
vn -0.1554 -0.0998 -0.9828
vn -0.2567 -0.1568 -0.9537
vn -0.1775 -0.0858 -0.9804
vn -0.2160 -0.1996 -0.9558
vn -0.1577 -0.2424 -0.9573
vn -0.1006 -0.0809 -0.9916
vn -0.4124 -0.4695 -0.7807
vn -0.4004 -0.4210 -0.8139
vn -0.5095 -0.4186 -0.7518
vn -0.4586 -0.5574 -0.6921
vn -0.4703 -0.4217 -0.7752
vn -0.6333 -0.6237 -0.4582
vn -0.5292 -0.6848 -0.5009
vn -0.3662 -0.6392 -0.6763
vn -0.3681 -0.5670 -0.7369
vn 0.6831 0.5972 0.4204
vn 0.6929 0.6120 0.3813
vn 0.5902 0.7579 0.2780
vn 0.6599 0.6722 0.3358
vn 0.7443 0.6090 0.2741
vn 0.7424 0.6195 0.2552
vn 0.5526 0.4322 0.7126
vn 0.5573 0.5252 0.6431
vn 0.5171 0.7179 0.4661
vn 0.7532 0.5319 0.3870
vn 0.8046 0.5690 0.1699
vn 0.8078 0.5545 0.2000
vn 0.7339 0.5018 0.4578
vn 0.5989 0.4405 0.6688
vn 0.6085 0.4723 0.6377
vn 0.5712 0.3613 0.7370
vn 0.5699 0.3969 0.7195
vn 0.4941 0.4287 0.7564
vn 0.5740 0.4977 0.6502
vn 0.6150 0.4192 0.6678
vn 0.5918 0.4962 0.6353
vn 0.7989 0.5859 0.1358
vn 0.7044 0.5775 0.4127
vn 0.6725 0.5815 0.4578
vn 0.7428 0.5508 0.3806
vn 0.7862 0.6058 0.1220
vn 0.8001 0.5987 -0.0383
vn 0.6649 0.4981 0.5565
vn 0.6997 0.5465 0.4602
vn 0.6255 0.5440 0.5593
vn 0.7134 0.4025 0.5736
vn 0.6784 0.5524 0.4844
vn 0.7528 0.5453 0.3688
vn 0.7208 0.4768 0.5031
vn 0.7539 0.3069 0.5808
vn 0.6969 0.3440 0.6293
vn 0.5503 0.1625 0.8190
vn 0.5719 0.3289 0.7515
vn 0.5814 0.4626 0.6693
vn 0.6471 -0.0597 0.7600
vn 0.7069 0.1283 0.6956
vn 0.7312 -0.1823 0.6574
vn 0.5963 -0.2844 0.7507
vn 0.7386 0.3500 0.5762
vn 0.6193 0.0381 0.7842
vn 0.6927 0.5388 0.4794
vn 0.7539 0.6371 0.1605
vn 0.5532 0.4307 0.7130
vn 0.6370 0.3873 0.6665
vn 0.7186 0.2847 0.6344
vn 0.7022 0.3022 0.6447
vn 0.7223 0.1113 0.6826
vn 0.7994 0.0019 0.6008
vn 0.7116 0.1483 0.6867
vn 0.9245 0.3476 0.1563
vn 0.9280 0.1296 0.3494
vn 0.7118 0.1340 0.6895
vn 0.7646 0.3038 0.5684
vn 0.7476 0.3720 0.5502
vn 0.8175 0.2226 0.5312
vn 0.8335 0.4670 0.2954
vn 0.7193 0.2940 0.6295
vn 0.7408 0.0787 0.6671
vn 0.7726 0.6348 -0.0136
vn 0.7948 0.6055 -0.0409
vn 0.7956 0.5932 0.1227
vn 0.3789 0.2918 0.8782
vn 0.2473 0.0635 0.9669
vn 0.0846 0.1400 0.9865
vn 0.3009 0.2703 0.9145
vn 0.0604 0.0899 0.9941
vn 0.2302 0.2305 0.9455
vn 0.1990 0.1578 0.9672
vn 0.1485 0.1121 0.9825
vn 0.3148 0.2509 0.9154
vn 0.2045 0.2018 0.9578
vn 0.4260 0.3259 0.8440
vn 0.5075 0.3760 0.7753
vn 0.4957 0.3757 0.7830
vn 0.4252 0.3286 0.8434
vn 0.1518 0.1933 0.9693
vn 0.1447 0.1868 0.9717
vn -0.0189 0.2069 0.9782
vn 0.1339 0.4048 0.9046
vn 0.3950 0.4030 0.8255
vn 0.4437 0.4184 0.7925
vn 0.3754 0.3837 0.8437
vn 0.2923 0.3833 0.8762
vn 0.0855 0.3008 0.9499
vn 0.0384 0.2537 0.9665
vn 0.0164 0.1976 0.9801
vn 0.0733 0.3100 0.9479
vn 0.2077 0.4655 0.8603
vn 0.2155 0.4076 0.8874
vn 0.1693 0.3500 0.9213
vn 0.1119 0.2494 0.9619
vn 0.0873 0.1921 0.9775
vn -0.5740 -0.6556 -0.4907
vn -0.5673 -0.6549 -0.4993
vn -0.5815 -0.6434 -0.4978
vn -0.6038 -0.6873 -0.4037
vn -0.6310 -0.5817 -0.5134
vn -0.6516 -0.5810 -0.4877
vn -0.6636 -0.5802 -0.4722
vn -0.6658 -0.5601 -0.4929
vn -0.7040 -0.6567 -0.2705
vn -0.6677 -0.6650 -0.3347
vn -0.7646 -0.4368 -0.4740
vn -0.7125 -0.4746 -0.5167
vn -0.5535 -0.7130 -0.4305
vn -0.6137 -0.6790 -0.4030
vn -0.6554 -0.7132 -0.2486
vn -0.5709 -0.7466 -0.3415
vn -0.6467 -0.6556 -0.3899
vn -0.6938 -0.6934 -0.1945
vn -0.5268 -0.7984 -0.2917
vn -0.6829 -0.7302 -0.0211
vn -0.6789 -0.7274 -0.1000
vn -0.4467 -0.8555 -0.2617
vn -0.3412 -0.7205 -0.6037
vn -0.4712 -0.7276 -0.4986
vn -0.5790 -0.6389 -0.5066
vn -0.5570 -0.5894 -0.5851
vn -0.7166 -0.6740 -0.1796
vn -0.6655 -0.6263 -0.4061
vn -0.6878 -0.6264 -0.3669
vn -0.5830 -0.5407 -0.6064
vn -0.0276 -0.7385 -0.6737
vn -0.3319 -0.8266 -0.4545
vn -0.5352 -0.6528 -0.5361
vn -0.2626 -0.5674 -0.7804
vn 0.2941 0.3118 0.9035
vn 0.1349 0.0980 0.9860
vn 0.3499 0.0437 0.9358
vn 0.4502 0.3989 0.7989
vn 0.5878 0.4241 0.6890
vn 0.5122 0.3624 0.7787
vn 0.3142 -0.1931 0.9295
vn 0.3147 -0.2378 0.9189
vn 0.5157 0.1430 0.8447
vn 0.5057 0.0789 0.8591
vn 0.2909 -0.2172 0.9318
vn 0.3929 -0.2031 0.8969
vn 0.2615 -0.1223 0.9574
vn 0.5178 -0.0052 0.8555
vn 0.1620 -0.5686 -0.8065
vn 0.5785 -0.0732 -0.8124
vn 0.7521 -0.1307 -0.6459
vn 0.3877 -0.6465 -0.6570
vn 0.8776 -0.2416 -0.4142
vn 0.6254 -0.6970 -0.3509
vn 0.3241 -0.9190 -0.2246
vn 0.0488 -0.9318 -0.3596
vn -0.1977 -0.8609 -0.4687
vn 0.5936 -0.0225 0.8044
vn 0.1524 -0.5923 0.7912
vn 0.4462 -0.5728 0.6876
vn 0.7858 -0.1233 0.6061
vn 0.8597 0.2713 0.4328
vn 0.7931 0.4257 0.4356
vn 0.7773 0.4386 0.4510
vn 0.4651 0.0001 0.8852
vn 0.0335 -0.5686 0.8219
vn -0.0170 -0.8390 0.5438
vn -0.1540 -0.8356 0.5273
vn -0.3003 -0.9382 0.1718
vn -0.0769 -0.9541 0.2893
vn 0.3558 -0.9049 0.2335
vn 0.4087 -0.7955 0.4474
vn 0.9071 -0.3929 0.1512
vn 0.8937 -0.2530 0.3705
vn 0.9520 0.2960 0.0778
vn 0.9207 0.3310 0.2068
vn 0.3251 -0.9457 -0.0035
vn -0.0813 -0.9962 -0.0320
vn -0.3405 -0.9333 -0.1144
vn 0.7960 -0.6019 -0.0640
vn 0.9891 0.0671 -0.1310
vn 0.9023 0.3168 -0.2923
vn 0.8208 0.3608 -0.4429
vn 0.8580 0.5132 0.0210
vn 0.8626 0.5029 0.0554
vn 0.8218 0.5392 0.1840
vn 0.8022 0.5631 0.1987
vn 0.1701 0.4782 0.8616
vn 0.1550 0.5060 0.8485
vn -0.0821 0.4498 0.8893
vn -0.0534 0.4544 0.8892
vn 0.0776 0.5122 0.8553
vn 0.3716 0.5095 0.7761
vn 0.7378 0.4462 0.5065
vn 0.5487 0.4881 0.6787
vn 0.4901 0.5334 0.6894
vn -0.2837 0.3933 0.8746
vn -0.3108 0.3902 0.8667
vn -0.6166 0.2650 0.7413
vn -0.5948 0.2509 0.7637
vn -0.5851 0.3229 0.7439
vn -0.1983 0.4707 0.8597
vn 0.2080 0.5763 0.7903
vn 0.2251 0.3077 0.9245
vn 0.0149 0.3564 0.9342
vn -0.0776 0.5255 0.8472
vn 0.5290 0.5480 0.6480
vn 0.3152 0.1839 0.9310
vn -0.3146 0.4638 0.8282
vn -0.2123 0.3104 0.9266
vn -0.6377 0.1874 0.7471
vn -0.6510 0.3201 0.6883
vn 0.3030 -0.2396 0.9224
vn 0.4214 -0.1301 0.8975
vn 0.5004 -0.1954 0.8435
vn 0.2010 -0.3100 0.9292
vn 0.4266 0.1693 0.8885
vn -0.9049 -0.0454 0.4231
vn -0.3943 -0.2728 0.8775
vn -0.1306 -0.7072 0.6949
vn -0.7714 -0.5565 0.3086
vn -0.7285 -0.4546 0.5125
vn -0.7778 -0.6284 -0.0117
vn -0.3376 -0.7795 0.5276
vn 0.8085 0.0984 0.5802
vn 0.6893 -0.1377 0.7113
vn 0.6822 0.1900 0.7061
vn 0.5943 0.0641 0.8017
vn -0.1744 -0.6757 0.7163
vn -0.0567 -0.6491 0.7586
vn 0.2316 -0.2183 0.9480
vn 0.1181 -0.3514 0.9287
vn 0.0322 -0.3583 0.9330
vn 0.2426 -0.5402 0.8058
vn 0.0368 -0.7142 0.6990
vn -0.0101 -0.2384 0.9711
vn 0.3680 0.1250 0.9214
vn 0.2226 0.0862 0.9711
vn 0.3862 -0.0118 0.9223
vn 0.1631 0.1187 0.9794
vn 0.2004 -0.5215 0.8294
vn 0.0775 -0.7578 0.6479
vn 0.0557 -0.6814 0.7298
vn 0.4216 -0.3024 0.8549
vn -0.0768 -0.1741 0.9817
vn -0.9252 0.1311 0.3561
vn -0.9570 0.0121 0.2897
vn -0.9466 0.1354 0.2927
vn -0.8892 0.1773 0.4217
vn -0.3828 -0.6254 -0.6799
vn -0.4663 -0.5397 -0.7009
vn -0.7127 -0.3714 -0.5951
vn -0.6133 -0.5064 -0.6061
vn -0.8532 -0.4995 -0.1501
vn -0.7485 -0.6437 -0.1596
vn -0.9521 -0.0044 -0.3057
vn -0.7913 -0.3186 -0.5219
vn -0.6732 -0.5000 -0.5448
vn -0.9149 -0.3141 -0.2537
vn -0.9996 0.0229 -0.0182
vn -0.6894 -0.7045 0.1687
vn -0.9957 -0.0014 0.0921
vn -0.1279 -0.5937 -0.7944
vn -0.3286 -0.5603 -0.7603
vn -0.0111 -0.5908 -0.8067
vn 0.0820 -0.5395 -0.8380
vn -0.8746 0.1531 0.4601
vn -0.9389 0.0028 0.3442
vn -0.9490 -0.0946 0.3008
vn -0.8606 0.0722 0.5042
vn -0.9687 -0.1739 0.1769
vn -0.8817 -0.4201 -0.2146
vn -0.8182 -0.5077 -0.2698
vn -0.9544 -0.2898 0.0714
vn -0.6190 -0.5601 -0.5505
vn -0.5447 -0.6058 -0.5799
vn -0.8558 0.0520 0.5147
vn -0.9618 -0.1379 0.2364
vn -0.9807 -0.1187 0.1554
vn -0.8694 0.1100 0.4818
vn -0.4749 -0.5746 -0.6665
vn -0.2081 -0.5765 -0.7902
vn -0.3045 -0.5368 -0.7869
vn -0.4656 -0.5261 -0.7116
vn -0.8014 -0.4320 -0.4137
vn -0.7975 -0.4772 -0.3691
vn -0.9372 -0.3361 -0.0932
vn -0.9409 -0.3064 -0.1444
vn -0.8492 0.2021 0.4879
vn -0.9858 -0.0799 0.1476
vn -0.9946 -0.0550 0.0875
vn -0.8625 0.2364 0.4474
vn -0.4986 0.4670 0.7302
vn -0.5256 0.4305 0.7338
vn -0.5237 -0.4884 -0.6980
vn -0.3205 -0.4955 -0.8073
vn -0.3948 -0.4185 -0.8179
vn -0.6960 -0.3973 -0.5981
vn -0.8969 -0.3348 -0.2889
vn -0.8400 -0.3911 -0.3762
vn -0.9566 -0.2665 -0.1180
vn -0.9607 -0.2480 -0.1245
vn -0.6197 0.2454 0.7455
vn -0.8087 0.0792 0.5828
vn -0.8199 0.0610 0.5692
vn -0.5569 0.2567 0.7899
vn -0.2171 0.4038 0.8887
vn -0.3169 0.4231 0.8488
vn -0.3029 0.3335 0.8928
vn -0.6351 0.1350 0.7605
vn -0.8531 -0.0260 0.5211
vn -0.9591 -0.1836 0.2154
vn -0.9058 -0.3809 -0.1857
vn -0.9094 -0.3725 -0.1849
vn -0.9589 -0.1446 0.2440
vn -0.8893 -0.4165 -0.1889
vn -0.9549 -0.1962 0.2231
vn -0.5657 -0.5115 -0.6468
vn -0.3618 -0.5259 -0.7698
vn -0.3437 -0.5542 -0.7581
vn -0.5635 -0.5616 -0.6059
vn -0.5914 -0.4953 -0.6364
vn -0.4453 -0.5299 -0.7217
vn 0.1453 0.9705 0.1924
vn 0.1219 0.9666 0.2255
vn 0.0941 0.9726 0.2124
vn 0.0920 0.9876 0.1271
vn 0.3411 0.6867 0.6419
vn 0.2567 0.7931 0.5523
vn 0.3314 -0.5340 0.7778
vn 0.4027 0.0355 0.9146
vn 0.2722 -0.4556 0.8475
vn 0.3603 0.2816 0.8893
vn 0.3119 -0.6455 0.6972
vn 0.3616 -0.2819 0.8887
vn 0.2418 -0.2336 0.9418
vn 0.2121 -0.5595 0.8012
vn 0.4601 0.7376 0.4942
vn 0.4194 0.8399 0.3445
vn 0.4739 0.6810 0.5583
vn 0.4472 0.6668 0.5962
vn 0.4945 0.6901 0.5284
vn 0.4349 0.7109 0.5528
vn 0.3790 0.7244 0.5758
vn 0.3884 0.7553 0.5280
vn 0.7570 -0.6402 -0.1310
vn 0.8376 -0.4132 -0.3572
vn 0.3592 -0.6397 -0.6795
vn 0.4753 -0.7264 -0.4964
vn -0.0289 0.3883 -0.9211
vn -0.1479 -0.0139 -0.9889
vn -0.0181 -0.0055 -0.9998
vn 0.2458 0.2693 -0.9312
vn 0.8414 -0.0558 -0.5375
vn 0.7426 0.0983 -0.6625
vn 0.2838 -0.1574 -0.9459
vn 0.4486 -0.3550 -0.8202
vn 0.4767 0.3334 -0.8134
vn 0.2849 0.1527 -0.9463
vn -0.0067 -0.0201 -0.9998
vn 0.4638 0.1360 -0.8755
vn 0.3929 -0.0425 -0.9186
vn 0.3599 -0.2558 -0.8972
vn 0.8175 0.1351 -0.5598
vn 0.7426 0.3088 -0.5943
vn -0.1603 -0.3117 -0.9366
vn -0.2344 -0.4889 -0.8403
vn 0.2097 -0.0598 -0.9759
vn -0.0507 0.0872 -0.9949
vn 0.0076 -0.9975 -0.0700
vn 0.4104 -0.9027 0.1291
vn 0.3929 -0.8888 -0.2361
vn -0.0757 -0.9853 -0.1534
vn 0.3389 0.1191 0.9332
vn 0.2129 -0.4133 0.8854
vn 0.0414 -0.5391 0.8412
vn 0.3756 0.0335 0.9262
vn 0.7325 0.4705 0.4920
vn 0.6536 0.5392 0.5310
vn -0.0689 -0.8888 0.4530
vn -0.2029 -0.9792 0.0006
vn 0.2400 -0.9042 0.3533
vn 0.0691 -0.9764 -0.2045
vn 0.8239 0.2666 -0.5002
vn 0.4721 -0.0709 -0.8787
vn 0.4567 -0.3334 -0.8248
vn 0.9363 0.0537 -0.3471
vn 0.8453 0.5131 0.1489
vn 0.8721 0.4892 0.0117
vn 0.7732 0.5992 0.2076
vn 0.7197 0.6530 0.2360
vn 0.7475 0.2797 0.6025
vn 0.8350 0.2310 0.4994
vn 0.7341 -0.0313 0.6784
vn 0.8482 -0.1732 0.5005
vn 0.7443 -0.6034 0.2863
vn 0.8366 -0.5052 0.2118
vn -0.3391 -0.4440 -0.8294
vn -0.4567 -0.3578 -0.8145
vn -0.3866 -0.5053 -0.7715
vn -0.3922 -0.6023 -0.6953
vn -0.3528 -0.5885 -0.7274
vn -0.5480 -0.4828 -0.6831
vn -0.4385 -0.6723 -0.5965
vn -0.6287 -0.5838 -0.5138
vn -0.3573 -0.6639 -0.6569
vn 0.6129 0.5094 0.6040
vn 0.6525 0.4908 0.5774
vn 0.6279 0.5536 0.5470
vn 0.5533 0.5960 0.5819
vn 0.3121 0.6823 0.6611
vn 0.4680 0.5460 0.6949
vn 0.5214 0.4505 0.7247
vn 0.6407 0.4436 0.6267
vn 0.6953 0.4275 0.5778
vn -0.3325 -0.5628 -0.7568
vn -0.2915 -0.6846 -0.6681
vn -0.3456 -0.6874 -0.6388
vn -0.3969 -0.5735 -0.7167
vn -0.2347 -0.5387 -0.8092
vn -0.1835 -0.6658 -0.7232
vn 0.6881 0.0253 -0.7252
vn 0.8203 0.1253 -0.5581
vn 0.8530 0.3733 -0.3647
vn 0.6508 0.0168 -0.7591
vn 0.8192 0.4071 -0.4040
vn 0.6280 0.0147 -0.7781
vn 0.4379 -0.1909 -0.8785
vn 0.5020 -0.1540 -0.8510
vn 0.6009 -0.0648 -0.7967
vn 0.5495 0.1006 -0.8294
vn 0.2590 -0.1438 -0.9551
vn 0.7050 0.2889 -0.6477
vn 0.6809 0.7274 -0.0852
vn 0.6143 0.7231 0.3158
vn 0.4048 0.7022 0.5857
vn 0.3299 0.8326 0.4448
vn 0.7149 0.6107 0.3405
vn 0.9403 0.3373 -0.0453
vn 0.4520 0.5189 0.7256
vn 0.4733 0.5622 0.6782
vn 0.1842 0.9349 0.3033
vn 0.1152 0.9317 0.3445
vn 0.1356 0.8763 0.4623
vn 0.2830 0.8645 0.4153
vn 0.4178 0.8005 0.4297
vn 0.3292 0.8779 0.3477
vn 0.4109 0.7541 0.5124
vn 0.5452 0.6727 0.5003
vn 0.1788 0.7986 0.5747
vn 0.3161 -0.4685 -0.8250
vn -0.0528 -0.6411 -0.7656
vn 0.1900 -0.6072 -0.7715
vn 0.5654 -0.3633 -0.7405
vn 0.8169 -0.0906 -0.5696
vn 0.4519 0.7008 0.5519
vn 0.4638 0.7224 0.5129
vn 0.5240 0.6971 0.4893
vn 0.4827 0.6601 0.5755
vn 0.4101 0.6143 0.6741
vn 0.4599 0.6205 0.6352
vn 0.4466 0.7255 0.5237
vn 0.3802 0.7170 0.5843
vn 0.5025 0.7309 0.4619
vn 0.8566 -0.0510 -0.5135
vn 0.5168 -0.4007 -0.7566
vn 0.5051 -0.2845 -0.8148
vn 0.8980 0.0403 -0.4382
vn 0.7377 0.1624 -0.6553
vn 0.8457 0.2168 -0.4876
vn 0.3508 -0.0257 -0.9361
vn 0.1112 -0.0743 -0.9910
vn 0.8282 0.1109 -0.5494
vn 0.3743 -0.1601 -0.9134
vn 0.8917 0.3664 0.2656
vn 0.5457 0.4583 0.7016
vn 0.3845 0.4832 0.7865
vn 0.4105 0.2861 0.8658
vn 0.5693 0.3303 0.7528
vn -0.4993 -0.7336 -0.4610
vn -0.4585 -0.6958 -0.5529
vn -0.4660 -0.5892 -0.6601
vn -0.5082 -0.5321 -0.6772
vn -0.4398 -0.6347 -0.6354
vn -0.4229 -0.8216 -0.3823
vn 0.8532 0.0401 0.5200
vn 0.8283 0.4145 0.3769
vn 0.5433 0.5269 0.6536
vn 0.6615 0.1606 0.7326
vn 0.7100 0.6855 0.1616
vn 0.3705 0.7930 0.4836
vn 0.1529 -0.6721 -0.7245
vn 0.0907 -0.6730 -0.7340
vn 0.0830 -0.4784 -0.8742
vn 0.0195 -0.5142 -0.8574
vn -0.0787 -0.2690 -0.9599
vn -0.0065 -0.1447 -0.9895
vn 0.4694 0.3261 0.8206
vn 0.3278 0.1991 0.9235
vn 0.2324 0.2048 0.9508
vn 0.3987 0.3012 0.8662
vn 0.3703 0.1911 0.9090
vn 0.2603 0.0292 0.9651
vn -0.2526 -0.3970 -0.8824
vn -0.1981 -0.3880 -0.9001
vn -0.2980 -0.4410 -0.8466
vn -0.2196 -0.4893 -0.8440
vn -0.2496 -0.4747 -0.8440
vn -0.3467 -0.3562 -0.8677
vn -0.2144 -0.6166 -0.7575
vn -0.2998 -0.5068 -0.8082
vn -0.2006 -0.6156 -0.7621
vn 0.0316 -0.4701 -0.8820
vn -0.2792 -0.7870 -0.5502
vn -0.1621 -0.7695 -0.6177
vn -0.0055 -0.4956 -0.8685
vn -0.3104 -0.9274 -0.2086
vn -0.1097 -0.9279 -0.3564
vn 0.5423 0.7808 0.3103
vn 0.6613 0.7104 0.2409
vn 0.5706 0.6846 0.4535
vn 0.5127 0.7832 0.3518
vn 0.5180 0.7826 0.3452
vn 0.5528 0.7965 0.2452
vn 0.4711 0.6979 0.5395
vn 0.4854 0.7698 0.4145
vn 0.6401 0.7156 0.2796
vn 0.2618 0.5365 0.8023
vn 0.2623 0.4702 0.8427
vn 0.2721 0.4660 0.8419
vn 0.2945 0.1734 0.9398
vn 0.2516 0.0199 0.9676
vn 0.2626 -0.0315 0.9644
vn 0.2568 0.0456 0.9654
vn 0.2848 0.1961 0.9383
vn 0.2839 0.2849 0.9155
vn 0.3476 0.2630 0.9000
vn 0.2530 0.2096 0.9445
vn 0.1853 0.0917 0.9784
vn 0.2441 0.3300 0.9119
vn 0.3163 0.4252 0.8480
vn 0.4038 0.3286 0.8538
vn 0.4036 0.2810 0.8707
vn 0.3293 0.3000 0.8953
vn 0.4368 0.4216 0.7946
vn 0.8229 0.5280 -0.2098
vn 0.8862 0.4422 -0.1380
vn 0.6370 0.6839 0.3558
vn 0.6349 0.7054 0.3152
vn 0.9292 0.3666 -0.0460
vn 0.6490 0.6391 0.4128
vn -0.4362 -0.6556 -0.6164
vn -0.3924 -0.6785 -0.6210
vn -0.4095 -0.6391 -0.6510
vn -0.4381 -0.6681 -0.6014
vn -0.4441 -0.6489 -0.6178
vn -0.3865 -0.7225 -0.5732
vn -0.4175 -0.5894 -0.6916
vn -0.3512 -0.2217 -0.9097
vn -0.3140 -0.1645 -0.9351
vn -0.4263 -0.4395 -0.7906
vn -0.4282 -0.5193 -0.7396
vn -0.3549 -0.1846 -0.9165
vn 0.8941 -0.3802 0.2366
vn 0.5681 -0.5575 -0.6054
vn 0.3510 -0.7284 -0.5885
vn 0.7871 -0.5697 0.2365
vn 0.5281 -0.0277 0.8487
vn 0.5589 0.0789 0.8255
vn 0.6565 0.3248 0.6808
vn 0.9326 -0.0715 0.3537
vn 0.5588 -0.6428 -0.5240
vn 0.8714 -0.3973 0.2879
vn 0.6274 -0.0110 0.7786
vn 0.4789 -0.7926 -0.3774
vn 0.2985 0.1558 0.9416
vn 0.2668 0.2324 0.9353
vn 0.4107 0.6708 0.6176
vn 0.3949 0.6949 0.6010
vn 0.3039 0.1152 0.9457
vn 0.4097 0.8558 0.3158
vn 0.3801 0.9002 0.2125
vn -0.4121 -0.0901 -0.9067
vn -0.4048 -0.2648 -0.8752
vn -0.2958 0.0110 -0.9552
vn -0.1920 0.3518 -0.9162
vn -0.0971 0.4404 -0.8925
vn -0.3077 -0.0683 -0.9490
vn -0.1870 0.2742 -0.9433
vn -0.1474 0.3446 -0.9271
vn -0.2445 0.0346 -0.9690
vn 0.8081 0.2787 0.5190
vn 0.7870 0.4292 0.4433
vn 0.9598 -0.2802 -0.0163
vn 0.9109 -0.3996 0.1027
vn 0.2342 -0.8487 -0.4743
vn 0.3560 -0.7196 -0.5961
vn 0.5262 -0.5825 -0.6195
vn 0.8721 0.4348 0.2244
vn 0.9854 -0.1186 -0.1225
vn 0.4543 0.5606 0.6924
vn 0.5433 0.5397 0.6431
vn 0.5963 0.6174 0.5131
vn 0.4991 0.7215 0.4799
vn 0.4161 0.8266 0.3790
vn 0.4247 0.6395 0.6408
vn 0.4766 0.7892 0.3873
vn 0.4213 0.7426 0.5205
vn 0.6155 0.6740 0.4085
vn 0.3036 -0.8857 0.3512
vn 0.2052 -0.4550 0.8665
vn 0.2112 -0.0653 0.9753
vn 0.4155 -0.6487 0.6376
vn 0.0431 -0.9710 -0.2352
vn 0.2250 -0.9475 -0.2271
vn -0.5304 -0.5885 -0.6101
vn -0.5194 -0.5801 -0.6274
vn -0.4244 -0.4856 -0.7642
vn -0.4387 -0.4884 -0.7544
vn -0.3954 -0.4389 -0.8069
vn -0.5117 -0.4841 -0.7098
vn 0.8419 0.5154 0.1601
vn 0.8836 0.4232 0.2003
vn 0.7545 0.5056 0.4184
vn 0.7268 0.5926 0.3473
vn 0.7209 0.5798 0.3797
vn 0.8420 0.5136 0.1654
vn 0.7739 0.5408 0.3295
vn 0.7809 0.5497 0.2967
vn 0.8803 0.4248 0.2114
vn 0.2062 0.6020 0.7714
vn 0.2554 0.5539 0.7925
vn 0.2447 0.5230 0.8164
vn 0.0756 0.9490 0.3061
vn 0.1544 0.8785 0.4521
vn 0.0912 0.8933 0.4402
vn 0.0627 0.9371 0.3434
vn 0.1978 0.8472 0.4930
vn 0.3418 0.7103 0.6153
vn 0.3116 -0.4076 0.8584
vn 0.2433 -0.1721 0.9546
vn 0.4848 -0.0233 0.8743
vn 0.5701 -0.1468 0.8084
vn 0.6096 0.0627 0.7902
vn 0.4625 -0.0977 0.8812
vn 0.4325 0.6428 0.6323
vn 0.2965 0.6709 0.6797
vn 0.3571 0.5772 0.7344
vn 0.4315 0.5745 0.6955
vn 0.3892 0.7335 0.5573
vn 0.2987 0.7398 0.6029
vn 0.3818 0.8969 0.2232
vn 0.4192 0.8828 0.2119
vn 0.4072 0.8648 0.2937
vn 0.4180 0.8467 0.3291
vn 0.3869 0.7469 0.5408
vn 0.4705 0.6712 0.5728
vn -0.0312 -0.5273 -0.8491
vn -0.1935 -0.3530 -0.9154
vn -0.3093 -0.4354 -0.8454
vn -0.1981 -0.6146 -0.7635
vn -0.0814 -0.7968 -0.5987
vn 0.0050 -0.6864 -0.7272
vn -0.3560 0.0701 -0.9319
vn -0.3945 -0.0884 -0.9146
vn -0.3584 -0.0104 -0.9335
vn -0.3677 -0.0265 -0.9296
vn -0.3900 -0.3053 -0.8687
vn -0.3349 -0.1561 -0.9292
vn -0.0438 -0.6189 -0.7843
vn -0.0682 -0.6921 -0.7185
vn -0.3029 -0.7020 -0.6445
vn -0.3364 -0.6319 -0.6982
vn -0.3950 -0.5233 -0.7550
vn -0.1639 -0.4995 -0.8507
vn 0.1623 0.3362 0.9277
vn -0.0406 0.1295 0.9907
vn 0.0846 0.0022 0.9964
vn 0.2532 0.2696 0.9291
vn 0.5567 0.6236 0.5488
vn 0.4793 0.6999 0.5296
vn 0.5865 0.3515 0.7297
vn 0.4199 0.4860 0.7665
vn 0.4109 0.2935 0.8631
vn 0.5255 0.1457 0.8382
vn 0.6145 0.6244 0.4821
vn 0.4384 0.7280 0.5271
vn 0.4780 0.6622 0.5770
vn 0.3448 0.5460 0.7636
vn 0.4167 0.4610 0.7835
vn 0.5216 0.6702 0.5279
vn 0.6215 0.5847 0.5215
vn 0.1937 0.5876 0.7856
vn 0.0273 0.5720 0.8198
vn 0.0560 0.4756 0.8779
vn 0.3256 0.4654 0.8231
vn 0.0809 0.6961 0.7134
vn 0.1458 0.6935 0.7055
vn 0.1832 0.8978 0.4004
vn 0.1571 0.8759 0.4562
vn 0.1245 0.8342 0.5372
vn 0.0755 0.8740 0.4800
vn 0.1615 0.8979 0.4096
vn 0.2428 0.8214 0.5160
vn 0.4170 0.6270 0.6580
vn 0.0964 0.8862 0.4532
vn 0.1170 0.8234 0.5553
vn 0.5750 0.2719 0.7716
vn 0.5330 0.3709 0.7605
vn 0.6542 -0.0194 0.7560
vn 0.6797 -0.1348 0.7210
vn 0.6794 -0.0183 0.7335
vn 0.4014 0.5162 0.7566
vn 0.6847 0.2469 0.6857
vn 0.4402 0.2613 0.8590
vn 0.4676 0.2523 0.8472
vn 0.7279 0.2836 0.6243
vn 0.1836 0.1409 0.9728
vn 0.1656 0.2177 0.9619
vn 0.3935 0.4269 0.8142
vn 0.2778 0.2556 0.9260
vn 0.3021 0.2471 0.9207
vn 0.4001 0.4316 0.8085
vn 0.3726 0.5975 0.7100
vn 0.3808 0.6859 0.6201
vn 0.4737 0.7004 0.5339
vn 0.3710 0.4613 0.8060
vn 0.3083 0.2516 0.9174
vn 0.4566 0.7215 0.5206
vn 0.4471 0.7193 0.5317
vn 0.4353 0.7109 0.5524
vn 0.4302 0.7400 0.5170
vn 0.4698 0.8328 0.2929
vn 0.5522 0.8119 0.1894
vn 0.4329 0.7470 0.5045
vn 0.4249 0.7482 0.5095
vn -0.1717 -0.4895 -0.8549
vn -0.0507 -0.6352 -0.7707
vn 0.0043 -0.5518 -0.8340
vn -0.1047 -0.4417 -0.8910
vn -0.2417 -0.1546 -0.9580
vn -0.2665 -0.2259 -0.9370
vn -0.3229 -0.2610 -0.9097
vn -0.2159 -0.2192 -0.9515
vn -0.0601 -0.6240 -0.7791
vn -0.1924 -0.6526 -0.7329
vn -0.0899 -0.1170 -0.9891
vn -0.0014 -0.1323 -0.9912
vn 0.0981 -0.5282 -0.8434
vn 0.0319 -0.3352 -0.9416
vn 0.2022 -0.4027 -0.8927
vn -0.0487 -0.8875 -0.4582
vn 0.0254 -0.8331 -0.5525
vn -0.0988 -0.8607 -0.4995
vn -0.2249 -0.6329 -0.7408
vn -0.2732 -0.4654 -0.8419
vn 0.0629 -0.7322 -0.6782
vn -0.3802 -0.5306 -0.7576
vn -0.4037 -0.5967 -0.6935
vn -0.2638 -0.6463 -0.7161
vn -0.3293 -0.4917 -0.8061
vn -0.3583 -0.4315 -0.8279
vn -0.2545 0.0459 -0.9660
vn -0.1413 0.2274 -0.9635
vn -0.3929 -0.3706 -0.8416
vn -0.3086 -0.5594 -0.7693
vn -0.4128 -0.3782 -0.8286
vn -0.4724 -0.2203 -0.8534
vn -0.4317 -0.2250 -0.8735
vn -0.3749 -0.3939 -0.8392
vn -0.3859 -0.5361 -0.7508
vn -0.4069 -0.6283 -0.6630
vn -0.4127 -0.6900 -0.5946
vn -0.1674 -0.3549 -0.9198
vn -0.2551 -0.2073 -0.9444
vn -0.3450 -0.7467 -0.5687
vn -0.3191 -0.7050 -0.6334
vn -0.4310 -0.6790 -0.5943
vn -0.2666 -0.8704 -0.4140
vn -0.0842 -0.8345 -0.5445
vn -0.2841 -0.5161 -0.8081
vn -0.2089 -0.4979 -0.8417
vn 0.0079 -0.7469 -0.6649
vn 0.0556 -0.5777 -0.8143
vn -0.2365 -0.5011 -0.8325
vn 0.0510 -0.9054 -0.4216
vn 0.1321 -0.8064 -0.5765
vn 0.1786 -0.6388 -0.7484
vn -0.1117 -0.9680 -0.2245
vn -0.2974 -0.8686 -0.3963
vn -0.3660 -0.4528 -0.8131
vn -0.4618 -0.6196 -0.6347
vn -0.4055 -0.6318 -0.6606
vn -0.3719 -0.5863 -0.7196
vn -0.2414 -0.4816 -0.8425
vn -0.1366 -0.1446 -0.9800
vn 0.0054 -0.0799 -0.9968
vn -0.1156 -0.3580 -0.9265
vn -0.1547 -0.5649 -0.8105
vn -0.2374 -0.4418 -0.8651
vn -0.0668 -0.4907 -0.8688
vn 0.0087 -0.5378 -0.8430
vn -0.1194 -0.7022 -0.7019
vn -0.0387 -0.6941 -0.7188
vn -0.1038 -0.7045 -0.7021
vn -0.3966 -0.6196 -0.6773
vn -0.2456 -0.7122 -0.6576
vn -0.3042 -0.7172 -0.6270
vn -0.4733 -0.6465 -0.5983
vn -0.5333 -0.6526 -0.5383
vn -0.3868 -0.7112 -0.5869
vn -0.4370 -0.6340 -0.6380
vn -0.4516 -0.5942 -0.6656
vn -0.0935 -0.8076 -0.5823
vn -0.0463 -0.8602 -0.5078
vn -0.4085 -0.6178 -0.6719
vn -0.1197 -0.8454 -0.5205
vn -0.5571 -0.6180 -0.5547
vn -0.4083 -0.5810 -0.7041
vn -0.4104 -0.5734 -0.7090
vn -0.6778 -0.5719 -0.4621
vn -0.8632 -0.5028 -0.0448
vn -0.8259 -0.5380 -0.1687
vn -0.8745 -0.3187 0.3655
vn -0.9000 -0.3407 0.2718
vn -0.7125 -0.0795 0.6971
vn -0.7375 -0.0950 0.6686
vn -0.4112 0.1317 0.9020
vn -0.4247 0.1606 0.8910
vn -0.1607 0.3222 0.9329
vn -0.0876 0.3031 0.9489
vn 0.3299 0.4452 0.8325
vn 0.3057 0.4860 0.8187
vn 0.7422 0.5115 0.4330
vn 0.7304 0.4633 0.5018
vn 0.9126 0.3883 0.1283
vn 0.9073 0.4142 0.0719
vn 0.9090 0.4091 0.0794
vn 0.9107 0.3835 0.1537
vn 0.1866 0.1565 0.9699
vn 0.2839 0.2215 0.9329
vn 0.2247 0.1710 0.9593
vn 0.0029 0.1440 0.9896
vn 0.0847 0.1524 0.9847
vn 0.2174 0.3510 0.9108
vn 0.5135 0.7140 0.4759
vn 0.0233 0.0475 0.9986
vn 0.1249 0.2139 0.9688
vn 0.5721 0.7997 0.1822
vn 0.5677 0.7944 0.2158
vn 0.5539 0.7613 0.3370
vn 0.5334 0.7179 0.4473
vn 0.5081 0.5906 0.6269
vn 0.5810 0.6830 0.4427
vn 0.5956 0.6172 0.5141
vn 0.6265 0.6900 0.3625
vn 0.6235 0.7226 0.2986
vn 0.6334 0.7371 0.2356
vn 0.0874 0.1292 0.9878
vn 0.1170 0.1262 0.9851
vn 0.1614 0.0894 0.9828
vn 0.3034 0.1360 0.9431
vn 0.2231 0.2932 0.9297
vn 0.3464 0.5103 0.7871
vn 0.4682 0.1092 0.8768
vn 0.3241 0.0810 0.9425
vn 0.2964 0.2639 0.9179
vn 0.2240 0.2705 0.9363
vn 0.3998 0.5137 0.7592
vn 0.5273 0.5880 0.6134
vn 0.3137 0.2353 0.9199
vn -0.2118 -0.7516 -0.6247
vn -0.3509 -0.6925 -0.6304
vn -0.2937 -0.5870 -0.7545
vn -0.1347 -0.6103 -0.7806
vn 0.1844 -0.4834 -0.8558
vn -0.0388 -0.4903 -0.8707
vn -0.3247 -0.4918 -0.8079
vn -0.4484 -0.5518 -0.7031
vn -0.4994 -0.6390 -0.5851
vn 0.2105 0.5469 0.8103
vn -0.0823 0.4588 0.8847
vn 0.3529 0.6965 0.6247
vn 0.3337 -0.3340 -0.8815
vn 0.1735 -0.5077 -0.8439
vn 0.2380 -0.3715 -0.8974
vn 0.4787 -0.1997 -0.8550
vn -0.0461 -0.4896 -0.8707
vn 0.0062 -0.6200 -0.7846
vn 0.0892 0.7631 0.6401
vn 0.2044 0.7674 0.6077
vn 0.2881 0.8063 0.5167
vn 0.5091 0.6696 0.5409
vn 0.4091 0.7003 0.5850
vn 0.3918 0.7609 0.5172
vn -0.4148 -0.6648 -0.6213
vn -0.2660 -0.7029 -0.6597
vn -0.0861 -0.6930 -0.7158
vn -0.3832 -0.2983 -0.8742
vn -0.4054 -0.2637 -0.8753
vn -0.3746 -0.2287 -0.8985
vn 0.5197 0.2351 0.8214
vn 0.3879 0.1448 0.9102
vn 0.2557 0.0950 0.9621
vn -0.4103 -0.4681 -0.7826
vn -0.3957 -0.2835 -0.8735
vn -0.2305 -0.2046 -0.9513
vn -0.5217 -0.8526 0.0296
vn -0.3944 -0.9179 -0.0428
vn -0.3053 -0.9127 -0.2717
vn -0.4314 -0.8593 -0.2747
vn -0.1550 0.9493 0.2734
vn -0.5704 0.8213 0.0085
vn -0.6497 0.7168 0.2530
vn -0.2087 0.8330 0.5123
vn -0.8370 0.4121 -0.3601
vn -0.8396 -0.0773 -0.5376
vn -0.8483 -0.2742 -0.4530
vn -0.9479 0.2714 -0.1670
vn -0.1908 0.6100 0.7691
vn -0.6663 0.4762 0.5739
vn -0.5636 0.1898 0.8040
vn -0.1555 0.3135 0.9368
vn -0.9719 -0.0513 0.2296
vn -0.8141 -0.5498 -0.1868
vn -0.6215 -0.7596 0.1915
vn -0.7191 -0.3141 0.6198
vn -0.2868 -0.7376 0.6113
vn -0.1860 -0.2197 0.9577
vn -0.2764 -0.9610 0.0088
vn -0.4267 -0.8887 -0.1677
vn -0.5457 -0.7566 -0.3602
vn -0.6293 -0.6232 -0.4644
vn -0.7149 -0.4727 -0.5152
vn 0.5391 0.4349 0.7213
vn 0.6708 0.4416 0.5958
vn 0.6332 0.4593 0.6230
vn 0.7521 0.4608 0.4712
vn 0.7382 0.4888 0.4649
vn 0.7126 0.4583 0.5312
vn 0.9068 0.3356 0.2550
vn 0.8798 0.3249 0.3470
vn 0.7745 0.4279 0.4660
vn 0.7748 0.4407 0.4534
vn 0.5704 0.4000 0.7174
vn 0.6361 0.4072 0.6554
vn 0.5855 0.4044 0.7026
vn 0.5473 0.3981 0.7362
vn 0.6956 0.4172 0.5849
vn 0.7413 0.4219 0.5220
vn 0.7066 0.3848 0.5938
vn 0.6397 0.4010 0.6558
vn 0.7592 0.3804 0.5281
vn 0.7710 0.3644 0.5223
vn 0.3705 0.5124 0.7747
vn 0.4526 0.5702 0.6856
vn 0.5249 0.4247 0.7377
vn 0.3397 0.4138 0.8446
vn 0.3563 0.5718 0.7390
vn 0.4551 0.5967 0.6609
vn 0.7049 0.5820 0.4055
vn 0.7164 0.5598 0.4163
vn 0.6954 0.5561 0.4552
vn 0.6469 0.6104 0.4571
vn 0.7543 0.5333 0.3829
vn 0.8368 0.4657 0.2879
vn 0.5319 0.6095 0.5879
vn 0.5351 0.6131 0.5812
vn 0.5940 0.6186 0.5143
vn 0.5772 0.6325 0.5165
vn 0.6708 0.5309 0.5178
vn 0.6167 0.4881 0.6175
vn 0.6783 0.5476 0.4899
vn 0.6105 0.6344 0.4741
vn 0.6645 0.5938 0.4537
vn 0.3181 0.3229 0.8914
vn 0.5086 0.3851 0.7701
vn 0.5315 0.3430 0.7745
vn 0.3933 0.1828 0.9010
vn 0.8329 0.4133 0.3681
vn 0.8250 0.4882 0.2847
vn 0.7510 0.5136 0.4151
vn 0.7823 0.4239 0.4565
vn 0.7370 0.4379 0.5149
vn 0.6829 0.5170 0.5161
vn 0.6728 0.5079 0.5379
vn 0.7079 0.4639 0.5326
vn 0.6515 0.4484 0.6119
vn 0.6602 0.4692 0.5865
vn 0.5581 0.3069 0.7710
vn 0.6571 0.1793 0.7322
vn 0.4132 0.0149 0.9105
vn 0.3995 0.1405 0.9059
vn 0.7089 0.4273 0.5612
vn 0.7158 0.4592 0.5261
vn 0.8870 -0.0365 0.4603
vn 0.8679 -0.0221 0.4962
vn 0.4054 -0.6438 0.6490
vn 0.6756 -0.6616 0.3253
vn 0.1074 -0.9231 -0.3693
vn -0.1352 -0.8901 -0.4353
vn 0.5981 -0.8011 0.0238
vn 0.5493 -0.8285 0.1084
vn -0.1763 -0.9416 -0.2868
vn 0.0211 -0.9344 -0.3557
vn -0.3600 -0.5442 -0.7578
vn -0.1162 -0.7922 -0.5991
vn -0.2614 -0.6612 -0.7032
vn -0.2809 -0.5826 -0.7627
vn -0.3161 -0.8215 -0.4746
vn -0.5429 -0.7222 -0.4285
vn -0.6437 -0.6428 -0.4153
vn -0.5123 -0.6883 -0.5137
vn -0.4482 -0.5537 -0.7018
vn -0.5458 -0.5577 -0.6253
vn -0.5035 -0.5958 -0.6257
vn -0.4107 -0.5778 -0.7053
vn -0.4839 -0.6160 -0.6216
vn -0.3489 -0.5975 -0.7220
vn -0.2883 -0.5137 -0.8081
vn -0.4288 -0.4985 -0.7534
vn -0.5382 -0.4129 -0.7347
vn -0.3872 -0.4076 -0.8270
vn -0.6532 -0.5437 -0.5270
vn -0.7167 -0.5545 -0.4229
vn -0.7138 -0.5131 -0.4767
vn -0.6999 -0.4777 -0.5310
vn -0.6488 -0.6022 -0.4652
vn -0.6375 -0.5402 -0.5494
vn -0.6190 -0.6195 -0.4828
vn -0.5461 -0.5488 -0.6330
vn -0.5852 -0.5398 -0.6051
vn -0.6610 -0.5305 -0.5308
vn -0.6228 -0.5626 -0.5437
vn -0.3768 -0.4542 -0.8073
vn -0.5059 -0.5103 -0.6955
vn -0.5510 -0.4992 -0.6687
vn -0.4019 -0.4383 -0.8040
vn -0.6287 -0.5464 -0.5533
vn -0.6547 -0.5800 -0.4848
vn -0.6706 -0.5390 -0.5097
vn -0.6446 -0.5335 -0.5476
vn -0.6341 -0.5820 -0.5090
vn -0.6740 -0.5367 -0.5076
vn -0.4483 -0.4070 -0.7959
vn -0.5564 -0.4614 -0.6910
vn -0.5781 -0.4239 -0.6972
vn -0.4624 -0.3882 -0.7971
vn -0.3788 -0.3486 -0.8573
vn -0.3826 -0.3747 -0.8445
vn -0.6544 -0.5038 -0.5638
vn -0.6783 -0.5193 -0.5198
vn -0.6972 -0.4677 -0.5433
vn -0.6734 -0.4455 -0.5900
vn -0.4812 -0.4866 -0.7292
vn -0.3888 -0.5293 -0.7541
vn -0.6219 -0.4514 -0.6399
vn -0.4558 -0.5064 -0.7320
vn -0.6195 -0.4683 -0.6300
vn -0.4262 -0.4622 -0.7777
vn -0.4903 -0.4933 -0.7185
vn -0.5290 -0.4757 -0.7027
vn -0.4114 -0.5032 -0.7600
vn -0.5014 -0.5084 -0.7001
vn -0.4996 -0.4383 -0.7472
vn -0.5478 -0.4438 -0.7092
vn -0.5874 -0.4336 -0.6834
vn -0.5565 -0.5537 -0.6194
vn -0.4944 -0.4568 -0.7395
vn -0.2340 -0.5366 -0.8107
vn -0.1102 0.1940 0.9748
vn -0.0548 -0.0338 0.9979
vn -0.3110 0.3789 0.8716
vn -0.2298 0.3532 0.9069
vn 0.0727 0.4797 0.8744
vn 0.0262 0.1251 0.9918
vn 0.0758 0.0282 0.9967
vn -0.2309 0.4904 0.8404
vn -0.0375 -0.0940 0.9949
vn -0.5174 0.3276 0.7905
vn -0.9003 -0.2164 -0.3777
vn -0.9547 -0.1398 -0.2627
vn -0.9019 -0.3164 -0.2940
vn -0.8196 -0.3336 -0.4658
vn -0.7748 -0.3387 -0.5338
vn -0.6993 -0.4881 -0.5222
vn -0.1106 -0.1659 -0.9799
vn 0.1092 -0.7214 -0.6838
vn 0.1854 -0.5633 -0.8052
vn -0.0599 0.0188 -0.9980
vn -0.2460 0.0948 -0.9646
vn -0.2890 -0.0176 -0.9572
vn 0.1866 -0.9611 -0.2036
vn -0.0310 -0.9124 -0.4081
vn 0.2342 -0.9075 -0.3486
vn 0.3923 -0.8877 -0.2411
vn 0.3454 0.6402 0.6862
vn 0.3219 0.8421 0.4327
vn 0.2943 0.7524 0.5893
vn 0.3439 0.6679 0.6600
vn -0.2066 -0.1710 -0.9634
vn -0.0186 -0.2311 -0.9727
vn 0.0087 -0.0544 -0.9985
vn -0.1678 -0.0531 -0.9844
vn -0.1406 -0.4222 -0.8955
vn -0.2595 -0.2450 -0.9341
vn -0.3542 -0.6101 -0.7088
vn -0.2486 -0.7446 -0.6195
vn -0.3086 -0.7587 -0.5737
vn -0.3350 -0.7557 -0.5628
vn 0.4503 0.7184 0.5302
vn 0.5416 0.6684 0.5097
vn 0.5033 0.8289 0.2440
vn 0.3534 0.9135 0.2017
vn 0.4840 0.6800 0.5508
vn 0.5431 0.6468 0.5354
vn 0.4558 -0.2605 0.8511
vn 0.4961 0.0268 0.8678
vn 0.4896 0.0922 0.8671
vn 0.3779 -0.2463 0.8925
vn 0.2953 -0.3687 0.8814
vn 0.4200 -0.3807 0.8238
vn -0.4389 -0.3706 -0.8186
vn -0.3710 -0.4128 -0.8318
vn -0.4989 -0.6178 -0.6078
vn -0.5798 -0.4884 -0.6521
vn -0.6503 0.0064 0.7596
vn -0.8417 -0.2098 0.4975
vn -0.3250 0.2281 0.9178
vn -0.2193 0.0287 0.9752
vn -0.5440 -0.2383 0.8045
vn -0.7667 -0.4446 0.4632
vn 0.2905 0.4413 0.8490
vn 0.3753 0.2712 0.8863
vn 0.7816 0.4288 0.4531
vn 0.8163 0.2485 0.5215
vn 0.9178 0.3182 0.2373
vn 0.9387 0.3074 0.1558
vn 0.9725 0.2303 0.0335
vn 0.9610 0.2099 0.1799
vn 0.8900 0.3878 0.2398
vn 0.9254 0.3408 0.1656
vn 0.8084 0.4496 0.3799
vn 0.8149 0.4233 0.3958
vn 0.7188 0.5785 0.3857
vn 0.7274 0.5870 0.3553
vn 0.7946 0.5961 0.1155
vn 0.7777 0.5980 0.1940
vn 0.6834 0.5493 0.4808
vn 0.6799 0.5785 0.4506
vn 0.3836 0.0547 0.9219
vn 0.3490 -0.1119 0.9304
vn 0.4182 -0.1754 0.8913
vn 0.4823 0.0316 0.8754
vn 0.5195 0.1589 0.8395
vn 0.4276 0.1399 0.8931
vn 0.4242 0.0094 0.9055
vn 0.4189 -0.1105 0.9013
vn 0.5893 0.4253 0.6869
vn 0.6338 0.4192 0.6501
vn 0.6227 0.4351 0.6503
vn 0.5940 0.4068 0.6940
vn 0.5464 0.3724 0.7502
vn 0.5525 0.4221 0.7188
vn 0.5088 0.4204 0.7512
vn 0.4314 0.3532 0.8301
vn 0.6288 0.4801 0.6117
vn 0.5861 0.3594 0.7261
vn 0.6124 0.3393 0.7140
vn 0.6273 0.4833 0.6107
vn 0.5066 0.2449 0.8267
vn 0.5809 0.2406 0.7776
vn 0.4738 0.4815 0.7373
vn 0.3706 0.4935 0.7869
vn 0.4225 0.5336 0.7326
vn 0.5094 0.4836 0.7118
vn -0.3615 -0.3961 -0.8441
vn -0.3997 -0.3366 -0.8526
vn -0.3479 -0.6484 -0.6771
vn -0.3360 -0.6597 -0.6722
vn -0.4954 -0.6030 -0.6253
vn -0.5684 -0.5020 -0.6518
vn -0.5235 -0.5197 -0.6752
vn -0.4297 -0.6327 -0.6442
vn -0.3736 -0.6533 -0.6585
vn -0.4645 -0.5490 -0.6949
vn -0.3718 -0.6486 -0.6641
vn -0.4116 -0.6389 -0.6499
vn -0.4331 -0.3168 -0.8438
vn -0.2903 0.1743 -0.9409
vn -0.4007 0.1938 -0.8955
vn -0.4460 -0.3459 -0.8255
vn -0.4305 -0.3686 -0.8239
vn -0.4469 -0.6023 -0.6614
vn -0.4522 0.1536 -0.8786
vn -0.3660 -0.6732 -0.6425
vn -0.4374 -0.5711 -0.6946
vn -0.5300 -0.5790 -0.6196
vn -0.5793 -0.4990 -0.6445
vn 0.6590 0.4815 0.5778
vn 0.6662 0.4334 0.6069
vn 0.5963 0.4604 0.6576
vn 0.6523 0.5029 0.5671
vn 0.6203 0.5295 0.5787
vn 0.6357 0.5468 0.5449
vn 0.6096 0.5281 0.5912
vn 0.5138 0.5144 0.6866
vn 0.4406 0.5608 0.7010
vn 0.4788 0.5348 0.6962
vn 0.4569 0.4771 0.7508
vn 0.5657 0.4986 0.6569
vn 0.3638 0.5104 0.7792
vn 0.3801 0.4791 0.7912
vn 0.4162 0.5665 0.7112
vn 0.4826 0.5471 0.6839
vn 0.4282 0.5364 0.7273
vn 0.4122 0.6278 0.6603
vn 0.4246 0.6096 0.6694
vn 0.3906 0.6839 0.6163
vn 0.5289 0.5910 0.6091
vn 0.3759 0.5433 0.7507
vn 0.3383 0.6704 0.6604
vn 0.3109 0.8618 0.4008
vn 0.4360 0.7634 0.4766
vn 0.1719 0.9039 0.3918
vn 0.1613 0.8791 0.4485
vn 0.3848 0.7185 0.5794
vn 0.0618 0.9278 0.3680
vn -0.1325 0.9689 0.2089
vn 0.5669 0.6258 0.5357
vn -0.3257 -0.7499 -0.5759
vn -0.3391 -0.7461 -0.5730
vn -0.3249 -0.7013 -0.6345
vn -0.3217 -0.7074 -0.6294
vn 0.2455 0.7910 0.5604
vn 0.3729 0.6753 0.6363
vn -0.3468 -0.6343 -0.6909
vn -0.3503 -0.6174 -0.7043
vn -0.4166 -0.5049 -0.7560
vn -0.3826 -0.5335 -0.7544
vn -0.4468 -0.5785 -0.6824
vn -0.4582 -0.6534 -0.6026
vn -0.4721 -0.6531 -0.5921
vn -0.4459 -0.5881 -0.6748
vn -0.4052 -0.4921 -0.7705
vn -0.4545 -0.4701 -0.7566
vn 0.5102 0.6683 0.5414
vn 0.5512 0.6201 0.5582
vn 0.5703 0.5625 0.5986
vn 0.5571 0.6137 0.5595
vn -0.4421 -0.5999 -0.6668
vn -0.4046 -0.5044 -0.7628
vn -0.4628 -0.6641 -0.5872
vn 0.5883 0.5429 0.5993
vn 0.5870 0.5607 0.5840
vn 0.5854 0.5108 0.6296
vn 0.6042 0.4949 0.6246
vn 0.5715 0.5674 0.5929
vn 0.5583 0.6383 0.5300
vn 0.5505 0.6440 0.5312
vn 0.5558 0.5675 0.6075
vn 0.5139 0.5162 0.6851
vn 0.5497 0.5169 0.6563
vn 0.5139 0.5792 0.6328
vn 0.4873 0.5083 0.7101
vn 0.4931 0.6677 0.5577
vn -0.4171 -0.4077 -0.8123
vn -0.4975 -0.3931 -0.7733
vn -0.3702 -0.3669 -0.8534
vn -0.4635 -0.3709 -0.8047
vn -0.3579 -0.4499 -0.8182
vn -0.4520 -0.4174 -0.7883
vn -0.3072 -0.4320 -0.8480
vn -0.3609 -0.4086 -0.8383
vn -0.3744 -0.4360 -0.8184
vn -0.3897 -0.4464 -0.8055
vn 0.5898 0.4730 0.6545
vn 0.5898 0.4601 0.6637
vn 0.5448 0.4911 0.6797
vn 0.5607 0.5193 0.6449
vn 0.5392 0.4693 0.6993
vn 0.4925 0.4814 0.7251
vn 0.5148 0.4430 0.7340
vn 0.5232 0.4564 0.7197
vn -0.2782 -0.4733 -0.8358
vn -0.2945 -0.7531 -0.5883
vn -0.0936 -0.8403 -0.5340
vn -0.0767 -0.5840 -0.8081
vn 0.4611 0.4814 0.7455
vn 0.4596 0.4596 0.7599
vn -0.3021 -0.7344 -0.6078
vn -0.3615 -0.4644 -0.8085
vn -0.4186 -0.6384 -0.6459
vn -0.2035 -0.8410 -0.5013
vn -0.4339 -0.8779 -0.2025
vn -0.6007 -0.7884 -0.1327
vn -0.6142 -0.7346 -0.2884
vn -0.3564 -0.8314 -0.4264
vn -0.5614 -0.7360 -0.3784
vn -0.5677 -0.7176 -0.4034
vn 0.4801 -0.0427 0.8762
vn 0.3819 -0.0262 0.9238
vn 0.3968 0.4831 0.7805
vn 0.4801 0.3977 0.7819
vn -0.6071 -0.7706 -0.1938
vn -0.6132 -0.7521 -0.2416
vn -0.5746 -0.6031 -0.5533
vn -0.4686 0.2560 -0.8455
vn -0.3318 0.2399 -0.9123
vn -0.2358 -0.3106 -0.9208
vn -0.5045 -0.2508 -0.8262
vn -0.6002 -0.3006 -0.7412
vn -0.5412 0.2005 -0.8167
vn 0.3710 0.8298 0.4169
vn 0.2826 0.8222 0.4941
vn -0.1517 0.1586 -0.9756
vn 0.0491 -0.4153 -0.9083
vn -0.3177 -0.9122 -0.2587
vn -0.4750 -0.5437 -0.6919
vn -0.4432 -0.8551 -0.2691
vn -0.2530 -0.8968 -0.3629
vn 0.1486 -0.8893 -0.4325
vn 0.3348 -0.9402 -0.0621
vn 0.0033 -0.9998 -0.0217
vn -0.4918 0.0357 -0.8700
vn -0.3011 -0.3763 -0.8762
vn -0.3067 -0.3915 -0.8676
vn -0.1896 -0.5827 -0.7902
vn -0.2163 -0.5131 -0.8306
vn -0.3510 -0.4488 -0.8218
vn -0.3507 -0.3514 -0.8680
vn 0.4128 -0.8402 -0.3517
vn 0.4211 -0.8816 -0.2134
vn -0.3430 -0.3905 -0.8543
vn -0.2845 -0.5964 -0.7506
vn -0.2942 -0.5682 -0.7685
vn -0.3950 -0.4164 -0.8189
vn -0.1029 -0.6793 -0.7266
vn 0.1108 -0.7989 -0.5912
vn 0.1348 -0.8994 -0.4159
vn -0.2861 -0.3519 -0.8912
vn -0.0868 -0.9320 -0.3518
vn 0.5077 0.1437 0.8494
vn 0.5210 0.3468 0.7800
vn 0.4816 0.1288 0.8669
vn 0.4980 0.2782 0.8213
vn 0.5168 0.4280 0.7414
vn 0.5414 0.4560 0.7064
vn -0.5662 -0.7851 -0.2509
vn -0.7461 -0.6183 -0.2472
vn -0.5966 -0.5995 -0.5336
vn -0.4315 -0.7562 -0.4920
vn -0.5069 -0.6975 -0.5065
vn -0.5754 -0.7371 -0.3544
vn -0.5985 -0.7064 -0.3780
vn -0.7832 -0.5694 -0.2498
vn -0.3876 -0.1797 -0.9041
vn -0.0659 -0.0788 -0.9947
vn 0.0280 -0.1080 -0.9938
vn -0.2499 -0.3746 -0.8929
vn -0.7528 -0.3670 -0.5464
vn -0.3438 -0.2864 -0.8943
vn -0.5969 -0.5216 -0.6097
vn -0.3024 -0.4678 -0.8305
vn -0.0820 -0.2114 -0.9740
vn -0.1184 -0.0731 -0.9903
vn 0.0403 -0.2363 -0.9708
vn -0.1610 -0.5394 -0.8265
vn -0.6665 -0.5861 -0.4607
vn -0.8590 -0.4356 -0.2690
vn -0.8379 -0.4850 -0.2506
vn 0.2370 0.2345 0.9428
vn 0.6306 0.4747 0.6140
vn 0.6769 0.3168 0.6644
vn 0.3022 0.0205 0.9530
vn 0.1696 0.0231 0.9852
vn 0.0557 0.1212 0.9911
vn 0.7966 0.5675 0.2084
vn 0.8415 0.5094 0.1799
vn 0.4890 0.4754 0.7314
vn 0.5055 0.4059 0.7614
vn 0.4543 0.3768 0.8072
vn 0.4699 0.3840 0.7948
vn 0.5250 0.5098 0.6815
vn 0.5668 0.3801 0.7309
vn 0.4638 0.3274 0.8232
vn 0.4296 0.2334 0.8723
vn 0.4617 0.4130 0.7850
vn 0.3926 0.2825 0.8753
vn 0.3860 -0.0011 0.9225
vn 0.3308 -0.1632 0.9295
vn 0.1749 -0.0222 0.9843
vn 0.3672 0.1423 0.9192
vn 0.4766 0.2655 0.8380
vn 0.5093 0.2127 0.8339
vn 0.5513 0.3080 0.7754
vn 0.5233 0.2958 0.7992
vn 0.4838 0.2969 0.8233
vn 0.6014 0.3211 0.7316
vn 0.5654 0.3428 0.7502
vn 0.4375 0.2890 0.8515
vn 0.2875 0.1530 0.9455
vn 0.3717 0.7303 0.5731
vn 0.3932 0.7704 0.5019
vn 0.4326 0.8111 0.3936
vn 0.4188 0.7458 0.5180
vn 0.5539 0.2691 0.7879
vn 0.5850 0.3360 0.7382
vn 0.5417 0.6831 0.4898
vn 0.4586 0.7657 0.4510
vn 0.4621 0.8113 0.3580
vn 0.5430 0.7056 0.4552
vn 0.4608 0.7727 0.4366
vn 0.4805 0.8481 0.2230
vn 0.4452 0.8865 0.1258
vn 0.4559 0.8254 0.3329
vn 0.3773 0.9079 0.1825
vn 0.3066 0.9511 -0.0370
vn 0.4375 0.8970 -0.0629
vn 0.4823 0.7435 0.4632
vn -0.4610 -0.6605 -0.5927
vn -0.4566 -0.7035 -0.5447
vn -0.4384 -0.7109 -0.5500
vn -0.4345 -0.6842 -0.5857
vn 0.3712 0.8465 0.3817
vn 0.2381 0.9669 0.0918
vn -0.4561 -0.6929 -0.5585
vn -0.4370 -0.6663 -0.6042
vn -0.5177 -0.6079 -0.6020
vn -0.4866 -0.6795 -0.5490
vn -0.4321 -0.6465 -0.6288
vn -0.4591 -0.6126 -0.6433
vn -0.4147 -0.2179 -0.8835
vn -0.4572 -0.4234 -0.7821
vn -0.5266 -0.1662 -0.8337
vn -0.5397 -0.4726 -0.6967
vn -0.5092 -0.6512 -0.5628
vn -0.5154 -0.4246 -0.7443
vn -0.4401 -0.1425 -0.8866
vn -0.4788 -0.6966 -0.5344
vn -0.5866 -0.3514 -0.7297
vn -0.5180 -0.4286 -0.7402
vn -0.4717 -0.4276 -0.7711
vn -0.5311 -0.3313 -0.7798
vn -0.5595 -0.2648 -0.7854
vn -0.6121 -0.3129 -0.7263
vn -0.6435 -0.4235 -0.6377
vn -0.6433 -0.4068 -0.6486
vn -0.5755 -0.4855 -0.6581
vn -0.3557 -0.5936 -0.7219
vn -0.1837 -0.2954 -0.9375
vn -0.5266 -0.4220 -0.7380
vn -0.5235 -0.4229 -0.7397
vn -0.5657 -0.5023 -0.6540
vn -0.4298 -0.2753 -0.8599
vn -0.4908 -0.2497 -0.8347
vn -0.5248 -0.3686 -0.7673
vn -0.5549 -0.4726 -0.6846
vn -0.4942 -0.5437 -0.6784
vn -0.5718 -0.3172 -0.7566
vn -0.6429 -0.4337 -0.6313
vn 0.3411 0.0202 0.9398
vn 0.2781 0.0741 0.9577
vn 0.3450 0.4424 0.8278
vn 0.4791 0.3761 0.7931
vn -0.5291 -0.4846 -0.6966
vn 0.5243 0.7864 0.3266
vn 0.4191 0.8414 0.3412
vn 0.3721 0.3944 0.8402
vn 0.4681 0.3928 0.7916
vn 0.4847 0.8569 0.1753
vn 0.3016 0.9274 0.2214
vn 0.2930 0.9129 0.2843
vn 0.3273 0.3825 0.8640
vn 0.1911 0.0825 0.9781
vn 0.1980 0.1271 0.9719
vn -0.5322 -0.4429 -0.7215
vn -0.4117 -0.0004 -0.9113
vn -0.3998 -0.0741 -0.9136
vn -0.5425 -0.5982 -0.5898
vn 0.3780 0.0293 0.9253
vn -0.2967 -0.5296 -0.7947
vn -0.5763 -0.4190 -0.7016
vn -0.4766 -0.0544 -0.8774
vn -0.1901 -0.1555 -0.9694
vn -0.4278 -0.0696 -0.9012
vn -0.2850 0.1475 -0.9471
vn -0.4480 0.0556 -0.8923
vn -0.4202 0.0344 -0.9068
vn -0.4283 -0.0554 -0.9019
vn -0.5667 -0.5076 -0.6490
vn -0.2463 -0.3321 -0.9105
vn -0.2181 -0.4090 -0.8861
vn -0.5548 -0.4631 -0.6911
vn -0.5177 -0.5838 -0.6254
vn -0.5291 -0.6086 -0.5913
vn -0.2672 -0.4024 -0.8756
vn -0.1033 -0.0022 -0.9946
vn -0.5294 -0.4199 -0.7372
vn -0.2619 -0.2652 -0.9279
vn -0.6132 -0.6013 -0.5123
vn -0.6637 -0.5366 -0.5212
vn -0.6132 -0.5469 -0.5700
vn -0.6410 -0.4645 -0.6111
vn -0.6289 -0.4574 -0.6287
vn -0.3717 -0.3757 -0.8489
vn 0.6693 0.5957 0.4440
vn 0.7019 0.5824 0.4100
vn 0.6868 0.5298 0.4977
vn 0.6432 0.5645 0.5174
vn 0.5812 0.5190 0.6268
vn 0.6266 0.4139 0.6604
vn -0.5922 -0.5098 -0.6240
vn 0.6152 0.4777 0.6271
vn 0.6076 0.4630 0.6453
vn 0.6528 0.6100 0.4492
vn 0.6645 0.5946 0.4527
vn 0.6922 0.6587 0.2949
vn 0.6820 0.6840 0.2590
vn 0.6897 0.5621 0.4565
vn 0.6692 0.7425 0.0280
vn 0.6886 0.7251 -0.0080
vn 0.6458 0.4163 0.6401
vn 0.4692 0.2336 0.8516
vn 0.5825 0.3173 0.7484
vn 0.5478 0.4177 0.7249
vn 0.4529 0.3492 0.8203
vn 0.3715 0.2363 0.8979
vn 0.3708 0.1195 0.9210
vn 0.3372 0.0325 0.9409
vn 0.4701 0.1473 0.8702
vn 0.5880 0.2622 0.7652
vn 0.7072 0.6416 0.2970
vn 0.7473 0.6636 0.0341
vn 0.4280 0.2144 0.8780
vn 0.5754 0.2849 0.7667
vn 0.3176 0.1695 0.9329
vn 0.1474 0.2582 0.9548
vn 0.2649 0.1429 0.9536
vn 0.3003 0.3805 0.8747
vn 0.4309 0.4657 0.7730
vn 0.5070 0.5150 0.6912
vn -0.6263 -0.5191 -0.5817
vn -0.5857 -0.4730 -0.6582
vn -0.4515 -0.4278 -0.7831
vn -0.5263 -0.4461 -0.7239
vn -0.4738 -0.3561 -0.8055
vn -0.5784 -0.4220 -0.6981
vn -0.5732 -0.3969 -0.7169
vn -0.4775 -0.3339 -0.8127
vn -0.4635 -0.3544 -0.8121
vn -0.4361 -0.3253 -0.8390
vn -0.6724 -0.4876 -0.5569
vn -0.6840 -0.4770 -0.5519
vn -0.4697 -0.3864 -0.7938
vn -0.4852 -0.4011 -0.7770
vn -0.5374 -0.4066 -0.7388
vn -0.4593 -0.4052 -0.7905
vn -0.5476 -0.4124 -0.7280
vn -0.4726 -0.3510 -0.8083
vn -0.5703 -0.3763 -0.7301
vn -0.5380 -0.5017 -0.6774
vn -0.5172 -0.6129 -0.5974
vn -0.4367 -0.6102 -0.6610
vn -0.3907 -0.7693 -0.5055
vn -0.3292 -0.7183 -0.6129
vn -0.5428 -0.5931 -0.5946
vn -0.6422 -0.5709 -0.5116
vn -0.2212 -0.6096 -0.7612
vn -0.4412 -0.7056 -0.5546
vn -0.4862 -0.4700 -0.7367
vn -0.2170 -0.4121 -0.8849
vn -0.4636 -0.4390 -0.7697
vn -0.4607 -0.4898 -0.7401
vn -0.6772 -0.5357 -0.5045
vn -0.6675 -0.4950 -0.5563
vn 0.9530 0.2822 0.1105
vn 0.9182 0.3350 0.2113
vn 0.7982 0.4120 0.4394
vn 0.8646 0.3569 0.3537
vn 0.9111 0.3451 0.2254
vn 0.9420 0.3181 0.1071
vn -0.2620 -0.3589 -0.8959
vn -0.5343 -0.4646 -0.7062
vn -0.4526 -0.3413 -0.8238
vn 0.8819 0.4003 0.2489
vn 0.8994 0.3863 0.2047
vn 0.7907 0.4223 0.4432
vn 0.7725 0.4503 0.4476
vn 0.9259 0.3680 0.0854
vn 0.9285 0.3711 0.0093
vn 0.6785 0.4413 0.5873
vn 0.7082 0.4071 0.5768
vn -0.0995 0.5574 0.8243
vn 0.0206 0.6032 0.7973
vn 0.5335 0.5818 0.6139
vn 0.2721 0.5590 0.7832
vn 0.6581 0.4796 0.5804
vn 0.8400 0.4456 0.3096
vn 0.8070 0.3981 0.4361
vn 0.9337 0.3406 0.1105
vn 0.9543 0.2886 -0.0777
vn -0.8230 -0.5675 0.0239
vn -0.7763 -0.5367 0.3306
vn -0.9196 -0.3457 0.1867
vn -0.9015 -0.4100 -0.1383
vn -0.8992 -0.3766 -0.2229
vn -0.8381 -0.5357 -0.1026
vn -0.8506 -0.5241 -0.0428
vn -0.8474 -0.5059 0.1614
vn -0.9473 -0.2412 -0.2110
vn -0.9213 -0.2889 -0.2601
vn -0.9934 -0.0932 0.0667
vn -0.6439 -0.5264 -0.5552
vn -0.9130 -0.3886 -0.1241
vn -0.6864 -0.6560 -0.3137
vn -0.7564 -0.6045 -0.2499
vn -0.8361 -0.4133 -0.3606
vn -0.9310 -0.2885 0.2235
vn 0.7760 0.4286 0.4628
vn 0.7060 0.4463 0.5499
vn 0.7444 0.3551 0.5655
vn 0.7864 0.3790 0.4878
vn 0.7419 0.3371 0.5797
vn 0.7472 0.3941 0.5352
vn -0.8251 -0.3257 -0.4616
vn 0.6962 0.4448 0.5635
vn 0.6816 0.4020 0.6114
vn 0.5872 0.5328 0.6094
vn 0.6361 0.4384 0.6349
vn 0.6559 0.5322 0.5354
vn 0.6673 0.3541 0.6552
vn 0.6892 0.3107 0.6546
vn 0.7365 0.4936 0.4625
vn -0.6836 -0.4895 -0.5415
vn -0.6598 -0.4420 -0.6077
vn -0.6525 -0.4273 -0.6258
vn -0.6654 -0.4510 -0.5949
vn -0.6596 -0.5148 -0.5476
vn -0.6622 -0.5075 -0.5513
vn 0.6629 0.3433 0.6653
vn -0.6637 -0.4600 -0.5898
vn -0.6931 -0.4662 -0.5499
vn -0.5913 -0.4133 -0.6925
vn -0.6141 -0.4194 -0.6686
vn -0.6177 -0.4178 -0.6662
vn -0.6318 -0.4129 -0.6560
vn -0.6304 -0.4681 -0.6193
vn -0.6248 -0.4313 -0.6508
vn -0.6589 -0.4579 -0.5968
vn 0.2024 0.1387 0.9694
vn 0.0639 0.6341 0.7706
vn 0.0447 0.6133 0.7886
vn 0.1264 0.1516 0.9803
vn 0.1715 -0.2735 0.9465
vn 0.2847 -0.3363 0.8977
vn 0.1890 0.1099 0.9758
vn 0.1427 -0.3143 0.9385
vn 0.1714 0.5853 0.7925
vn -0.0677 0.8880 0.4548
vn -0.0385 0.8762 0.4803
vn 0.1140 0.8251 0.5534
vn 0.1353 -0.5419 0.8295
vn 0.3530 -0.1638 0.9212
vn 0.2239 -0.3980 0.8897
vn 0.1243 -0.5742 0.8092
vn 0.4383 0.4329 0.7877
vn 0.4732 0.3839 0.7929
vn 0.3964 0.3718 0.8394
vn 0.4406 0.3229 0.8376
vn 0.3548 -0.4947 0.7933
vn 0.4630 0.0193 0.8861
vn 0.4180 0.0634 0.9062
vn 0.4604 0.3469 0.8171
vn 0.3037 -0.5822 0.7542
vn 0.4769 0.1428 0.8673
vn 0.4919 0.3640 0.7909
vn 0.2896 0.0246 0.9568
vn 0.1745 -0.1342 0.9755
vn 0.1003 -0.1947 0.9757
vn 0.2011 -0.0864 0.9758
vn 0.7889 0.6013 0.1270
vn 0.6809 0.7245 0.1069
vn 0.6503 0.4964 0.5750
vn 0.6938 0.3399 0.6349
vn -0.0569 0.0074 0.9984
vn 0.2352 0.3144 0.9197
vn 0.3628 0.0496 0.9306
vn 0.5356 0.6805 0.5000
vn 0.0998 0.0731 0.9923
vn 0.3650 -0.0677 0.9286
vn 0.6017 0.7902 0.1165
vn -0.5217 -0.3209 0.7905
vn -0.1232 -0.0088 0.9923
vn -0.1902 0.2850 0.9395
vn -0.6971 -0.0662 0.7139
vn -0.8182 0.2294 0.5271
vn -0.3456 0.5038 0.7917
vn 0.1503 0.6113 0.7770
vn 0.2738 0.4964 0.8238
vn 0.6741 0.5679 0.4723
vn 0.6080 0.6121 0.5056
vn 0.3771 0.2639 0.8878
vn 0.7848 0.3321 0.5232
vn 0.9341 0.3327 0.1299
vn 0.8611 0.4784 0.1722
vn 0.8553 0.4589 0.2406
vn -0.4552 -0.7914 -0.4080
vn -0.1736 -0.9521 -0.2518
vn -0.0356 -0.8271 -0.5609
vn -0.4076 -0.6842 -0.6047
vn -0.2823 -0.5904 -0.7562
vn -0.2021 -0.5942 -0.7785
vn -0.3983 -0.5650 -0.7226
vn -0.3833 -0.5757 -0.7223
vn -0.7220 -0.5378 -0.4354
vn -0.7288 -0.5289 -0.4348
vn -0.9214 -0.3802 -0.0804
vn -0.9013 -0.4296 -0.0558
vn -0.9434 -0.2043 0.2612
vn -0.9269 -0.2346 0.2929
vn -0.7679 0.0552 0.6382
vn -0.7545 0.0517 0.6542
vn -0.4703 0.2900 0.8335
vn -0.4497 0.2625 0.8537
vn -0.0997 0.3421 0.9344
vn -0.1704 0.4117 0.8952
vn 0.2831 0.5350 0.7960
vn 0.3157 0.4417 0.8398
vn 0.7407 0.4905 0.4590
vn 0.7115 0.5645 0.4184
vn 0.9134 0.3976 0.0869
vn 0.8851 0.4618 0.0576
vn 0.8906 0.4367 0.1268
vn 0.8730 0.4814 0.0781
vn 0.6681 0.5636 0.4858
vn 0.7077 0.5753 0.4101
vn 0.9105 0.0021 0.4134
vn 0.8370 -0.1624 0.5225
vn 0.7749 0.5555 0.3015
vn 0.8582 0.3913 0.3321
vn 0.2591 -0.9625 0.0802
vn 0.5727 -0.8181 -0.0525
vn -0.0583 -0.6162 -0.7854
vn -0.0021 -0.6163 -0.7875
vn -0.4022 -0.6325 -0.6620
vn -0.4071 -0.6053 -0.6840
vn 0.2798 -0.6857 -0.6720
vn 0.4133 -0.5508 -0.7252
vn -0.7383 -0.5404 -0.4036
vn -0.7200 -0.5672 -0.3998
vn -0.8903 -0.4504 -0.0670
vn -0.9136 -0.4005 -0.0698
vn -0.9235 -0.2284 0.3082
vn -0.8974 -0.2834 0.3383
vn -0.7024 -0.0952 0.7054
vn -0.7344 -0.0100 0.6787
vn -0.3869 0.1882 0.9027
vn -0.3596 0.0640 0.9309
vn -0.0241 0.2675 0.9633
vn 0.0703 0.1843 0.9804
vn 0.3451 0.2816 0.8953
vn 0.4663 0.2234 0.8559
vn 0.7716 0.1905 0.6069
vn 0.7515 0.3053 0.5848
vn -0.6037 -0.6856 -0.4068
vn -0.2779 -0.7281 -0.6266
vn -0.0393 -0.9225 -0.3839
vn -0.3828 -0.8976 -0.2187
vn -0.6242 -0.7809 -0.0245
vn -0.8118 -0.5790 -0.0755
vn -0.8247 -0.4607 0.3280
vn -0.5745 -0.7669 0.2860
vn -0.5016 -0.6054 0.6179
vn -0.6332 -0.3186 0.7053
vn 0.9534 0.2437 0.1778
vn 0.9723 0.1216 0.1996
vn 0.9899 0.0097 -0.1416
vn 0.9850 0.1415 0.0988
vn -0.2746 -0.2350 0.9324
vn -0.1401 -0.6647 0.7338
vn 0.2643 -0.6444 0.7176
vn 0.1749 -0.1564 0.9721
vn -0.2110 -0.9484 0.2367
vn 0.2115 -0.9635 0.1641
vn 0.5555 -0.8305 0.0412
vn 0.3511 -0.8200 -0.4520
vn 0.6923 -0.5532 -0.4633
vn 0.7801 -0.6200 -0.0845
vn 0.8751 -0.3676 0.3147
vn 0.6187 -0.5425 0.5682
vn 0.5858 -0.0194 0.8102
vn 0.8448 0.0448 0.5332
vn 0.7002 -0.6599 -0.2726
vn 0.9460 -0.3172 0.0674
vn 0.9202 -0.3046 -0.2458
vn 0.7856 -0.4078 -0.4653
vn 0.5171 -0.5191 -0.6806
vn 0.1480 -0.6677 -0.7296
vn 0.9683 -0.1563 -0.1949
vn 0.9141 -0.1271 -0.3851
vn 0.9810 -0.0225 -0.1927
vn 0.9592 -0.1620 -0.2316
vn 0.8839 -0.3038 -0.3555
vn 0.8531 -0.2512 -0.4572
vn 0.7561 -0.4049 -0.5141
vn 0.8624 -0.4487 -0.2345
vn 0.9812 -0.1921 0.0207
vn 0.9836 0.0398 0.1757
vn -0.1704 -0.7946 -0.5827
vn -0.4609 -0.6684 -0.5838
vn -0.6337 -0.5764 -0.5160
vn -0.4206 -0.7534 -0.5055
vn -0.7213 -0.6121 -0.3241
vn -0.2883 -0.8220 -0.4911
vn -0.6999 -0.4589 -0.5473
vn -0.4881 -0.6132 -0.6211
vn -0.4673 -0.5226 -0.7131
vn -0.6629 -0.3696 -0.6511
vn -0.3559 -0.6907 -0.6295
vn -0.3093 -0.7455 -0.5904
vn -0.2011 -0.8213 -0.5338
vn -0.2409 -0.8005 -0.5487
vn -0.0358 -0.7477 -0.6631
vn -0.2598 -0.6410 -0.7222
vn 0.0212 -0.5219 -0.8527
vn 0.1952 -0.4842 -0.8529
vn 0.1901 -0.4772 -0.8580
vn -0.0717 -0.5249 -0.8481
vn 0.1551 -0.5341 -0.8311
vn 0.1727 -0.4885 -0.8553
vn 0.3086 -0.5406 -0.7827
vn 0.1484 -0.5099 -0.8473
vn 0.4516 -0.5279 -0.7193
vn 0.1300 -0.5322 -0.8366
vn -0.2213 -0.5261 -0.8211
vn -0.3422 -0.5227 -0.7808
vn -0.2693 -0.5175 -0.8122
vn -0.3196 -0.5177 -0.7936
vn -0.3096 -0.4965 -0.8110
vn -0.3098 -0.4921 -0.8136
vn -0.3279 -0.4642 -0.8228
vn -0.3107 -0.4491 -0.8377
vn -0.3204 -0.4299 -0.8441
vn -0.3213 -0.4107 -0.8533
vn -0.4540 -0.4877 -0.7457
vn -0.5445 -0.4476 -0.7094
vn -0.3997 -0.4725 -0.7855
vn -0.5011 -0.4272 -0.7526
vn -0.3715 -0.4607 -0.8061
vn -0.4823 -0.4316 -0.7623
vn -0.3755 -0.4393 -0.8161
vn -0.4808 -0.4308 -0.7637
vn -0.3998 -0.4180 -0.8157
vn -0.4923 -0.4242 -0.7601
vn -0.3832 -0.4191 -0.8231
vn -0.4553 -0.4350 -0.7768
vn -0.4596 -0.3515 -0.8156
vn -0.4050 -0.3316 -0.8520
vn -0.3373 -0.3133 -0.8877
vn -0.2977 -0.3925 -0.8702
vn -0.4011 -0.3208 -0.8580
vn -0.4423 -0.3335 -0.8326
vn -0.4193 -0.3644 -0.8315
vn -0.3823 -0.3574 -0.8521
vn -0.3346 -0.3568 -0.8722
vn -0.3448 -0.3106 -0.8858
vn -0.5011 -0.3727 -0.7811
vn -0.5018 -0.4363 -0.7469
vn -0.5295 -0.4291 -0.7318
vn -0.5329 -0.3872 -0.7524
vn -0.1669 -0.3568 -0.9192
vn -0.2466 -0.2956 -0.9229
vn -0.0918 -0.2728 -0.9577
vn 0.0724 -0.2937 -0.9531
vn 0.3756 -0.1961 -0.9058
vn 0.1920 -0.2180 -0.9569
vn 0.4835 -0.1281 -0.8659
vn 0.5800 -0.1060 -0.8077
vn -0.1565 -0.3019 -0.9404
vn -0.2729 -0.3064 -0.9120
vn -0.2766 -0.3616 -0.8904
vn -0.1793 -0.3637 -0.9141
vn 0.6368 -0.0667 -0.7681
vn 0.8353 0.0748 -0.5447
vn 0.8422 0.0769 -0.5336
vn 0.6951 -0.0352 -0.7180
vn 0.4019 -0.1627 -0.9011
vn 0.0871 -0.2628 -0.9609
vn 0.0437 -0.3209 -0.9461
vn 0.3645 -0.1753 -0.9146
vn 0.5923 -0.0621 -0.8033
vn 0.8042 0.1258 -0.5809
vn 0.5778 -0.0144 -0.8161
vn 0.7664 0.1754 -0.6179
vn 0.5997 0.0241 -0.7999
vn 0.7546 0.1915 -0.6276
vn 0.8828 0.4235 0.2034
vn 0.2034 0.4657 0.8612
vn 0.8787 0.3839 0.2839
vn 0.2651 0.3601 0.8944
vn 0.8884 0.4146 0.1971
vn 0.3929 0.3615 0.8456
vn 0.9044 0.4256 0.0296
vn 0.5548 0.3977 0.7308
vn 0.9182 0.3718 -0.1368
vn 0.7054 0.4113 0.5773
vn 0.3690 0.2520 0.8946
vn 0.5264 0.2663 0.8075
vn 0.5356 0.3306 0.7771
vn 0.3675 0.3345 0.8678
vn 0.1771 0.3478 0.9207
vn 0.2223 0.2467 0.9433
vn 0.0048 0.3657 0.9307
vn 0.1017 0.2686 0.9579
vn 0.1833 0.2485 0.9511
vn 0.2385 0.2348 0.9423
vn 0.2519 0.2857 0.9246
vn 0.2346 0.2795 0.9310
vn 0.3085 0.3546 0.8827
vn 0.2177 0.3674 0.9042
vn 0.6518 0.3461 0.6748
vn 0.6359 0.2855 0.7170
vn 0.6678 0.3302 0.6671
vn 0.6932 0.3754 0.6153
vn 0.3602 0.2657 0.8942
vn 0.5154 0.3001 0.8027
vn 0.3464 0.3415 0.8737
vn 0.5014 0.3800 0.7773
vn 0.6428 0.3474 0.6827
vn 0.6133 0.3195 0.7223
vn 0.6090 0.3601 0.7067
vn 0.6395 0.3422 0.6884
vn 0.5482 0.4608 0.6980
vn 0.6535 0.4206 0.6293
vn 0.6187 0.3792 0.6881
vn 0.5292 0.4054 0.7454
vn 0.5744 0.3254 0.7511
vn 0.6209 0.3507 0.7011
vn 0.6530 0.3296 0.6819
vn 0.6297 0.2636 0.7308
vn 0.4244 0.4888 0.7622
vn 0.4222 0.4093 0.8089
vn 0.3790 0.4228 0.8232
vn 0.3838 0.5202 0.7630
vn 0.6996 0.2638 0.6641
vn 0.6592 0.2379 0.7133
vn 0.7066 0.1722 0.6864
vn 0.5550 0.4777 0.6810
vn 0.1218 0.5821 0.8039
vn 0.6870 0.4015 0.6056
vn 0.4721 0.5349 0.7007
vn 0.6847 0.4260 0.5913
vn 0.0329 0.5824 0.8122
vn 0.2593 0.3579 0.8970
vn 0.2546 0.5575 0.7902
vn 0.2391 0.5498 0.8003
vn 0.3962 0.4705 0.7885
vn 0.3190 0.3664 0.8741
vn 0.4862 0.4324 0.7594
vn 0.2918 0.5438 0.7868
vn -0.0248 0.5755 0.8174
vn -0.0139 0.6033 0.7974
vn 0.3650 0.5670 0.7384
vn 0.5731 0.4198 0.7038
vn 0.4079 0.0206 0.9128
vn 0.5189 0.2509 0.8172
vn 0.3962 0.0490 0.9169
vn 0.4275 0.5524 0.7156
vn -0.0010 0.5513 0.8343
vn 0.6416 0.4200 0.6419
vn -0.4524 0.4992 0.7390
vn -0.4396 0.5110 0.7387
vn -0.4398 0.4890 0.7533
vn -0.3667 0.3351 0.8679
vn -0.3543 0.2967 0.8868
vn -0.3646 0.5033 0.7834
vn -0.3438 0.4820 0.8059
vn -0.3310 0.3948 0.8571
vn -0.3097 0.4871 0.8166
vn -0.3223 0.4251 0.8458
vn -0.1453 0.5617 0.8145
vn -0.6673 0.4053 0.6248
vn -0.1713 0.4995 0.8492
vn -0.7326 0.2971 0.6124
vn -0.7120 0.2678 0.6492
vn -0.2275 0.4324 0.8725
vn -0.2643 0.4479 0.8541
vn -0.6588 0.2637 0.7046
vn -0.9926 -0.1009 -0.0678
vn -0.9868 -0.1612 -0.0136
vn -0.8280 -0.3993 -0.3936
vn -0.8314 -0.3530 -0.4292
vn -0.2542 0.4595 0.8510
vn -0.6022 0.2676 0.7521
vn -0.7854 -0.0636 0.6157
vn 0.3442 -0.6107 0.7132
vn -0.7941 -0.5558 0.2462
vn 0.0275 -0.8401 -0.5418
vn -0.0117 -0.8107 -0.5853
vn -0.1970 -0.8051 -0.5594
vn -0.2266 -0.7962 -0.5611
vn -0.9365 -0.0825 0.3409
vn -0.9225 -0.3742 -0.0944
vn -0.9137 -0.3468 -0.2121
vn -0.9718 -0.0803 0.2216
vn -0.9286 -0.2311 -0.2902
vn -0.8736 -0.3539 -0.3341
vn -0.9879 -0.1449 -0.0549
vn -0.9979 -0.0632 -0.0133
vn -0.9865 -0.1298 0.0994
vn -0.8607 -0.4007 -0.3140
vn -0.9594 -0.2649 -0.0967
vn -0.8422 -0.4245 -0.3324
vn -0.8424 -0.4358 -0.3169
vn -0.9419 -0.3182 -0.1071
vn -0.8243 -0.5092 -0.2474
vn -0.5898 -0.7892 -0.1714
vn -0.9273 -0.3585 -0.1079
vn -0.9893 -0.1252 0.0749
vn -0.9948 -0.0547 0.0855
vn -0.9937 -0.0319 0.1076
vn -0.9982 -0.0002 0.0592
vn -0.9800 -0.1867 0.0695
vn -0.9871 -0.1414 0.0747
vn -0.9716 -0.2272 0.0662
vn -0.9806 -0.1879 0.0560
vn -0.9964 -0.0849 0.0027
vn -0.8487 -0.5065 -0.1523
vn -0.8050 -0.4849 -0.3417
vn -0.9912 -0.1194 -0.0571
vn -0.9638 -0.2306 -0.1340
vn -0.8065 -0.4665 -0.3632
vn -0.9949 -0.0664 0.0757
vn -0.9875 -0.1577 -0.0022
vn -0.9731 -0.2232 -0.0571
vn -0.5772 -0.4211 -0.6997
vn -0.5760 -0.4266 -0.6973
vn -0.5611 -0.4065 -0.7211
vn -0.5766 -0.3987 -0.7131
vn -0.5473 -0.4113 -0.7289
vn -0.5570 -0.3973 -0.7293
vn -0.5314 -0.4172 -0.7373
vn -0.5395 -0.4075 -0.7368
vn -0.5615 -0.3940 -0.7277
vn -0.5567 -0.4230 -0.7149
vn -0.5247 -0.4241 -0.7382
vn -0.5268 -0.4237 -0.7369
vn -0.4530 -0.3776 -0.8076
vn -0.4888 -0.3914 -0.7797
vn -0.4688 -0.4277 -0.7728
vn -0.4286 -0.4251 -0.7973
vn -0.5065 -0.4262 -0.7495
vn -0.5209 -0.4001 -0.7540
vn 0.5752 0.4825 0.6605
vn 0.6290 0.4410 0.6402
vn 0.4700 0.5349 0.7021
vn 0.5041 0.4816 0.7169
vn -0.4770 -0.3529 -0.8049
vn -0.5105 -0.3724 -0.7751
vn -0.5401 -0.3861 -0.7478
vn 0.4316 0.5408 0.7220
vn 0.4318 0.4606 0.7755
vn 0.5150 0.3789 0.7689
vn 0.4939 0.3167 0.8098
vn 0.6269 0.3018 0.7183
vn 0.6422 0.3550 0.6794
vn 0.5960 0.2819 0.7519
vn 0.4471 0.2335 0.8635
vn 0.4606 0.3463 0.8173
vn 0.4568 -0.0146 0.8895
vn 0.5108 0.1884 0.8388
vn 0.2663 0.1605 0.9504
vn 0.3376 0.2372 0.9109
vn 0.4261 0.1973 0.8829
vn 0.5469 0.2178 0.8084
vn 0.4985 0.2238 0.8375
vn 0.7354 0.1375 0.6635
vn 0.4345 0.1197 0.8927
vn 0.3966 0.3195 0.8606
vn 0.4016 0.2819 0.8713
vn 0.4876 0.2969 0.8210
vn 0.9976 -0.0188 0.0666
vn 0.0907 -0.4555 0.8856
# 3429 vertex normals

vt 0.0000 0.0000 0.0000
# 1 texture coords

o AlaIzquierda
g AlaIzquierda
usemtl 17174_Tiamat_new__17174_Tiamat_v1default
s 1
f 1/1/1 2/1/2 3/1/3 
f 3/1/3 4/1/4 1/1/1 
f 4/1/4 5/1/5 6/1/6 
f 6/1/6 1/1/1 4/1/4 
f 1/1/1 6/1/6 7/1/7 
f 7/1/7 8/1/8 1/1/1 
f 8/1/8 9/1/9 2/1/2 
f 2/1/2 1/1/1 8/1/8 
f 10/1/10 11/1/11 12/1/12 
f 12/1/12 13/1/13 10/1/10 
f 13/1/13 7/1/7 6/1/6 
f 6/1/6 10/1/10 13/1/13 
f 10/1/10 6/1/6 5/1/5 
f 5/1/5 14/1/14 10/1/10 
f 14/1/14 15/1/15 11/1/11 
f 11/1/11 10/1/10 14/1/14 
f 16/1/16 17/1/17 18/1/18 
f 18/1/18 19/1/19 16/1/16 
f 16/1/16 19/1/19 20/1/20 
f 16/1/16 21/1/21 15/1/15 
f 15/1/15 14/1/14 16/1/16 
f 14/1/14 5/1/5 17/1/17 
f 17/1/17 16/1/16 14/1/14 
f 22/1/22 23/1/23 24/1/24 
f 24/1/24 25/1/25 22/1/22 
f 25/1/25 24/1/24 18/1/18 
f 18/1/18 17/1/17 25/1/25 
f 25/1/25 17/1/17 5/1/5 
f 5/1/5 4/1/4 25/1/25 
f 4/1/4 3/1/3 22/1/22 
f 22/1/22 25/1/25 4/1/4 
f 26/1/26 27/1/27 28/1/28 
f 28/1/28 29/1/29 26/1/26 
f 29/1/29 30/1/30 31/1/31 
f 31/1/31 26/1/26 29/1/29 
f 26/1/26 31/1/31 32/1/32 
f 32/1/32 33/1/33 26/1/26 
f 33/1/33 34/1/34 27/1/27 
f 27/1/27 26/1/26 33/1/33 
f 35/1/35 24/1/24 23/1/23 
f 23/1/23 36/1/36 35/1/35 
f 36/1/36 32/1/32 31/1/31 
f 31/1/31 35/1/35 36/1/36 
f 35/1/35 31/1/31 30/1/30 
f 30/1/30 37/1/37 35/1/35 
f 37/1/37 18/1/18 24/1/24 
f 24/1/24 35/1/35 37/1/37 
f 38/1/38 39/1/39 40/1/40 
f 40/1/40 41/1/41 38/1/38 
f 41/1/41 42/1/42 43/1/43 
f 43/1/43 38/1/38 41/1/41 
f 38/1/38 43/1/43 44/1/44 
f 44/1/44 45/1/45 38/1/38 
f 45/1/45 46/1/46 39/1/39 
f 39/1/39 38/1/38 45/1/45 
f 47/1/47 48/1/48 49/1/49 
f 49/1/49 50/1/50 47/1/47 
f 50/1/50 51/1/51 52/1/52 
f 52/1/52 47/1/47 50/1/50 
f 53/1/53 47/1/47 52/1/52 
f 52/1/52 46/1/46 53/1/53 
f 48/1/48 47/1/47 53/1/53 
f 53/1/53 54/1/54 48/1/48 
f 55/1/55 56/1/56 57/1/57 
f 57/1/57 58/1/58 55/1/55 
f 58/1/58 54/1/54 53/1/53 
f 53/1/53 55/1/55 58/1/58 
f 55/1/55 53/1/53 46/1/46 
f 46/1/46 45/1/45 55/1/55 
f 45/1/45 44/1/44 56/1/56 
f 56/1/56 55/1/55 45/1/45 
f 59/1/59 60/1/60 61/1/61 
f 61/1/61 62/1/62 59/1/59 
f 62/1/62 44/1/44 43/1/43 
f 43/1/43 59/1/59 62/1/62 
f 59/1/59 43/1/43 42/1/42 
f 42/1/42 63/1/63 59/1/59 
f 63/1/63 64/1/64 60/1/60 
f 60/1/60 59/1/59 63/1/63 
f 65/1/65 66/1/66 67/1/67 
f 67/1/67 68/1/68 65/1/65 
f 68/1/68 69/1/69 70/1/70 
f 70/1/70 65/1/65 68/1/68 
f 65/1/65 70/1/70 71/1/71 
f 71/1/71 72/1/72 65/1/65 
f 72/1/72 73/1/73 66/1/66 
f 66/1/66 65/1/65 72/1/72 
f 74/1/74 21/1/21 20/1/20 
f 20/1/20 75/1/75 74/1/74 
f 75/1/75 76/1/76 77/1/77 
f 77/1/77 74/1/74 75/1/75 
f 74/1/74 77/1/77 78/1/78 
f 78/1/78 79/1/79 74/1/74 
f 79/1/79 15/1/15 21/1/21 
f 21/1/21 74/1/74 79/1/79 
f 80/1/80 81/1/81 82/1/82 
f 82/1/82 83/1/83 80/1/80 
f 83/1/83 84/1/84 85/1/85 
f 80/1/80 85/1/85 78/1/78 
f 78/1/78 77/1/77 80/1/80 
f 77/1/77 76/1/76 81/1/81 
f 81/1/81 80/1/80 77/1/77 
f 86/1/86 87/1/87 79/1/79 
f 79/1/79 78/1/78 86/1/86 
f 86/1/86 88/1/88 89/1/89 
f 89/1/89 87/1/87 86/1/86 
f 87/1/87 89/1/89 12/1/12 
f 12/1/12 11/1/11 87/1/87 
f 11/1/11 15/1/15 79/1/79 
f 79/1/79 87/1/87 11/1/11 
f 90/1/90 85/1/85 84/1/84 
f 91/1/91 92/1/92 93/1/93 
f 93/1/93 90/1/90 91/1/91 
f 90/1/90 93/1/93 88/1/88 
f 88/1/88 86/1/86 90/1/90 
f 85/1/85 90/1/90 86/1/86 
f 86/1/86 78/1/78 85/1/85 
f 94/1/94 19/1/19 18/1/18 
f 18/1/18 37/1/37 94/1/94 
f 37/1/37 30/1/30 95/1/95 
f 95/1/95 94/1/94 37/1/37 
f 94/1/94 95/1/95 96/1/96 
f 96/1/96 97/1/97 94/1/94 
f 97/1/97 20/1/20 19/1/19 
f 98/1/98 75/1/75 20/1/20 
f 20/1/20 97/1/97 98/1/98 
f 97/1/97 96/1/96 99/1/99 
f 99/1/99 98/1/98 97/1/97 
f 98/1/98 99/1/99 100/1/100 
f 100/1/100 101/1/101 98/1/98 
f 101/1/101 76/1/76 75/1/75 
f 75/1/75 98/1/98 101/1/101 
f 102/1/102 81/1/81 76/1/76 
f 101/1/101 100/1/100 103/1/103 
f 103/1/103 102/1/102 101/1/101 
f 102/1/102 103/1/103 104/1/104 
f 104/1/104 105/1/105 102/1/102 
f 105/1/105 82/1/82 81/1/81 
f 106/1/106 95/1/95 30/1/30 
f 30/1/30 29/1/29 106/1/106 
f 29/1/29 28/1/28 107/1/107 
f 107/1/107 106/1/106 29/1/29 
f 106/1/106 107/1/107 108/1/108 
f 108/1/108 109/1/109 106/1/106 
f 109/1/109 96/1/96 95/1/95 
f 95/1/95 106/1/106 109/1/109 
f 110/1/110 111/1/111 112/1/112 
f 112/1/112 113/1/113 110/1/110 
f 113/1/113 114/1/114 115/1/115 
f 115/1/115 110/1/110 113/1/113 
f 110/1/110 115/1/115 116/1/116 
f 116/1/116 117/1/117 110/1/110 
f 117/1/117 118/1/118 111/1/111 
f 111/1/111 110/1/110 117/1/117 
f 119/1/119 120/1/120 121/1/121 
f 121/1/121 116/1/116 115/1/115 
f 115/1/115 122/1/122 121/1/121 
f 123/1/123 122/1/122 115/1/115 
f 115/1/115 114/1/114 123/1/123 
f 122/1/122 123/1/123 124/1/124 
f 124/1/124 119/1/119 122/1/122 
f 125/1/125 126/1/126 127/1/127 
f 128/1/128 129/1/129 130/1/130 
f 130/1/130 125/1/125 128/1/128 
f 125/1/125 130/1/130 131/1/131 
f 131/1/131 132/1/132 125/1/125 
f 132/1/132 112/1/112 126/1/126 
f 126/1/126 125/1/125 132/1/132 
f 58/1/58 57/1/57 133/1/133 
f 133/1/133 134/1/134 58/1/58 
f 133/1/133 135/1/135 136/1/136 
f 134/1/134 136/1/136 137/1/137 
f 138/1/138 54/1/54 58/1/58 
f 58/1/58 134/1/134 138/1/138 
f 139/1/139 140/1/140 141/1/141 
f 141/1/141 142/1/142 139/1/139 
f 142/1/142 143/1/143 144/1/144 
f 144/1/144 139/1/139 142/1/142 
f 144/1/144 145/1/145 146/1/146 
f 146/1/146 139/1/139 144/1/144 
f 139/1/139 146/1/146 147/1/147 
f 147/1/147 140/1/140 139/1/139 
f 148/1/148 144/1/144 143/1/143 
f 143/1/143 149/1/149 148/1/148 
f 149/1/149 150/1/150 151/1/151 
f 151/1/151 148/1/148 149/1/149 
f 148/1/148 151/1/151 152/1/152 
f 152/1/152 153/1/153 148/1/148 
f 153/1/153 145/1/145 144/1/144 
f 144/1/144 148/1/148 153/1/153 
f 154/1/154 155/1/155 156/1/156 
f 156/1/156 157/1/157 154/1/154 
f 157/1/157 158/1/158 159/1/159 
f 159/1/159 154/1/154 157/1/157 
f 154/1/154 159/1/159 160/1/160 
f 160/1/160 161/1/161 154/1/154 
f 161/1/161 162/1/162 155/1/155 
f 155/1/155 154/1/154 161/1/161 
f 163/1/163 164/1/164 165/1/165 
f 165/1/165 166/1/166 163/1/163 
f 166/1/166 156/1/156 155/1/155 
f 155/1/155 163/1/163 166/1/166 
f 163/1/163 155/1/155 162/1/162 
f 162/1/162 167/1/167 163/1/163 
f 167/1/167 168/1/168 164/1/164 
f 164/1/164 163/1/163 167/1/167 
f 169/1/169 170/1/170 171/1/171 
f 171/1/171 172/1/172 169/1/169 
f 170/1/170 169/1/169 173/1/173 
f 173/1/173 174/1/174 170/1/170 
f 174/1/174 165/1/165 164/1/164 
f 164/1/164 170/1/170 174/1/174 
f 171/1/171 170/1/170 164/1/164 
f 164/1/164 168/1/168 171/1/171 
f 175/1/175 136/1/136 135/1/135 
f 135/1/135 176/1/176 175/1/175 
f 176/1/176 177/1/177 178/1/178 
f 178/1/178 175/1/175 176/1/176 
f 175/1/175 178/1/178 179/1/179 
f 179/1/179 180/1/180 175/1/175 
f 180/1/180 137/1/137 136/1/136 
f 181/1/181 182/1/182 183/1/183 
f 183/1/183 184/1/184 181/1/181 
f 184/1/184 179/1/179 178/1/178 
f 178/1/178 181/1/181 184/1/184 
f 181/1/181 178/1/178 177/1/177 
f 177/1/177 185/1/185 181/1/181 
f 185/1/185 186/1/186 182/1/182 
f 182/1/182 181/1/181 185/1/185 
f 187/1/187 188/1/188 189/1/189 
f 189/1/189 190/1/190 187/1/187 
f 190/1/190 191/1/191 192/1/192 
f 192/1/192 187/1/187 190/1/190 
f 187/1/187 192/1/192 69/1/69 
f 69/1/69 68/1/68 187/1/187 
f 68/1/68 67/1/67 188/1/188 
f 188/1/188 187/1/187 68/1/68 
f 193/1/193 192/1/192 191/1/191 
f 191/1/191 194/1/194 193/1/193 
f 194/1/194 195/1/195 196/1/196 
f 196/1/196 193/1/193 194/1/194 
f 193/1/193 196/1/196 197/1/197 
f 197/1/197 198/1/198 193/1/193 
f 198/1/198 69/1/69 192/1/192 
f 192/1/192 193/1/193 198/1/198 
f 199/1/199 196/1/196 195/1/195 
f 195/1/195 200/1/200 199/1/199 
f 200/1/200 201/1/201 202/1/202 
f 202/1/202 199/1/199 200/1/200 
f 199/1/199 202/1/202 203/1/203 
f 203/1/203 204/1/204 199/1/199 
f 204/1/204 197/1/197 196/1/196 
f 196/1/196 199/1/199 204/1/204 
f 205/1/205 202/1/202 201/1/201 
f 201/1/201 206/1/206 205/1/205 
f 206/1/206 207/1/207 208/1/208 
f 208/1/208 205/1/205 206/1/206 
f 205/1/205 208/1/208 209/1/209 
f 209/1/209 210/1/210 205/1/205 
f 210/1/210 203/1/203 202/1/202 
f 202/1/202 205/1/205 210/1/210 
f 211/1/211 212/1/212 213/1/213 
f 214/1/214 215/1/215 211/1/211 
f 215/1/215 216/1/216 217/1/217 
f 217/1/217 211/1/211 215/1/215 
f 217/1/217 218/1/218 212/1/212 
f 219/1/219 220/1/220 221/1/221 
f 221/1/221 222/1/222 219/1/219 
f 222/1/222 223/1/223 224/1/224 
f 224/1/224 219/1/219 222/1/222 
f 219/1/219 224/1/224 225/1/225 
f 225/1/225 226/1/226 219/1/219 
f 226/1/226 227/1/227 220/1/220 
f 220/1/220 219/1/219 226/1/226 
f 228/1/228 229/1/229 230/1/230 
f 230/1/230 231/1/231 228/1/228 
f 231/1/231 232/1/232 233/1/233 
f 233/1/233 228/1/228 231/1/231 
f 228/1/228 233/1/233 234/1/234 
f 234/1/234 235/1/235 228/1/228 
f 235/1/235 236/1/236 229/1/229 
f 229/1/229 228/1/228 235/1/235 
f 237/1/237 238/1/238 239/1/239 
f 239/1/239 240/1/240 237/1/237 
f 240/1/240 241/1/241 242/1/242 
f 242/1/242 237/1/237 240/1/240 
f 237/1/237 242/1/242 243/1/243 
f 243/1/243 244/1/244 237/1/237 
f 244/1/244 245/1/245 238/1/238 
f 238/1/238 237/1/237 244/1/244 
f 246/1/246 247/1/247 248/1/248 
f 248/1/248 249/1/249 246/1/246 
f 249/1/249 250/1/250 251/1/251 
f 251/1/251 246/1/246 249/1/249 
f 246/1/246 251/1/251 232/1/232 
f 232/1/232 231/1/231 246/1/246 
f 231/1/231 230/1/230 247/1/247 
f 247/1/247 246/1/246 231/1/231 
f 252/1/252 253/1/253 254/1/254 
f 254/1/254 255/1/255 252/1/252 
f 255/1/255 256/1/256 257/1/257 
f 257/1/257 252/1/252 255/1/255 
f 257/1/257 258/1/258 259/1/259 
f 259/1/259 252/1/252 257/1/257 
f 259/1/259 124/1/124 253/1/253 
f 253/1/253 252/1/252 259/1/259 
f 260/1/260 151/1/151 150/1/150 
f 150/1/150 261/1/261 260/1/260 
f 261/1/261 262/1/262 263/1/263 
f 263/1/263 260/1/260 261/1/261 
f 263/1/263 264/1/264 265/1/265 
f 265/1/265 260/1/260 263/1/263 
f 265/1/265 152/1/152 151/1/151 
f 151/1/151 260/1/260 265/1/265 
f 266/1/266 267/1/267 268/1/268 
f 268/1/268 269/1/269 266/1/266 
f 269/1/269 270/1/270 271/1/271 
f 271/1/271 266/1/266 269/1/269 
f 266/1/266 271/1/271 183/1/183 
f 182/1/182 186/1/186 267/1/267 
f 272/1/272 273/1/273 274/1/274 
f 274/1/274 275/1/275 272/1/272 
f 275/1/275 230/1/230 229/1/229 
f 229/1/229 272/1/272 275/1/275 
f 272/1/272 229/1/229 236/1/236 
f 236/1/236 276/1/276 272/1/272 
f 276/1/276 277/1/277 273/1/273 
f 273/1/273 272/1/272 276/1/276 
f 278/1/278 279/1/279 280/1/280 
f 280/1/280 281/1/281 278/1/278 
f 281/1/281 282/1/282 283/1/283 
f 283/1/283 278/1/278 281/1/281 
f 278/1/278 283/1/283 92/1/92 
f 92/1/92 91/1/91 278/1/278 
f 91/1/91 84/1/84 279/1/279 
f 279/1/279 278/1/278 91/1/91 
f 284/1/284 285/1/285 191/1/191 
f 191/1/191 190/1/190 284/1/284 
f 190/1/190 189/1/189 286/1/286 
f 286/1/286 284/1/284 190/1/190 
f 284/1/284 286/1/286 282/1/282 
f 282/1/282 281/1/281 284/1/284 
f 281/1/281 280/1/280 285/1/285 
f 285/1/285 284/1/284 281/1/281 
f 287/1/287 288/1/288 289/1/289 
f 289/1/289 290/1/290 287/1/287 
f 290/1/290 280/1/280 279/1/279 
f 279/1/279 287/1/287 290/1/290 
f 287/1/287 279/1/279 84/1/84 
f 84/1/84 83/1/83 287/1/287 
f 83/1/83 82/1/82 288/1/288 
f 288/1/288 287/1/287 83/1/83 
f 291/1/291 292/1/292 195/1/195 
f 195/1/195 194/1/194 291/1/291 
f 194/1/194 191/1/191 285/1/285 
f 285/1/285 291/1/291 194/1/194 
f 291/1/291 285/1/285 280/1/280 
f 280/1/280 290/1/290 291/1/291 
f 290/1/290 289/1/289 292/1/292 
f 292/1/292 291/1/291 290/1/290 
f 293/1/293 294/1/294 295/1/295 
f 296/1/296 289/1/289 288/1/288 
f 288/1/288 293/1/293 296/1/296 
f 293/1/293 288/1/288 82/1/82 
f 82/1/82 105/1/105 293/1/293 
f 105/1/105 104/1/104 294/1/294 
f 294/1/294 293/1/293 105/1/105 
f 297/1/297 298/1/298 201/1/201 
f 201/1/201 200/1/200 297/1/297 
f 200/1/200 195/1/195 292/1/292 
f 292/1/292 297/1/297 200/1/200 
f 297/1/297 292/1/292 289/1/289 
f 289/1/289 296/1/296 297/1/297 
f 296/1/296 295/1/295 298/1/298 
f 298/1/298 297/1/297 296/1/296 
f 299/1/299 300/1/300 301/1/301 
f 301/1/301 302/1/302 299/1/299 
f 302/1/302 295/1/295 294/1/294 
f 294/1/294 299/1/299 302/1/302 
f 299/1/299 294/1/294 104/1/104 
f 104/1/104 303/1/303 299/1/299 
f 303/1/303 304/1/304 300/1/300 
f 300/1/300 299/1/299 303/1/303 
f 305/1/305 306/1/306 207/1/207 
f 207/1/207 206/1/206 305/1/305 
f 206/1/206 201/1/201 298/1/298 
f 298/1/298 305/1/305 206/1/206 
f 305/1/305 298/1/298 295/1/295 
f 295/1/295 302/1/302 305/1/305 
f 302/1/302 301/1/301 306/1/306 
f 306/1/306 305/1/305 302/1/302 
f 307/1/307 308/1/308 309/1/309 
f 309/1/309 310/1/310 307/1/307 
f 310/1/310 311/1/311 312/1/312 
f 312/1/312 307/1/307 310/1/310 
f 307/1/307 312/1/312 258/1/258 
f 258/1/258 257/1/257 307/1/307 
f 257/1/257 256/1/256 308/1/308 
f 308/1/308 307/1/307 257/1/257 
f 313/1/313 314/1/314 216/1/216 
f 216/1/216 215/1/215 313/1/313 
f 215/1/215 214/1/214 315/1/315 
f 313/1/313 315/1/315 311/1/311 
f 311/1/311 310/1/310 313/1/313 
f 310/1/310 309/1/309 314/1/314 
f 314/1/314 313/1/313 310/1/310 
f 316/1/316 169/1/169 172/1/172 
f 172/1/172 317/1/317 316/1/316 
f 317/1/317 318/1/318 319/1/319 
f 319/1/319 316/1/316 317/1/317 
f 316/1/316 319/1/319 320/1/320 
f 320/1/320 321/1/321 316/1/316 
f 321/1/321 173/1/173 169/1/169 
f 169/1/169 316/1/316 321/1/321 
f 222/1/222 221/1/221 322/1/322 
f 322/1/322 323/1/323 222/1/222 
f 322/1/322 320/1/320 319/1/319 
f 319/1/319 323/1/323 322/1/322 
f 323/1/323 319/1/319 318/1/318 
f 318/1/318 324/1/324 323/1/323 
f 324/1/324 223/1/223 222/1/222 
f 222/1/222 323/1/323 324/1/324 
f 325/1/325 269/1/269 268/1/268 
f 326/1/326 274/1/274 273/1/273 
f 273/1/273 325/1/325 326/1/326 
f 325/1/325 273/1/273 277/1/277 
f 277/1/277 327/1/327 325/1/325 
f 327/1/327 270/1/270 269/1/269 
f 269/1/269 325/1/325 327/1/327 
f 328/1/328 247/1/247 230/1/230 
f 230/1/230 275/1/275 328/1/328 
f 275/1/275 274/1/274 329/1/329 
f 329/1/329 328/1/328 275/1/275 
f 328/1/328 329/1/329 330/1/330 
f 330/1/330 331/1/331 328/1/328 
f 331/1/331 248/1/248 247/1/247 
f 247/1/247 328/1/328 331/1/331 
f 332/1/332 333/1/333 334/1/334 
f 334/1/334 335/1/335 332/1/332 
f 335/1/335 336/1/336 337/1/337 
f 337/1/337 332/1/332 335/1/335 
f 332/1/332 337/1/337 338/1/338 
f 338/1/338 339/1/339 332/1/332 
f 339/1/339 340/1/340 333/1/333 
f 333/1/333 332/1/332 339/1/339 
f 341/1/341 342/1/342 343/1/343 
f 343/1/343 344/1/344 341/1/341 
f 344/1/344 345/1/345 346/1/346 
f 346/1/346 341/1/341 344/1/344 
f 341/1/341 346/1/346 347/1/347 
f 347/1/347 348/1/348 341/1/341 
f 348/1/348 349/1/349 342/1/342 
f 342/1/342 341/1/341 348/1/348 
f 350/1/350 351/1/351 352/1/352 
f 352/1/352 353/1/353 350/1/350 
f 353/1/353 354/1/354 355/1/355 
f 355/1/355 350/1/350 353/1/353 
f 350/1/350 355/1/355 345/1/345 
f 345/1/345 344/1/344 350/1/350 
f 344/1/344 343/1/343 351/1/351 
f 351/1/351 350/1/350 344/1/344 
f 356/1/356 333/1/333 340/1/340 
f 340/1/340 357/1/357 356/1/356 
f 357/1/357 358/1/358 359/1/359 
f 359/1/359 356/1/356 357/1/357 
f 356/1/356 359/1/359 360/1/360 
f 360/1/360 361/1/361 356/1/356 
f 361/1/361 334/1/334 333/1/333 
f 333/1/333 356/1/356 361/1/361 
f 362/1/362 363/1/363 340/1/340 
f 340/1/340 339/1/339 362/1/362 
f 339/1/339 338/1/338 364/1/364 
f 364/1/364 362/1/362 339/1/339 
f 362/1/362 364/1/364 365/1/365 
f 365/1/365 366/1/366 362/1/362 
f 366/1/366 367/1/367 363/1/363 
f 368/1/368 369/1/369 347/1/347 
f 370/1/370 371/1/371 372/1/372 
f 372/1/372 368/1/368 370/1/370 
f 364/1/364 368/1/368 372/1/372 
f 372/1/372 365/1/365 364/1/364 
f 364/1/364 338/1/338 369/1/369 
f 369/1/369 368/1/368 364/1/364 
f 373/1/373 346/1/346 345/1/345 
f 345/1/345 374/1/374 373/1/373 
f 374/1/374 375/1/375 376/1/376 
f 376/1/376 373/1/373 374/1/374 
f 373/1/373 376/1/376 371/1/371 
f 371/1/371 370/1/370 373/1/373 
f 370/1/370 347/1/347 346/1/346 
f 346/1/346 373/1/373 370/1/370 
f 377/1/377 355/1/355 354/1/354 
f 354/1/354 378/1/378 377/1/377 
f 378/1/378 379/1/379 380/1/380 
f 380/1/380 377/1/377 378/1/378 
f 377/1/377 380/1/380 375/1/375 
f 375/1/375 374/1/374 377/1/377 
f 374/1/374 345/1/345 355/1/355 
f 355/1/355 377/1/377 374/1/374 
f 381/1/381 378/1/378 354/1/354 
f 354/1/354 382/1/382 381/1/381 
f 382/1/382 358/1/358 383/1/383 
f 383/1/383 381/1/381 382/1/382 
f 381/1/381 383/1/383 384/1/384 
f 384/1/384 385/1/385 381/1/381 
f 385/1/385 379/1/379 378/1/378 
f 378/1/378 381/1/381 385/1/385 
f 386/1/386 363/1/363 367/1/367 
f 367/1/367 387/1/387 386/1/386 
f 387/1/387 384/1/384 383/1/383 
f 386/1/386 383/1/383 358/1/358 
f 358/1/358 357/1/357 386/1/386 
f 357/1/357 340/1/340 363/1/363 
f 363/1/363 386/1/386 357/1/357 
f 388/1/388 389/1/389 367/1/367 
f 367/1/367 366/1/366 388/1/388 
f 366/1/366 365/1/365 390/1/390 
f 390/1/390 388/1/388 366/1/366 
f 388/1/388 390/1/390 391/1/391 
f 391/1/391 392/1/392 388/1/388 
f 392/1/392 393/1/393 389/1/389 
f 389/1/389 388/1/388 392/1/392 
f 394/1/394 390/1/390 365/1/365 
f 365/1/365 372/1/372 394/1/394 
f 395/1/395 394/1/394 372/1/372 
f 372/1/372 371/1/371 395/1/395 
f 394/1/394 395/1/395 396/1/396 
f 396/1/396 397/1/397 394/1/394 
f 397/1/397 391/1/391 390/1/390 
f 390/1/390 394/1/394 397/1/397 
f 398/1/398 376/1/376 375/1/375 
f 375/1/375 399/1/399 398/1/398 
f 399/1/399 400/1/400 401/1/401 
f 401/1/401 398/1/398 399/1/399 
f 398/1/398 401/1/401 396/1/396 
f 396/1/396 395/1/395 398/1/398 
f 395/1/395 371/1/371 376/1/376 
f 376/1/376 398/1/398 395/1/395 
f 402/1/402 380/1/380 379/1/379 
f 379/1/379 403/1/403 402/1/402 
f 403/1/403 404/1/404 405/1/405 
f 405/1/405 402/1/402 403/1/403 
f 402/1/402 405/1/405 400/1/400 
f 399/1/399 375/1/375 380/1/380 
f 380/1/380 402/1/402 399/1/399 
f 385/1/385 384/1/384 406/1/406 
f 406/1/406 407/1/407 385/1/385 
f 407/1/407 406/1/406 408/1/408 
f 408/1/408 409/1/409 407/1/407 
f 407/1/407 409/1/409 404/1/404 
f 404/1/404 403/1/403 407/1/407 
f 403/1/403 379/1/379 385/1/385 
f 385/1/385 407/1/407 403/1/403 
f 410/1/410 389/1/389 393/1/393 
f 393/1/393 411/1/411 410/1/410 
f 411/1/411 408/1/408 406/1/406 
f 406/1/406 410/1/410 411/1/411 
f 410/1/410 406/1/406 384/1/384 
f 384/1/384 387/1/387 410/1/410 
f 387/1/387 367/1/367 389/1/389 
f 412/1/412 413/1/413 414/1/414 
f 414/1/414 415/1/415 412/1/412 
f 412/1/412 415/1/415 416/1/416 
f 416/1/416 417/1/417 412/1/412 
f 412/1/412 417/1/417 418/1/418 
f 418/1/418 419/1/419 412/1/412 
f 419/1/419 420/1/420 413/1/413 
f 413/1/413 412/1/412 419/1/419 
f 421/1/421 422/1/422 423/1/423 
f 424/1/424 425/1/425 426/1/426 
f 426/1/426 421/1/421 424/1/424 
f 421/1/421 426/1/426 414/1/414 
f 414/1/414 427/1/427 421/1/421 
f 427/1/427 428/1/428 422/1/422 
f 422/1/422 421/1/421 427/1/427 
f 429/1/429 430/1/430 431/1/431 
f 431/1/431 432/1/432 429/1/429 
f 433/1/433 429/1/429 432/1/432 
f 432/1/432 434/1/434 433/1/433 
f 429/1/429 433/1/433 425/1/425 
f 425/1/425 424/1/424 429/1/429 
f 424/1/424 423/1/423 430/1/430 
f 430/1/430 429/1/429 424/1/424 
f 435/1/435 432/1/432 431/1/431 
f 431/1/431 436/1/436 435/1/435 
f 436/1/436 437/1/437 438/1/438 
f 438/1/438 435/1/435 436/1/436 
f 435/1/435 438/1/438 439/1/439 
f 439/1/439 440/1/440 435/1/435 
f 440/1/440 434/1/434 432/1/432 
f 432/1/432 435/1/435 440/1/440 
f 441/1/441 438/1/438 437/1/437 
f 437/1/437 442/1/442 441/1/441 
f 442/1/442 443/1/443 444/1/444 
f 444/1/444 441/1/441 442/1/442 
f 441/1/441 444/1/444 445/1/445 
f 445/1/445 446/1/446 441/1/441 
f 446/1/446 439/1/439 438/1/438 
f 438/1/438 441/1/441 446/1/446 
f 447/1/447 448/1/448 449/1/449 
f 450/1/450 420/1/420 451/1/451 
f 451/1/451 447/1/447 450/1/450 
f 451/1/451 445/1/445 444/1/444 
f 444/1/444 447/1/447 451/1/451 
f 443/1/443 448/1/448 447/1/447 
f 447/1/447 444/1/444 443/1/443 
f 452/1/452 413/1/413 420/1/420 
f 420/1/420 450/1/450 452/1/452 
f 452/1/452 450/1/450 449/1/449 
f 449/1/449 453/1/453 452/1/452 
f 452/1/452 453/1/453 428/1/428 
f 427/1/427 414/1/414 413/1/413 
f 413/1/413 452/1/452 427/1/427 
f 454/1/454 455/1/455 391/1/391 
f 391/1/391 397/1/397 454/1/454 
f 397/1/397 396/1/396 456/1/456 
f 456/1/456 454/1/454 397/1/397 
f 456/1/456 457/1/457 458/1/458 
f 458/1/458 454/1/454 456/1/456 
f 458/1/458 459/1/459 455/1/455 
f 455/1/455 454/1/454 458/1/458 
f 460/1/460 461/1/461 457/1/457 
f 457/1/457 456/1/456 460/1/460 
f 456/1/456 396/1/396 401/1/401 
f 401/1/401 460/1/460 456/1/456 
f 460/1/460 401/1/401 400/1/400 
f 400/1/400 462/1/462 460/1/460 
f 462/1/462 463/1/463 461/1/461 
f 461/1/461 460/1/460 462/1/462 
f 464/1/464 405/1/405 404/1/404 
f 404/1/404 465/1/465 464/1/464 
f 465/1/465 466/1/466 467/1/467 
f 467/1/467 464/1/464 465/1/465 
f 464/1/464 467/1/467 463/1/463 
f 463/1/463 462/1/462 464/1/464 
f 462/1/462 400/1/400 405/1/405 
f 405/1/405 464/1/464 462/1/462 
f 468/1/468 409/1/409 408/1/408 
f 408/1/408 469/1/469 468/1/468 
f 469/1/469 470/1/470 471/1/471 
f 471/1/471 468/1/468 469/1/469 
f 468/1/468 471/1/471 466/1/466 
f 466/1/466 465/1/465 468/1/468 
f 465/1/465 404/1/404 409/1/409 
f 409/1/409 468/1/468 465/1/465 
f 472/1/472 469/1/469 408/1/408 
f 408/1/408 411/1/411 472/1/472 
f 411/1/411 393/1/393 473/1/473 
f 473/1/473 472/1/472 411/1/411 
f 472/1/472 473/1/473 474/1/474 
f 474/1/474 475/1/475 472/1/472 
f 469/1/469 472/1/472 475/1/475 
f 475/1/475 470/1/470 469/1/469 
f 476/1/476 455/1/455 459/1/459 
f 459/1/459 477/1/477 476/1/476 
f 477/1/477 474/1/474 473/1/473 
f 476/1/476 473/1/473 393/1/393 
f 393/1/393 392/1/392 476/1/476 
f 392/1/392 391/1/391 455/1/455 
f 455/1/455 476/1/476 392/1/392 
f 478/1/478 458/1/458 457/1/457 
f 457/1/457 479/1/479 478/1/478 
f 479/1/479 480/1/480 481/1/481 
f 481/1/481 478/1/478 479/1/479 
f 478/1/478 481/1/481 482/1/482 
f 478/1/478 483/1/483 459/1/459 
f 459/1/459 458/1/458 478/1/478 
f 484/1/484 430/1/430 423/1/423 
f 423/1/423 485/1/485 484/1/484 
f 485/1/485 486/1/486 487/1/487 
f 487/1/487 484/1/484 485/1/485 
f 484/1/484 487/1/487 488/1/488 
f 488/1/488 489/1/489 484/1/484 
f 489/1/489 431/1/431 430/1/430 
f 430/1/430 484/1/484 489/1/489 
f 490/1/490 491/1/491 492/1/492 
f 492/1/492 493/1/493 490/1/490 
f 493/1/493 494/1/494 495/1/495 
f 495/1/495 490/1/490 493/1/493 
f 490/1/490 495/1/495 488/1/488 
f 496/1/496 480/1/480 491/1/491 
f 491/1/491 490/1/490 496/1/496 
f 497/1/497 461/1/461 463/1/463 
f 463/1/463 498/1/498 497/1/497 
f 498/1/498 492/1/492 491/1/491 
f 491/1/491 497/1/497 498/1/498 
f 497/1/497 491/1/491 480/1/480 
f 480/1/480 479/1/479 497/1/497 
f 479/1/479 457/1/457 461/1/461 
f 461/1/461 497/1/497 479/1/479 
f 489/1/489 488/1/488 495/1/495 
f 495/1/495 499/1/499 489/1/489 
f 495/1/495 494/1/494 500/1/500 
f 500/1/500 499/1/499 495/1/495 
f 500/1/500 437/1/437 436/1/436 
f 436/1/436 499/1/499 500/1/500 
f 499/1/499 436/1/436 431/1/431 
f 431/1/431 489/1/489 499/1/499 
f 501/1/501 467/1/467 466/1/466 
f 466/1/466 502/1/502 501/1/501 
f 501/1/501 503/1/503 492/1/492 
f 492/1/492 498/1/498 501/1/501 
f 498/1/498 463/1/463 467/1/467 
f 467/1/467 501/1/501 498/1/498 
f 504/1/504 471/1/471 470/1/470 
f 470/1/470 505/1/505 504/1/504 
f 505/1/505 506/1/506 507/1/507 
f 507/1/507 504/1/504 505/1/505 
f 504/1/504 507/1/507 508/1/508 
f 508/1/508 502/1/502 504/1/504 
f 502/1/502 466/1/466 471/1/471 
f 471/1/471 504/1/504 502/1/502 
f 487/1/487 486/1/486 509/1/509 
f 509/1/509 482/1/482 481/1/481 
f 510/1/510 481/1/481 480/1/480 
f 496/1/496 488/1/488 487/1/487 
f 511/1/511 512/1/512 513/1/513 
f 513/1/513 514/1/514 511/1/511 
f 514/1/514 443/1/443 442/1/442 
f 442/1/442 511/1/511 514/1/514 
f 511/1/511 442/1/442 437/1/437 
f 437/1/437 500/1/500 511/1/511 
f 500/1/500 494/1/494 512/1/512 
f 512/1/512 511/1/511 500/1/500 
f 515/1/515 516/1/516 517/1/517 
f 518/1/518 519/1/519 520/1/520 
f 515/1/515 520/1/520 513/1/513 
f 513/1/513 521/1/521 515/1/515 
f 521/1/521 522/1/522 516/1/516 
f 516/1/516 515/1/515 521/1/521 
f 523/1/523 520/1/520 519/1/519 
f 524/1/524 449/1/449 448/1/448 
f 448/1/448 523/1/523 524/1/524 
f 523/1/523 448/1/448 443/1/443 
f 443/1/443 514/1/514 523/1/523 
f 514/1/514 513/1/513 520/1/520 
f 520/1/520 523/1/523 514/1/514 
f 524/1/524 519/1/519 525/1/525 
f 525/1/525 526/1/526 524/1/524 
f 525/1/525 527/1/527 528/1/528 
f 528/1/528 526/1/526 525/1/525 
f 526/1/526 528/1/528 428/1/428 
f 428/1/428 453/1/453 526/1/526 
f 453/1/453 449/1/449 524/1/524 
f 529/1/529 422/1/422 428/1/428 
f 428/1/428 528/1/528 529/1/529 
f 528/1/528 527/1/527 530/1/530 
f 530/1/530 529/1/529 528/1/528 
f 529/1/529 530/1/530 486/1/486 
f 486/1/486 485/1/485 529/1/529 
f 485/1/485 423/1/423 422/1/422 
f 531/1/531 530/1/530 527/1/527 
f 527/1/527 532/1/532 531/1/531 
f 532/1/532 533/1/533 534/1/534 
f 534/1/534 531/1/531 532/1/532 
f 531/1/531 534/1/534 535/1/535 
f 535/1/535 536/1/536 531/1/531 
f 536/1/536 486/1/486 530/1/530 
f 530/1/530 531/1/531 536/1/536 
f 537/1/537 534/1/534 533/1/533 
f 538/1/538 539/1/539 540/1/540 
f 540/1/540 537/1/537 538/1/538 
f 537/1/537 540/1/540 541/1/541 
f 541/1/541 542/1/542 537/1/537 
f 542/1/542 535/1/535 534/1/534 
f 534/1/534 537/1/537 542/1/542 
f 543/1/543 544/1/544 545/1/545 
f 545/1/545 546/1/546 543/1/543 
f 543/1/543 546/1/546 547/1/547 
f 547/1/547 548/1/548 543/1/543 
f 543/1/543 548/1/548 549/1/549 
f 550/1/550 551/1/551 547/1/547 
f 547/1/547 546/1/546 550/1/550 
f 546/1/546 545/1/545 552/1/552 
f 552/1/552 550/1/550 546/1/546 
f 550/1/550 552/1/552 539/1/539 
f 539/1/539 538/1/538 550/1/550 
f 538/1/538 533/1/533 551/1/551 
f 551/1/551 550/1/550 538/1/538 
f 553/1/553 554/1/554 555/1/555 
f 555/1/555 556/1/556 553/1/553 
f 556/1/556 557/1/557 558/1/558 
f 558/1/558 553/1/553 556/1/556 
f 553/1/553 558/1/558 559/1/559 
f 560/1/560 561/1/561 554/1/554 
f 562/1/562 563/1/563 564/1/564 
f 564/1/564 565/1/565 562/1/562 
f 565/1/565 564/1/564 557/1/557 
f 557/1/557 556/1/556 565/1/565 
f 556/1/556 555/1/555 566/1/566 
f 566/1/566 565/1/565 556/1/556 
f 566/1/566 549/1/549 562/1/562 
f 562/1/562 565/1/565 566/1/566 
f 567/1/567 564/1/564 563/1/563 
f 563/1/563 568/1/568 567/1/567 
f 568/1/568 569/1/569 570/1/570 
f 570/1/570 567/1/567 568/1/568 
f 567/1/567 570/1/570 571/1/571 
f 571/1/571 572/1/572 567/1/567 
f 572/1/572 557/1/557 564/1/564 
f 564/1/564 567/1/567 572/1/572 
f 573/1/573 574/1/574 575/1/575 
f 575/1/575 576/1/576 573/1/573 
f 576/1/576 519/1/519 518/1/518 
f 573/1/573 518/1/518 517/1/517 
f 517/1/517 577/1/577 573/1/573 
f 577/1/577 578/1/578 574/1/574 
f 574/1/574 573/1/573 577/1/577 
f 579/1/579 580/1/580 581/1/581 
f 582/1/582 527/1/527 525/1/525 
f 579/1/579 525/1/525 519/1/519 
f 519/1/519 576/1/576 579/1/579 
f 576/1/576 575/1/575 580/1/580 
f 583/1/583 581/1/581 580/1/580 
f 584/1/584 580/1/580 575/1/575 
f 575/1/575 585/1/585 584/1/584 
f 584/1/584 585/1/585 586/1/586 
f 586/1/586 583/1/583 584/1/584 
f 587/1/587 582/1/582 581/1/581 
f 588/1/588 547/1/547 551/1/551 
f 551/1/551 587/1/587 588/1/588 
f 587/1/587 551/1/551 533/1/533 
f 533/1/533 532/1/532 587/1/587 
f 532/1/532 527/1/527 582/1/582 
f 589/1/589 548/1/548 547/1/547 
f 588/1/588 581/1/581 590/1/590 
f 590/1/590 589/1/589 588/1/588 
f 590/1/590 591/1/591 592/1/592 
f 592/1/592 549/1/549 548/1/548 
f 593/1/593 591/1/591 590/1/590 
f 590/1/590 594/1/594 593/1/593 
f 590/1/590 581/1/581 583/1/583 
f 583/1/583 594/1/594 590/1/590 
f 594/1/594 583/1/583 586/1/586 
f 586/1/586 595/1/595 594/1/594 
f 595/1/595 596/1/596 593/1/593 
f 593/1/593 594/1/594 595/1/595 
f 597/1/597 592/1/592 591/1/591 
f 591/1/591 598/1/598 597/1/597 
f 598/1/598 599/1/599 600/1/600 
f 597/1/597 600/1/600 563/1/563 
f 563/1/563 562/1/562 597/1/597 
f 562/1/562 549/1/549 592/1/592 
f 592/1/592 597/1/597 562/1/562 
f 601/1/601 602/1/602 603/1/603 
f 603/1/603 604/1/604 601/1/601 
f 604/1/604 605/1/605 606/1/606 
f 606/1/606 601/1/601 604/1/604 
f 601/1/601 606/1/606 599/1/599 
f 599/1/599 598/1/598 601/1/601 
f 598/1/598 591/1/591 602/1/602 
f 602/1/602 601/1/601 598/1/598 
f 607/1/607 608/1/608 609/1/609 
f 609/1/609 610/1/610 607/1/607 
f 607/1/607 610/1/610 611/1/611 
f 611/1/611 612/1/612 607/1/607 
f 612/1/612 613/1/613 614/1/614 
f 614/1/614 607/1/607 612/1/612 
f 614/1/614 569/1/569 608/1/608 
f 615/1/615 600/1/600 599/1/599 
f 615/1/615 616/1/616 609/1/609 
f 609/1/609 608/1/608 615/1/615 
f 615/1/615 608/1/608 569/1/569 
f 568/1/568 563/1/563 600/1/600 
f 600/1/600 615/1/615 568/1/568 
f 617/1/617 612/1/612 611/1/611 
f 611/1/611 618/1/618 617/1/617 
f 617/1/617 618/1/618 619/1/619 
f 619/1/619 620/1/620 617/1/617 
f 620/1/620 596/1/596 621/1/621 
f 621/1/621 617/1/617 620/1/620 
f 617/1/617 621/1/621 613/1/613 
f 613/1/613 612/1/612 617/1/617 
f 622/1/622 623/1/623 624/1/624 
f 624/1/624 625/1/625 622/1/622 
f 625/1/625 609/1/609 616/1/616 
f 616/1/616 622/1/622 625/1/625 
f 616/1/616 599/1/599 606/1/606 
f 622/1/622 606/1/606 605/1/605 
f 605/1/605 623/1/623 622/1/622 
f 626/1/626 593/1/593 596/1/596 
f 596/1/596 620/1/620 626/1/626 
f 620/1/620 619/1/619 627/1/627 
f 627/1/627 626/1/626 620/1/620 
f 626/1/626 627/1/627 603/1/603 
f 603/1/603 602/1/602 626/1/626 
f 602/1/602 591/1/591 593/1/593 
f 593/1/593 626/1/626 602/1/602 
f 628/1/628 627/1/627 619/1/619 
f 623/1/623 628/1/628 629/1/629 
f 629/1/629 624/1/624 623/1/623 
f 628/1/628 623/1/623 605/1/605 
f 605/1/605 604/1/604 628/1/628 
f 604/1/604 603/1/603 627/1/627 
f 630/1/630 625/1/625 624/1/624 
f 629/1/629 619/1/619 618/1/618 
f 630/1/630 618/1/618 611/1/611 
f 610/1/610 609/1/609 625/1/625 
f 631/1/631 632/1/632 633/1/633 
f 633/1/633 634/1/634 631/1/631 
f 634/1/634 57/1/57 56/1/56 
f 56/1/56 631/1/631 634/1/634 
f 631/1/631 56/1/56 44/1/44 
f 44/1/44 62/1/62 631/1/631 
f 62/1/62 61/1/61 632/1/632 
f 632/1/632 631/1/631 62/1/62 
f 635/1/635 133/1/133 57/1/57 
f 57/1/57 634/1/634 635/1/635 
f 634/1/634 633/1/633 636/1/636 
f 636/1/636 635/1/635 634/1/634 
f 635/1/635 636/1/636 637/1/637 
f 637/1/637 638/1/638 635/1/635 
f 638/1/638 135/1/135 133/1/133 
f 133/1/133 635/1/635 638/1/638 
f 639/1/639 636/1/636 633/1/633 
f 633/1/633 640/1/640 639/1/639 
f 640/1/640 641/1/641 642/1/642 
f 642/1/642 639/1/639 640/1/640 
f 639/1/639 642/1/642 643/1/643 
f 643/1/643 644/1/644 639/1/639 
f 644/1/644 637/1/637 636/1/636 
f 636/1/636 639/1/639 644/1/644 
f 638/1/638 637/1/637 645/1/645 
f 645/1/645 646/1/646 638/1/638 
f 646/1/646 645/1/645 647/1/647 
f 647/1/647 648/1/648 646/1/646 
f 646/1/646 648/1/648 177/1/177 
f 177/1/177 176/1/176 646/1/646 
f 176/1/176 135/1/135 638/1/638 
f 638/1/638 646/1/646 176/1/176 
f 649/1/649 644/1/644 643/1/643 
f 643/1/643 650/1/650 649/1/649 
f 650/1/650 651/1/651 652/1/652 
f 652/1/652 649/1/649 650/1/650 
f 649/1/649 652/1/652 647/1/647 
f 647/1/647 645/1/645 649/1/649 
f 649/1/649 645/1/645 637/1/637 
f 637/1/637 644/1/644 649/1/649 
f 648/1/648 647/1/647 653/1/653 
f 653/1/653 654/1/654 648/1/648 
f 654/1/654 653/1/653 655/1/655 
f 656/1/656 186/1/186 185/1/185 
f 185/1/185 177/1/177 648/1/648 
f 648/1/648 654/1/654 185/1/185 
f 657/1/657 653/1/653 647/1/647 
f 647/1/647 652/1/652 657/1/657 
f 657/1/657 652/1/652 651/1/651 
f 651/1/651 658/1/658 657/1/657 
f 658/1/658 659/1/659 660/1/660 
f 660/1/660 657/1/657 658/1/658 
f 660/1/660 655/1/655 653/1/653 
f 653/1/653 657/1/657 660/1/660 
f 661/1/661 662/1/662 663/1/663 
f 663/1/663 664/1/664 661/1/661 
f 664/1/664 330/1/330 329/1/329 
f 329/1/329 661/1/661 664/1/664 
f 661/1/661 329/1/329 274/1/274 
f 274/1/274 326/1/326 661/1/661 
f 661/1/661 326/1/326 268/1/268 
f 665/1/665 666/1/666 663/1/663 
f 662/1/662 268/1/268 267/1/267 
f 665/1/665 267/1/267 186/1/186 
f 656/1/656 655/1/655 666/1/666 
f 667/1/667 666/1/666 655/1/655 
f 655/1/655 660/1/660 667/1/667 
f 667/1/667 660/1/660 659/1/659 
f 659/1/659 668/1/668 667/1/667 
f 668/1/668 669/1/669 670/1/670 
f 670/1/670 667/1/667 668/1/668 
f 667/1/667 670/1/670 663/1/663 
f 663/1/663 666/1/666 667/1/667 
f 671/1/671 632/1/632 61/1/61 
f 61/1/61 672/1/672 671/1/671 
f 672/1/672 673/1/673 674/1/674 
f 674/1/674 671/1/671 672/1/672 
f 671/1/671 674/1/674 641/1/641 
f 641/1/641 640/1/640 671/1/671 
f 640/1/640 633/1/633 632/1/632 
f 632/1/632 671/1/671 640/1/640 
f 672/1/672 675/1/675 676/1/676 
f 676/1/676 673/1/673 672/1/672 
f 672/1/672 61/1/61 60/1/60 
f 60/1/60 675/1/675 672/1/672 
f 675/1/675 60/1/60 64/1/64 
f 64/1/64 677/1/677 675/1/675 
f 677/1/677 678/1/678 676/1/676 
f 676/1/676 675/1/675 677/1/677 
f 679/1/679 680/1/680 681/1/681 
f 681/1/681 682/1/682 679/1/679 
f 681/1/681 673/1/673 676/1/676 
f 676/1/676 682/1/682 681/1/681 
f 682/1/682 676/1/676 678/1/678 
f 678/1/678 683/1/683 682/1/682 
f 679/1/679 682/1/682 683/1/683 
f 683/1/683 684/1/684 679/1/679 
f 685/1/685 641/1/641 674/1/674 
f 674/1/674 686/1/686 685/1/685 
f 674/1/674 673/1/673 687/1/687 
f 687/1/687 686/1/686 674/1/674 
f 686/1/686 687/1/687 688/1/688 
f 688/1/688 685/1/685 686/1/686 
f 689/1/689 681/1/681 680/1/680 
f 680/1/680 690/1/690 689/1/689 
f 690/1/690 691/1/691 692/1/692 
f 692/1/692 689/1/689 690/1/690 
f 692/1/692 688/1/688 687/1/687 
f 687/1/687 689/1/689 692/1/692 
f 689/1/689 687/1/687 673/1/673 
f 693/1/693 694/1/694 695/1/695 
f 695/1/695 696/1/696 693/1/693 
f 695/1/695 643/1/643 642/1/642 
f 642/1/642 696/1/696 695/1/695 
f 696/1/696 642/1/642 641/1/641 
f 641/1/641 685/1/685 696/1/696 
f 685/1/685 688/1/688 693/1/693 
f 693/1/693 696/1/696 685/1/685 
f 697/1/697 698/1/698 699/1/699 
f 699/1/699 700/1/700 697/1/697 
f 700/1/700 701/1/701 702/1/702 
f 702/1/702 697/1/697 700/1/700 
f 697/1/697 702/1/702 691/1/691 
f 691/1/691 690/1/690 697/1/697 
f 690/1/690 680/1/680 698/1/698 
f 698/1/698 697/1/697 690/1/690 
f 703/1/703 704/1/704 701/1/701 
f 701/1/701 700/1/700 703/1/703 
f 700/1/700 699/1/699 705/1/705 
f 705/1/705 703/1/703 700/1/700 
f 703/1/703 705/1/705 7/1/7 
f 7/1/7 13/1/13 703/1/703 
f 13/1/13 12/1/12 704/1/704 
f 704/1/704 703/1/703 13/1/13 
f 706/1/706 707/1/707 708/1/708 
f 708/1/708 709/1/709 706/1/706 
f 693/1/693 709/1/709 708/1/708 
f 708/1/708 694/1/694 693/1/693 
f 709/1/709 693/1/693 688/1/688 
f 688/1/688 692/1/692 709/1/709 
f 709/1/709 692/1/692 691/1/691 
f 691/1/691 706/1/706 709/1/709 
f 706/1/706 691/1/691 702/1/702 
f 702/1/702 710/1/710 706/1/706 
f 710/1/710 702/1/702 701/1/701 
f 701/1/701 711/1/711 710/1/710 
f 710/1/710 711/1/711 707/1/707 
f 707/1/707 706/1/706 710/1/710 
f 712/1/712 704/1/704 12/1/12 
f 12/1/12 89/1/89 712/1/712 
f 712/1/712 89/1/89 88/1/88 
f 88/1/88 713/1/713 712/1/712 
f 712/1/712 713/1/713 714/1/714 
f 714/1/714 715/1/715 712/1/712 
f 715/1/715 701/1/701 704/1/704 
f 704/1/704 712/1/712 715/1/715 
f 716/1/716 695/1/695 694/1/694 
f 694/1/694 717/1/717 716/1/716 
f 717/1/717 718/1/718 719/1/719 
f 719/1/719 716/1/716 717/1/717 
f 716/1/716 719/1/719 651/1/651 
f 651/1/651 650/1/650 716/1/716 
f 650/1/650 643/1/643 695/1/695 
f 695/1/695 716/1/716 650/1/650 
f 715/1/715 714/1/714 720/1/720 
f 720/1/720 721/1/721 715/1/715 
f 720/1/720 722/1/722 723/1/723 
f 723/1/723 721/1/721 720/1/720 
f 721/1/721 723/1/723 707/1/707 
f 707/1/707 711/1/711 721/1/721 
f 711/1/711 701/1/701 715/1/715 
f 715/1/715 721/1/721 711/1/711 
f 724/1/724 723/1/723 722/1/722 
f 722/1/722 725/1/725 724/1/724 
f 725/1/725 718/1/718 717/1/717 
f 717/1/717 724/1/724 725/1/725 
f 717/1/717 694/1/694 708/1/708 
f 708/1/708 724/1/724 717/1/717 
f 708/1/708 707/1/707 723/1/723 
f 723/1/723 724/1/724 708/1/708 
f 726/1/726 719/1/719 718/1/718 
f 718/1/718 727/1/727 726/1/726 
f 727/1/727 728/1/728 729/1/729 
f 729/1/729 726/1/726 727/1/727 
f 726/1/726 729/1/729 659/1/659 
f 659/1/659 658/1/658 726/1/726 
f 658/1/658 651/1/651 719/1/719 
f 719/1/719 726/1/726 658/1/658 
f 730/1/730 727/1/727 718/1/718 
f 718/1/718 725/1/725 730/1/730 
f 725/1/725 722/1/722 731/1/731 
f 731/1/731 730/1/730 725/1/725 
f 730/1/730 731/1/731 732/1/732 
f 732/1/732 733/1/733 730/1/730 
f 733/1/733 728/1/728 727/1/727 
f 727/1/727 730/1/730 733/1/733 
f 734/1/734 720/1/720 714/1/714 
f 714/1/714 735/1/735 734/1/734 
f 736/1/736 734/1/734 735/1/735 
f 735/1/735 737/1/737 736/1/736 
f 736/1/736 732/1/732 731/1/731 
f 731/1/731 734/1/734 736/1/736 
f 731/1/731 722/1/722 720/1/720 
f 720/1/720 734/1/734 731/1/731 
f 738/1/738 93/1/93 92/1/92 
f 92/1/92 739/1/739 738/1/738 
f 739/1/739 737/1/737 735/1/735 
f 735/1/735 738/1/738 739/1/739 
f 738/1/738 735/1/735 714/1/714 
f 714/1/714 713/1/713 738/1/738 
f 713/1/713 88/1/88 93/1/93 
f 93/1/93 738/1/738 713/1/713 
f 740/1/740 741/1/741 742/1/742 
f 742/1/742 743/1/743 740/1/740 
f 743/1/743 744/1/744 745/1/745 
f 745/1/745 740/1/740 743/1/743 
f 740/1/740 745/1/745 728/1/728 
f 728/1/728 733/1/733 740/1/740 
f 733/1/733 732/1/732 741/1/741 
f 741/1/741 740/1/740 733/1/733 
f 746/1/746 729/1/729 728/1/728 
f 728/1/728 745/1/745 746/1/746 
f 745/1/745 744/1/744 747/1/747 
f 747/1/747 746/1/746 745/1/745 
f 746/1/746 747/1/747 669/1/669 
f 669/1/669 668/1/668 746/1/746 
f 668/1/668 659/1/659 729/1/729 
f 729/1/729 746/1/746 668/1/668 
f 748/1/748 741/1/741 732/1/732 
f 732/1/732 736/1/736 748/1/748 
f 736/1/736 737/1/737 749/1/749 
f 749/1/749 748/1/748 736/1/736 
f 749/1/749 742/1/742 741/1/741 
f 741/1/741 748/1/748 749/1/749 
f 750/1/750 670/1/670 669/1/669 
f 669/1/669 751/1/751 750/1/750 
f 751/1/751 752/1/752 753/1/753 
f 753/1/753 750/1/750 751/1/751 
f 750/1/750 753/1/753 330/1/330 
f 330/1/330 664/1/664 750/1/750 
f 664/1/664 663/1/663 670/1/670 
f 670/1/670 750/1/750 664/1/664 
f 754/1/754 283/1/283 282/1/282 
f 282/1/282 755/1/755 754/1/754 
f 755/1/755 756/1/756 757/1/757 
f 757/1/757 754/1/754 755/1/755 
f 754/1/754 757/1/757 737/1/737 
f 737/1/737 739/1/739 754/1/754 
f 739/1/739 92/1/92 283/1/283 
f 283/1/283 754/1/754 739/1/739 
f 751/1/751 669/1/669 747/1/747 
f 747/1/747 758/1/758 751/1/751 
f 758/1/758 747/1/747 744/1/744 
f 744/1/744 759/1/759 758/1/758 
f 758/1/758 759/1/759 752/1/752 
f 760/1/760 757/1/757 756/1/756 
f 756/1/756 761/1/761 760/1/760 
f 761/1/761 762/1/762 763/1/763 
f 763/1/763 760/1/760 761/1/761 
f 760/1/760 763/1/763 742/1/742 
f 742/1/742 749/1/749 760/1/760 
f 749/1/749 737/1/737 757/1/757 
f 757/1/757 760/1/760 749/1/749 
f 764/1/764 763/1/763 762/1/762 
f 762/1/762 765/1/765 764/1/764 
f 765/1/765 752/1/752 759/1/759 
f 759/1/759 764/1/764 765/1/765 
f 764/1/764 759/1/759 744/1/744 
f 744/1/744 743/1/743 764/1/764 
f 743/1/743 742/1/742 763/1/763 
f 763/1/763 764/1/764 743/1/743 
f 766/1/766 753/1/753 752/1/752 
f 752/1/752 767/1/767 766/1/766 
f 767/1/767 768/1/768 769/1/769 
f 769/1/769 766/1/766 767/1/767 
f 766/1/766 769/1/769 248/1/248 
f 248/1/248 331/1/331 766/1/766 
f 331/1/331 330/1/330 753/1/753 
f 753/1/753 766/1/766 331/1/331 
f 770/1/770 286/1/286 189/1/189 
f 189/1/189 771/1/771 770/1/770 
f 771/1/771 772/1/772 773/1/773 
f 773/1/773 770/1/770 771/1/771 
f 770/1/770 773/1/773 756/1/756 
f 756/1/756 755/1/755 770/1/770 
f 755/1/755 282/1/282 286/1/286 
f 286/1/286 770/1/770 755/1/755 
f 774/1/774 773/1/773 772/1/772 
f 772/1/772 775/1/775 774/1/774 
f 775/1/775 776/1/776 777/1/777 
f 777/1/777 774/1/774 775/1/775 
f 774/1/774 777/1/777 762/1/762 
f 762/1/762 761/1/761 774/1/774 
f 761/1/761 756/1/756 773/1/773 
f 773/1/773 774/1/774 761/1/761 
f 778/1/778 777/1/777 776/1/776 
f 776/1/776 779/1/779 778/1/778 
f 779/1/779 768/1/768 767/1/767 
f 767/1/767 778/1/778 779/1/779 
f 778/1/778 767/1/767 752/1/752 
f 752/1/752 765/1/765 778/1/778 
f 765/1/765 762/1/762 777/1/777 
f 777/1/777 778/1/778 765/1/765 
f 780/1/780 781/1/781 769/1/769 
f 769/1/769 768/1/768 780/1/780 
f 781/1/781 780/1/780 782/1/782 
f 782/1/782 783/1/783 781/1/781 
f 781/1/781 783/1/783 250/1/250 
f 250/1/250 249/1/249 781/1/781 
f 249/1/249 248/1/248 769/1/769 
f 769/1/769 781/1/781 249/1/249 
f 784/1/784 188/1/188 67/1/67 
f 67/1/67 785/1/785 784/1/784 
f 785/1/785 786/1/786 787/1/787 
f 787/1/787 784/1/784 785/1/785 
f 784/1/784 787/1/787 772/1/772 
f 772/1/772 771/1/771 784/1/784 
f 771/1/771 189/1/189 188/1/188 
f 188/1/188 784/1/784 771/1/771 
f 788/1/788 787/1/787 786/1/786 
f 786/1/786 789/1/789 788/1/788 
f 789/1/789 790/1/790 791/1/791 
f 791/1/791 788/1/788 789/1/789 
f 788/1/788 791/1/791 776/1/776 
f 776/1/776 775/1/775 788/1/788 
f 775/1/775 772/1/772 787/1/787 
f 787/1/787 788/1/788 775/1/775 
f 792/1/792 791/1/791 790/1/790 
f 790/1/790 793/1/793 792/1/792 
f 793/1/793 782/1/782 780/1/780 
f 780/1/780 792/1/792 793/1/793 
f 792/1/792 780/1/780 768/1/768 
f 768/1/768 779/1/779 792/1/792 
f 779/1/779 776/1/776 791/1/791 
f 791/1/791 792/1/792 779/1/779 
f 66/1/66 73/1/73 794/1/794 
f 794/1/794 795/1/795 66/1/66 
f 794/1/794 796/1/796 797/1/797 
f 797/1/797 795/1/795 794/1/794 
f 795/1/795 797/1/797 786/1/786 
f 786/1/786 785/1/785 795/1/795 
f 785/1/785 67/1/67 66/1/66 
f 66/1/66 795/1/795 785/1/785 
f 483/1/483 482/1/482 798/1/798 
f 798/1/798 799/1/799 800/1/800 
f 800/1/800 801/1/801 798/1/798 
f 801/1/801 800/1/800 474/1/474 
f 477/1/477 459/1/459 483/1/483 
f 802/1/802 803/1/803 804/1/804 
f 804/1/804 805/1/805 802/1/802 
f 805/1/805 799/1/799 806/1/806 
f 806/1/806 802/1/802 805/1/805 
f 802/1/802 806/1/806 535/1/535 
f 535/1/535 542/1/542 802/1/802 
f 542/1/542 541/1/541 803/1/803 
f 803/1/803 802/1/802 542/1/542 
f 807/1/807 475/1/475 474/1/474 
f 800/1/800 799/1/799 808/1/808 
f 808/1/808 807/1/807 800/1/800 
f 807/1/807 808/1/808 506/1/506 
f 506/1/506 505/1/505 807/1/807 
f 505/1/505 470/1/470 475/1/475 
f 475/1/475 807/1/807 505/1/505 
f 536/1/536 535/1/535 806/1/806 
f 806/1/806 809/1/809 536/1/536 
f 806/1/806 799/1/799 798/1/798 
f 798/1/798 809/1/809 806/1/806 
f 809/1/809 798/1/798 482/1/482 
f 482/1/482 509/1/509 809/1/809 
f 509/1/509 486/1/486 536/1/536 
f 536/1/536 809/1/809 509/1/509 
f 810/1/810 811/1/811 812/1/812 
f 813/1/813 814/1/814 815/1/815 
f 810/1/810 815/1/815 816/1/816 
f 817/1/817 799/1/799 811/1/811 
f 818/1/818 815/1/815 814/1/814 
f 814/1/814 819/1/819 818/1/818 
f 819/1/819 820/1/820 821/1/821 
f 818/1/818 821/1/821 822/1/822 
f 822/1/822 823/1/823 818/1/818 
f 823/1/823 816/1/816 815/1/815 
f 815/1/815 818/1/818 823/1/823 
f 824/1/824 825/1/825 826/1/826 
f 826/1/826 827/1/827 824/1/824 
f 824/1/824 827/1/827 828/1/828 
f 828/1/828 829/1/829 824/1/824 
f 824/1/824 829/1/829 830/1/830 
f 830/1/830 831/1/831 824/1/824 
f 831/1/831 832/1/832 825/1/825 
f 825/1/825 824/1/824 831/1/831 
f 833/1/833 834/1/834 835/1/835 
f 835/1/835 836/1/836 833/1/833 
f 836/1/836 837/1/837 838/1/838 
f 838/1/838 833/1/833 836/1/836 
f 833/1/833 838/1/838 839/1/839 
f 839/1/839 840/1/840 833/1/833 
f 840/1/840 841/1/841 834/1/834 
f 834/1/834 833/1/833 840/1/840 
f 842/1/842 838/1/838 837/1/837 
f 837/1/837 843/1/843 842/1/842 
f 843/1/843 844/1/844 845/1/845 
f 845/1/845 842/1/842 843/1/843 
f 842/1/842 845/1/845 846/1/846 
f 846/1/846 847/1/847 842/1/842 
f 847/1/847 839/1/839 838/1/838 
f 838/1/838 842/1/842 847/1/847 
f 848/1/848 849/1/849 850/1/850 
f 850/1/850 851/1/851 848/1/848 
f 851/1/851 852/1/852 853/1/853 
f 853/1/853 848/1/848 851/1/851 
f 848/1/848 853/1/853 837/1/837 
f 837/1/837 836/1/836 848/1/848 
f 836/1/836 835/1/835 849/1/849 
f 849/1/849 848/1/848 836/1/836 
f 854/1/854 855/1/855 856/1/856 
f 856/1/856 857/1/857 854/1/854 
f 857/1/857 858/1/858 859/1/859 
f 859/1/859 854/1/854 857/1/857 
f 854/1/854 859/1/859 852/1/852 
f 852/1/852 851/1/851 854/1/854 
f 851/1/851 850/1/850 855/1/855 
f 855/1/855 854/1/854 851/1/851 
f 860/1/860 853/1/853 852/1/852 
f 852/1/852 861/1/861 860/1/860 
f 861/1/861 862/1/862 863/1/863 
f 863/1/863 860/1/860 861/1/861 
f 860/1/860 863/1/863 844/1/844 
f 844/1/844 843/1/843 860/1/860 
f 843/1/843 837/1/837 853/1/853 
f 853/1/853 860/1/860 843/1/843 
f 864/1/864 863/1/863 862/1/862 
f 862/1/862 865/1/865 864/1/864 
f 865/1/865 796/1/796 794/1/794 
f 794/1/794 864/1/864 865/1/865 
f 864/1/864 794/1/794 73/1/73 
f 73/1/73 866/1/866 864/1/864 
f 866/1/866 844/1/844 863/1/863 
f 863/1/863 864/1/864 866/1/866 
f 867/1/867 868/1/868 869/1/869 
f 869/1/869 870/1/870 867/1/867 
f 870/1/870 871/1/871 872/1/872 
f 872/1/872 867/1/867 870/1/870 
f 867/1/867 872/1/872 856/1/856 
f 856/1/856 873/1/873 867/1/867 
f 873/1/873 874/1/874 868/1/868 
f 868/1/868 867/1/867 873/1/873 
f 875/1/875 797/1/797 796/1/796 
f 796/1/796 876/1/876 875/1/875 
f 876/1/876 877/1/877 878/1/878 
f 878/1/878 875/1/875 876/1/876 
f 875/1/875 878/1/878 790/1/790 
f 790/1/790 789/1/789 875/1/875 
f 789/1/789 786/1/786 797/1/797 
f 797/1/797 875/1/875 789/1/789 
f 879/1/879 880/1/880 881/1/881 
f 881/1/881 882/1/882 879/1/879 
f 881/1/881 883/1/883 884/1/884 
f 884/1/884 882/1/882 881/1/881 
f 884/1/884 250/1/250 783/1/783 
f 783/1/783 882/1/882 884/1/884 
f 783/1/783 782/1/782 879/1/879 
f 885/1/885 878/1/878 877/1/877 
f 877/1/877 886/1/886 885/1/885 
f 886/1/886 880/1/880 879/1/879 
f 879/1/879 885/1/885 886/1/886 
f 885/1/885 879/1/879 782/1/782 
f 782/1/782 793/1/793 885/1/885 
f 793/1/793 790/1/790 878/1/878 
f 878/1/878 885/1/885 793/1/793 
f 887/1/887 888/1/888 883/1/883 
f 887/1/887 881/1/881 880/1/880 
f 889/1/889 561/1/561 560/1/560 
f 560/1/560 887/1/887 889/1/889 
f 560/1/560 559/1/559 888/1/888 
f 888/1/888 887/1/887 560/1/560 
f 890/1/890 865/1/865 862/1/862 
f 862/1/862 891/1/891 890/1/890 
f 891/1/891 892/1/892 893/1/893 
f 893/1/893 890/1/890 891/1/891 
f 890/1/890 893/1/893 877/1/877 
f 877/1/877 876/1/876 890/1/890 
f 876/1/876 796/1/796 865/1/865 
f 865/1/865 890/1/890 876/1/876 
f 894/1/894 859/1/859 858/1/858 
f 895/1/895 892/1/892 891/1/891 
f 894/1/894 891/1/891 862/1/862 
f 861/1/861 852/1/852 859/1/859 
f 859/1/859 894/1/894 861/1/861 
f 896/1/896 872/1/872 871/1/871 
f 871/1/871 897/1/897 896/1/896 
f 897/1/897 892/1/892 895/1/895 
f 896/1/896 895/1/895 858/1/858 
f 858/1/858 857/1/857 896/1/896 
f 857/1/857 856/1/856 872/1/872 
f 872/1/872 896/1/896 857/1/857 
f 898/1/898 899/1/899 900/1/900 
f 900/1/900 901/1/901 898/1/898 
f 900/1/900 892/1/892 897/1/897 
f 897/1/897 871/1/871 902/1/902 
f 902/1/902 901/1/901 897/1/897 
f 901/1/901 902/1/902 903/1/903 
f 904/1/904 900/1/900 899/1/899 
f 899/1/899 905/1/905 904/1/904 
f 905/1/905 906/1/906 907/1/907 
f 907/1/907 904/1/904 905/1/905 
f 904/1/904 907/1/907 908/1/908 
f 909/1/909 892/1/892 900/1/900 
f 910/1/910 911/1/911 908/1/908 
f 908/1/908 907/1/907 910/1/910 
f 907/1/907 906/1/906 912/1/912 
f 912/1/912 910/1/910 907/1/907 
f 910/1/910 912/1/912 561/1/561 
f 561/1/561 889/1/889 910/1/910 
f 889/1/889 880/1/880 911/1/911 
f 911/1/911 910/1/910 889/1/889 
f 886/1/886 877/1/877 893/1/893 
f 893/1/893 913/1/913 886/1/886 
f 893/1/893 892/1/892 909/1/909 
f 909/1/909 913/1/913 893/1/893 
f 913/1/913 909/1/909 908/1/908 
f 908/1/908 911/1/911 913/1/913 
f 913/1/913 911/1/911 880/1/880 
f 880/1/880 886/1/886 913/1/913 
f 914/1/914 915/1/915 416/1/416 
f 416/1/416 415/1/415 914/1/914 
f 415/1/415 414/1/414 426/1/426 
f 426/1/426 914/1/914 415/1/415 
f 914/1/914 426/1/426 425/1/425 
f 425/1/425 916/1/916 914/1/914 
f 914/1/914 916/1/916 917/1/917 
f 917/1/917 915/1/915 914/1/914 
f 918/1/918 919/1/919 920/1/920 
f 920/1/920 921/1/921 918/1/918 
f 918/1/918 921/1/921 445/1/445 
f 445/1/445 451/1/451 918/1/918 
f 918/1/918 451/1/451 420/1/420 
f 420/1/420 419/1/419 918/1/918 
f 918/1/918 419/1/419 418/1/418 
f 418/1/418 919/1/919 918/1/918 
f 922/1/922 923/1/923 924/1/924 
f 924/1/924 925/1/925 922/1/922 
f 925/1/925 926/1/926 927/1/927 
f 927/1/927 922/1/922 925/1/925 
f 922/1/922 927/1/927 434/1/434 
f 434/1/434 440/1/440 922/1/922 
f 440/1/440 439/1/439 923/1/923 
f 923/1/923 922/1/922 440/1/440 
f 433/1/433 434/1/434 927/1/927 
f 927/1/927 928/1/928 433/1/433 
f 927/1/927 926/1/926 929/1/929 
f 929/1/929 928/1/928 927/1/927 
f 928/1/928 929/1/929 917/1/917 
f 917/1/917 916/1/916 928/1/928 
f 916/1/916 425/1/425 433/1/433 
f 433/1/433 928/1/928 916/1/916 
f 930/1/930 921/1/921 920/1/920 
f 920/1/920 931/1/931 930/1/930 
f 931/1/931 924/1/924 923/1/923 
f 923/1/923 930/1/930 931/1/931 
f 930/1/930 923/1/923 439/1/439 
f 439/1/439 446/1/446 930/1/930 
f 446/1/446 445/1/445 921/1/921 
f 921/1/921 930/1/930 446/1/446 
f 932/1/932 933/1/933 934/1/934 
f 934/1/934 935/1/935 932/1/932 
f 932/1/932 935/1/935 926/1/926 
f 932/1/932 925/1/925 924/1/924 
f 924/1/924 931/1/931 932/1/932 
f 931/1/931 920/1/920 933/1/933 
f 933/1/933 932/1/932 931/1/931 
f 936/1/936 915/1/915 917/1/917 
f 917/1/917 929/1/929 936/1/936 
f 929/1/929 926/1/926 935/1/935 
f 936/1/936 935/1/935 934/1/934 
f 934/1/934 937/1/937 936/1/936 
f 416/1/416 915/1/915 936/1/936 
f 938/1/938 937/1/937 934/1/934 
f 934/1/934 933/1/933 938/1/938 
f 933/1/933 920/1/920 919/1/919 
f 919/1/919 938/1/938 933/1/933 
f 938/1/938 919/1/919 418/1/418 
f 418/1/418 417/1/417 938/1/938 
f 938/1/938 417/1/417 416/1/416 
f 361/1/361 360/1/360 939/1/939 
f 939/1/939 940/1/940 361/1/361 
f 939/1/939 349/1/349 941/1/941 
f 941/1/941 940/1/940 939/1/939 
f 940/1/940 941/1/941 336/1/336 
f 336/1/336 335/1/335 940/1/940 
f 335/1/335 334/1/334 361/1/361 
f 361/1/361 940/1/940 335/1/335 
f 942/1/942 941/1/941 349/1/349 
f 349/1/349 348/1/348 942/1/942 
f 348/1/348 347/1/347 369/1/369 
f 369/1/369 942/1/942 348/1/348 
f 942/1/942 369/1/369 338/1/338 
f 338/1/338 337/1/337 942/1/942 
f 942/1/942 337/1/337 336/1/336 
f 336/1/336 941/1/941 942/1/942 
f 943/1/943 351/1/351 343/1/343 
f 343/1/343 342/1/342 943/1/943 
f 342/1/342 349/1/349 939/1/939 
f 939/1/939 943/1/943 342/1/342 
f 943/1/943 939/1/939 360/1/360 
f 944/1/944 352/1/352 351/1/351 
f 351/1/351 943/1/943 944/1/944 
f 945/1/945 353/1/353 352/1/352 
f 352/1/352 944/1/944 945/1/945 
f 944/1/944 360/1/360 359/1/359 
f 359/1/359 945/1/945 944/1/944 
f 945/1/945 359/1/359 358/1/358 
f 358/1/358 382/1/382 945/1/945 
f 382/1/382 354/1/354 353/1/353 
f 353/1/353 945/1/945 382/1/382 
f 946/1/946 902/1/902 871/1/871 
f 870/1/870 869/1/869 947/1/947 
f 947/1/947 946/1/946 870/1/870 
f 946/1/946 947/1/947 948/1/948 
f 948/1/948 949/1/949 946/1/946 
f 949/1/949 903/1/903 902/1/902 
f 902/1/902 946/1/946 949/1/949 
f 950/1/950 803/1/803 541/1/541 
f 541/1/541 951/1/951 950/1/950 
f 951/1/951 952/1/952 953/1/953 
f 953/1/953 950/1/950 951/1/951 
f 950/1/950 953/1/953 954/1/954 
f 954/1/954 955/1/955 950/1/950 
f 955/1/955 804/1/804 803/1/803 
f 803/1/803 950/1/950 955/1/955 
f 956/1/956 957/1/957 958/1/958 
f 958/1/958 959/1/959 956/1/956 
f 959/1/959 899/1/899 898/1/898 
f 898/1/898 956/1/956 959/1/959 
f 956/1/956 898/1/898 903/1/903 
f 903/1/903 949/1/949 956/1/956 
f 949/1/949 948/1/948 957/1/957 
f 957/1/957 956/1/956 949/1/949 
f 960/1/960 953/1/953 952/1/952 
f 952/1/952 961/1/961 960/1/960 
f 961/1/961 958/1/958 957/1/957 
f 957/1/957 960/1/960 961/1/961 
f 960/1/960 957/1/957 948/1/948 
f 948/1/948 962/1/962 960/1/960 
f 962/1/962 954/1/954 953/1/953 
f 953/1/953 960/1/960 962/1/962 
f 963/1/963 566/1/566 555/1/555 
f 555/1/555 964/1/964 963/1/963 
f 964/1/964 965/1/965 966/1/966 
f 966/1/966 963/1/963 964/1/964 
f 963/1/963 966/1/966 545/1/545 
f 545/1/545 544/1/544 963/1/963 
f 544/1/544 549/1/549 566/1/566 
f 566/1/566 963/1/963 544/1/544 
f 967/1/967 965/1/965 968/1/968 
f 968/1/968 906/1/906 905/1/905 
f 905/1/905 969/1/969 968/1/968 
f 969/1/969 905/1/905 899/1/899 
f 959/1/959 958/1/958 967/1/967 
f 970/1/970 971/1/971 972/1/972 
f 972/1/972 973/1/973 970/1/970 
f 970/1/970 973/1/973 965/1/965 
f 965/1/965 967/1/967 970/1/970 
f 970/1/970 967/1/967 958/1/958 
f 958/1/958 961/1/961 970/1/970 
f 961/1/961 952/1/952 971/1/971 
f 971/1/971 970/1/970 961/1/961 
f 974/1/974 912/1/912 906/1/906 
f 906/1/906 968/1/968 974/1/974 
f 968/1/968 965/1/965 964/1/964 
f 964/1/964 974/1/974 968/1/968 
f 555/1/555 554/1/554 974/1/974 
f 554/1/554 561/1/561 912/1/912 
f 912/1/912 974/1/974 554/1/554 
f 975/1/975 552/1/552 545/1/545 
f 966/1/966 965/1/965 973/1/973 
f 975/1/975 973/1/973 972/1/972 
f 972/1/972 976/1/976 975/1/975 
f 976/1/976 539/1/539 552/1/552 
f 552/1/552 975/1/975 976/1/976 
f 977/1/977 540/1/540 539/1/539 
f 539/1/539 976/1/976 977/1/977 
f 976/1/976 972/1/972 971/1/971 
f 971/1/971 977/1/977 976/1/976 
f 977/1/977 971/1/971 952/1/952 
f 952/1/952 951/1/951 977/1/977 
f 951/1/951 541/1/541 540/1/540 
f 540/1/540 977/1/977 951/1/951 
f 978/1/978 979/1/979 828/1/828 
f 828/1/828 980/1/980 978/1/978 
f 980/1/980 981/1/981 982/1/982 
f 982/1/982 978/1/978 980/1/980 
f 978/1/978 982/1/982 983/1/983 
f 983/1/983 984/1/984 978/1/978 
f 984/1/984 985/1/985 979/1/979 
f 979/1/979 978/1/978 984/1/984 
f 986/1/986 805/1/805 804/1/804 
f 804/1/804 987/1/987 986/1/986 
f 987/1/987 988/1/988 989/1/989 
f 989/1/989 986/1/986 987/1/987 
f 986/1/986 989/1/989 812/1/812 
f 812/1/812 811/1/811 986/1/986 
f 811/1/811 799/1/799 805/1/805 
f 805/1/805 986/1/986 811/1/811 
f 990/1/990 955/1/955 954/1/954 
f 991/1/991 992/1/992 993/1/993 
f 990/1/990 993/1/993 988/1/988 
f 988/1/988 987/1/987 990/1/990 
f 987/1/987 804/1/804 955/1/955 
f 955/1/955 990/1/990 987/1/987 
f 994/1/994 995/1/995 992/1/992 
f 991/1/991 954/1/954 962/1/962 
f 994/1/994 962/1/962 948/1/948 
f 947/1/947 869/1/869 995/1/995 
f 996/1/996 993/1/993 992/1/992 
f 992/1/992 997/1/997 996/1/996 
f 997/1/997 998/1/998 999/1/999 
f 999/1/999 996/1/996 997/1/997 
f 996/1/996 999/1/999 1000/1/1000 
f 1000/1/1000 1001/1/1001 996/1/996 
f 1001/1/1001 988/1/988 993/1/993 
f 1002/1/1002 998/1/998 997/1/997 
f 997/1/997 1003/1/1003 1002/1/1002 
f 997/1/997 992/1/992 995/1/995 
f 995/1/995 1003/1/1003 997/1/997 
f 995/1/995 869/1/869 868/1/868 
f 868/1/868 1003/1/1003 995/1/995 
f 1003/1/1003 868/1/868 874/1/874 
f 874/1/874 1002/1/1002 1003/1/1003 
f 1004/1/1004 1005/1/1005 1006/1/1006 
f 1006/1/1006 1007/1/1007 1004/1/1004 
f 1007/1/1007 1008/1/1008 1009/1/1009 
f 1009/1/1009 1004/1/1004 1007/1/1007 
f 1009/1/1009 1010/1/1010 1011/1/1011 
f 1011/1/1011 1004/1/1004 1009/1/1009 
f 1011/1/1011 981/1/981 1005/1/1005 
f 1005/1/1005 1004/1/1004 1011/1/1011 
f 1012/1/1012 1013/1/1013 1014/1/1014 
f 1014/1/1014 1015/1/1015 1012/1/1012 
f 1015/1/1015 1016/1/1016 1017/1/1017 
f 1017/1/1017 1012/1/1012 1015/1/1015 
f 1012/1/1012 1017/1/1017 998/1/998 
f 998/1/998 1002/1/1002 1012/1/1012 
f 1002/1/1002 874/1/874 1013/1/1013 
f 1013/1/1013 1012/1/1012 1002/1/1002 
f 827/1/827 826/1/826 1018/1/1018 
f 1018/1/1018 1019/1/1019 827/1/827 
f 1018/1/1018 1006/1/1006 1005/1/1005 
f 1005/1/1005 1019/1/1019 1018/1/1018 
f 1019/1/1019 1005/1/1005 981/1/981 
f 981/1/981 980/1/980 1019/1/1019 
f 980/1/980 828/1/828 827/1/827 
f 827/1/827 1019/1/1019 980/1/980 
f 1020/1/1020 1021/1/1021 1000/1/1000 
f 1000/1/1000 999/1/999 1020/1/1020 
f 999/1/999 998/1/998 1017/1/1017 
f 1017/1/1017 1020/1/1020 999/1/999 
f 1020/1/1020 1017/1/1017 1016/1/1016 
f 1016/1/1016 1022/1/1022 1020/1/1020 
f 1020/1/1020 1022/1/1022 1023/1/1023 
f 1023/1/1023 1021/1/1021 1020/1/1020 
f 1024/1/1024 1025/1/1025 1014/1/1014 
f 1014/1/1014 1026/1/1026 1024/1/1024 
f 1026/1/1026 850/1/850 849/1/849 
f 849/1/849 1024/1/1024 1026/1/1026 
f 1024/1/1024 849/1/849 835/1/835 
f 835/1/835 1027/1/1027 1024/1/1024 
f 1027/1/1027 1008/1/1008 1025/1/1025 
f 1025/1/1025 1024/1/1024 1027/1/1027 
f 1028/1/1028 1029/1/1029 1007/1/1007 
f 1007/1/1007 1006/1/1006 1028/1/1028 
f 1029/1/1029 1028/1/1028 1016/1/1016 
f 1016/1/1016 1015/1/1015 1029/1/1029 
f 1015/1/1015 1014/1/1014 1025/1/1025 
f 1025/1/1025 1029/1/1029 1015/1/1015 
f 1029/1/1029 1025/1/1025 1008/1/1008 
f 1008/1/1008 1007/1/1007 1029/1/1029 
f 1030/1/1030 855/1/855 850/1/850 
f 850/1/850 1026/1/1026 1030/1/1030 
f 1026/1/1026 1014/1/1014 1013/1/1013 
f 1013/1/1013 1030/1/1030 1026/1/1026 
f 1030/1/1030 1013/1/1013 874/1/874 
f 874/1/874 873/1/873 1030/1/1030 
f 873/1/873 856/1/856 855/1/855 
f 855/1/855 1030/1/1030 873/1/873 
f 1028/1/1028 1031/1/1031 1022/1/1022 
f 1022/1/1022 1016/1/1016 1028/1/1028 
f 1028/1/1028 1006/1/1006 1018/1/1018 
f 1018/1/1018 1031/1/1031 1028/1/1028 
f 1031/1/1031 1018/1/1018 826/1/826 
f 826/1/826 1032/1/1032 1031/1/1031 
f 1032/1/1032 1023/1/1023 1022/1/1022 
f 1022/1/1022 1031/1/1031 1032/1/1032 
f 1033/1/1033 1034/1/1034 1035/1/1035 
f 1035/1/1035 1036/1/1036 1033/1/1033 
f 1036/1/1036 232/1/232 251/1/251 
f 251/1/251 1033/1/1033 1036/1/1036 
f 1033/1/1033 251/1/251 250/1/250 
f 250/1/250 884/1/884 1033/1/1033 
f 884/1/884 883/1/883 1034/1/1034 
f 1034/1/1034 1033/1/1033 884/1/884 
f 1037/1/1037 233/1/233 232/1/232 
f 232/1/232 1036/1/1036 1037/1/1037 
f 1036/1/1036 1035/1/1035 1038/1/1038 
f 1038/1/1038 1037/1/1037 1036/1/1036 
f 1037/1/1037 1038/1/1038 1039/1/1039 
f 1039/1/1039 1040/1/1040 1037/1/1037 
f 1040/1/1040 234/1/234 233/1/233 
f 233/1/233 1037/1/1037 1040/1/1040 
f 1041/1/1041 1038/1/1038 1035/1/1035 
f 1035/1/1035 1042/1/1042 1041/1/1041 
f 1042/1/1042 1043/1/1043 1044/1/1044 
f 1044/1/1044 1041/1/1041 1042/1/1042 
f 1041/1/1041 1044/1/1044 1045/1/1045 
f 1045/1/1045 1046/1/1046 1041/1/1041 
f 1046/1/1046 1039/1/1039 1038/1/1038 
f 1038/1/1038 1041/1/1041 1046/1/1046 
f 226/1/226 225/1/225 1047/1/1047 
f 1047/1/1047 1048/1/1048 226/1/226 
f 1048/1/1048 1047/1/1047 1049/1/1049 
f 1049/1/1049 1050/1/1050 1048/1/1048 
f 1050/1/1050 1051/1/1051 1052/1/1052 
f 1052/1/1052 1048/1/1048 1050/1/1050 
f 1048/1/1048 1052/1/1052 227/1/227 
f 227/1/227 226/1/226 1048/1/1048 
f 1053/1/1053 212/1/212 218/1/218 
f 1054/1/1054 1055/1/1055 1056/1/1056 
f 1053/1/1053 1056/1/1056 1057/1/1057 
f 1057/1/1057 1058/1/1058 1053/1/1053 
f 1058/1/1058 213/1/213 212/1/212 
f 1059/1/1059 1060/1/1060 1061/1/1061 
f 1061/1/1061 1062/1/1062 1059/1/1059 
f 1062/1/1062 239/1/239 238/1/238 
f 238/1/238 1059/1/1059 1062/1/1062 
f 1059/1/1059 238/1/238 245/1/245 
f 245/1/245 1063/1/1063 1059/1/1059 
f 1063/1/1063 1064/1/1064 1060/1/1060 
f 1060/1/1060 1059/1/1059 1063/1/1063 
f 1065/1/1065 1066/1/1066 1067/1/1067 
f 1067/1/1067 1068/1/1068 1065/1/1065 
f 1068/1/1068 1069/1/1069 1070/1/1070 
f 1070/1/1070 1065/1/1065 1068/1/1068 
f 1065/1/1065 1070/1/1070 203/1/203 
f 203/1/203 210/1/210 1065/1/1065 
f 210/1/210 209/1/209 1066/1/1066 
f 1066/1/1066 1065/1/1065 210/1/210 
f 1071/1/1071 1072/1/1072 1073/1/1073 
f 1073/1/1073 1074/1/1074 1071/1/1071 
f 1074/1/1074 71/1/71 70/1/70 
f 70/1/70 1071/1/1071 1074/1/1074 
f 1071/1/1071 70/1/70 69/1/69 
f 69/1/69 198/1/198 1071/1/1071 
f 198/1/198 197/1/197 1072/1/1072 
f 1072/1/1072 1071/1/1071 198/1/198 
f 1075/1/1075 1070/1/1070 1069/1/1069 
f 1069/1/1069 1076/1/1076 1075/1/1075 
f 1076/1/1076 1073/1/1073 1072/1/1072 
f 1072/1/1072 1075/1/1075 1076/1/1076 
f 1075/1/1075 1072/1/1072 197/1/197 
f 197/1/197 204/1/204 1075/1/1075 
f 204/1/204 203/1/203 1070/1/1070 
f 1070/1/1070 1075/1/1075 204/1/204 
f 1077/1/1077 1078/1/1078 1079/1/1079 
f 1079/1/1079 1080/1/1080 1077/1/1077 
f 1080/1/1080 1081/1/1081 1082/1/1082 
f 1082/1/1082 1077/1/1077 1080/1/1080 
f 1077/1/1077 1082/1/1082 1073/1/1073 
f 1073/1/1073 1076/1/1076 1077/1/1077 
f 1076/1/1076 1069/1/1069 1078/1/1078 
f 1078/1/1078 1077/1/1077 1076/1/1076 
f 72/1/72 71/1/71 1083/1/1083 
f 1083/1/1083 1084/1/1084 72/1/72 
f 1083/1/1083 1085/1/1085 1086/1/1086 
f 1086/1/1086 844/1/844 866/1/866 
f 866/1/866 1084/1/1084 1086/1/1086 
f 866/1/866 73/1/73 72/1/72 
f 72/1/72 1084/1/1084 866/1/866 
f 1087/1/1087 1082/1/1082 1081/1/1081 
f 1081/1/1081 1088/1/1088 1087/1/1087 
f 1088/1/1088 1085/1/1085 1083/1/1083 
f 1083/1/1083 1087/1/1087 1088/1/1088 
f 1087/1/1087 1083/1/1083 71/1/71 
f 71/1/71 1074/1/1074 1087/1/1087 
f 1074/1/1074 1073/1/1073 1082/1/1082 
f 1082/1/1082 1087/1/1087 1074/1/1074 
f 1089/1/1089 1090/1/1090 1091/1/1091 
f 1091/1/1091 1092/1/1092 1089/1/1089 
f 1092/1/1092 1093/1/1093 1094/1/1094 
f 1089/1/1089 1094/1/1094 1095/1/1095 
f 1096/1/1096 1097/1/1097 1090/1/1090 
f 1098/1/1098 1099/1/1099 1100/1/1100 
f 1100/1/1100 1101/1/1101 1098/1/1098 
f 1101/1/1101 1091/1/1091 1090/1/1090 
f 1090/1/1090 1098/1/1098 1101/1/1101 
f 1098/1/1098 1090/1/1090 1097/1/1097 
f 1097/1/1097 1102/1/1102 1098/1/1098 
f 1102/1/1102 1103/1/1103 1099/1/1099 
f 1099/1/1099 1098/1/1098 1102/1/1102 
f 1104/1/1104 1105/1/1105 1106/1/1106 
f 1106/1/1106 1107/1/1107 1104/1/1104 
f 1107/1/1107 1106/1/1106 1108/1/1108 
f 1108/1/1108 1109/1/1109 1107/1/1107 
f 1109/1/1109 1110/1/1110 1111/1/1111 
f 1111/1/1111 1107/1/1107 1109/1/1109 
f 1107/1/1107 1111/1/1111 1112/1/1112 
f 1112/1/1112 1104/1/1104 1107/1/1107 
f 1113/1/1113 1114/1/1114 1115/1/1115 
f 1115/1/1115 1116/1/1116 1113/1/1113 
f 1116/1/1116 1117/1/1117 1118/1/1118 
f 1118/1/1118 1113/1/1113 1116/1/1116 
f 1113/1/1113 1118/1/1118 1119/1/1119 
f 1119/1/1119 1120/1/1120 1113/1/1113 
f 1120/1/1120 1121/1/1121 1114/1/1114 
f 1114/1/1114 1113/1/1113 1120/1/1120 
f 1122/1/1122 1044/1/1044 1043/1/1043 
f 1043/1/1043 1123/1/1123 1122/1/1122 
f 1123/1/1123 1124/1/1124 1125/1/1125 
f 1125/1/1125 1122/1/1122 1123/1/1123 
f 1122/1/1122 1125/1/1125 1126/1/1126 
f 1127/1/1127 1045/1/1045 1044/1/1044 
f 1044/1/1044 1122/1/1122 1127/1/1127 
f 1128/1/1128 1129/1/1129 1130/1/1130 
f 1130/1/1130 1131/1/1131 1132/1/1132 
f 1132/1/1132 1133/1/1133 1130/1/1130 
f 1133/1/1133 1132/1/1132 1134/1/1134 
f 1135/1/1135 1136/1/1136 1128/1/1128 
f 1128/1/1128 1133/1/1133 1135/1/1135 
f 1137/1/1137 1125/1/1125 1124/1/1124 
f 1137/1/1137 1138/1/1138 1139/1/1139 
f 1139/1/1139 1140/1/1140 1137/1/1137 
f 1137/1/1137 1140/1/1140 1141/1/1141 
f 1125/1/1125 1137/1/1137 1142/1/1142 
f 1142/1/1142 1126/1/1126 1125/1/1125 
f 1143/1/1143 1140/1/1140 1139/1/1139 
f 1143/1/1143 1144/1/1144 1131/1/1131 
f 1143/1/1143 1130/1/1130 1129/1/1129 
f 1129/1/1129 1145/1/1145 1143/1/1143 
f 1145/1/1145 1141/1/1141 1140/1/1140 
f 1146/1/1146 1034/1/1034 883/1/883 
f 1147/1/1147 1148/1/1148 1149/1/1149 
f 1149/1/1149 1146/1/1146 1147/1/1147 
f 1146/1/1146 1149/1/1149 1043/1/1043 
f 1043/1/1043 1042/1/1042 1146/1/1146 
f 1042/1/1042 1035/1/1035 1034/1/1034 
f 1034/1/1034 1146/1/1146 1042/1/1042 
f 1149/1/1149 1148/1/1148 1150/1/1150 
f 1151/1/1151 1150/1/1150 1124/1/1124 
f 1124/1/1124 1123/1/1123 1151/1/1151 
f 1151/1/1151 1123/1/1123 1043/1/1043 
f 1043/1/1043 1149/1/1149 1151/1/1151 
f 1152/1/1152 1153/1/1153 1154/1/1154 
f 1155/1/1155 1139/1/1139 1138/1/1138 
f 1138/1/1138 1124/1/1124 1150/1/1150 
f 1152/1/1152 1150/1/1150 1148/1/1148 
f 1156/1/1156 1144/1/1144 1139/1/1139 
f 1139/1/1139 1155/1/1155 1156/1/1156 
f 1155/1/1155 1154/1/1154 1157/1/1157 
f 1156/1/1156 1157/1/1157 1158/1/1158 
f 1158/1/1158 1159/1/1159 1156/1/1156 
f 1159/1/1159 1131/1/1131 1144/1/1144 
f 1160/1/1160 558/1/558 557/1/557 
f 557/1/557 572/1/572 1160/1/1160 
f 572/1/572 571/1/571 1161/1/1161 
f 1161/1/1161 1160/1/1160 572/1/572 
f 1160/1/1160 1161/1/1161 1162/1/1162 
f 1162/1/1162 1163/1/1163 1160/1/1160 
f 1163/1/1163 559/1/559 558/1/558 
f 558/1/558 1160/1/1160 1163/1/1163 
f 1164/1/1164 888/1/888 559/1/559 
f 559/1/559 1163/1/1163 1164/1/1164 
f 1163/1/1163 1162/1/1162 1165/1/1165 
f 1164/1/1164 1165/1/1165 1148/1/1148 
f 1148/1/1148 1147/1/1147 1164/1/1164 
f 1147/1/1147 883/1/883 888/1/888 
f 888/1/888 1164/1/1164 1147/1/1147 
f 1166/1/1166 574/1/574 578/1/578 
f 578/1/578 1167/1/1167 1166/1/1166 
f 1167/1/1167 1168/1/1168 1169/1/1169 
f 1169/1/1169 1166/1/1166 1167/1/1167 
f 1166/1/1166 1169/1/1169 586/1/586 
f 586/1/586 585/1/585 1166/1/1166 
f 585/1/585 575/1/575 574/1/574 
f 1153/1/1153 1148/1/1148 1165/1/1165 
f 1165/1/1165 1170/1/1170 1153/1/1153 
f 1170/1/1170 1165/1/1165 1162/1/1162 
f 1162/1/1162 1171/1/1171 1170/1/1170 
f 1171/1/1171 1172/1/1172 1173/1/1173 
f 1173/1/1173 1170/1/1170 1171/1/1171 
f 1173/1/1173 1154/1/1154 1153/1/1153 
f 1153/1/1153 1170/1/1170 1173/1/1173 
f 1174/1/1174 1168/1/1168 1175/1/1175 
f 1176/1/1176 1175/1/1175 1177/1/1177 
f 1177/1/1177 1178/1/1178 1176/1/1176 
f 1178/1/1178 1172/1/1172 1174/1/1174 
f 1174/1/1174 1176/1/1176 1178/1/1178 
f 1179/1/1179 1161/1/1161 571/1/571 
f 571/1/571 1180/1/1180 1179/1/1179 
f 1180/1/1180 1168/1/1168 1174/1/1174 
f 1174/1/1174 1179/1/1179 1180/1/1180 
f 1179/1/1179 1174/1/1174 1172/1/1172 
f 1172/1/1172 1171/1/1171 1179/1/1179 
f 1171/1/1171 1162/1/1162 1161/1/1161 
f 1161/1/1161 1179/1/1179 1171/1/1171 
f 1181/1/1181 614/1/614 613/1/613 
f 613/1/613 1182/1/1182 1181/1/1181 
f 1182/1/1182 1168/1/1168 1180/1/1180 
f 1180/1/1180 571/1/571 570/1/570 
f 570/1/570 1181/1/1181 1180/1/1180 
f 570/1/570 569/1/569 614/1/614 
f 614/1/614 1181/1/1181 570/1/570 
f 595/1/595 586/1/586 1169/1/1169 
f 1169/1/1169 1183/1/1183 595/1/595 
f 1169/1/1169 1168/1/1168 1182/1/1182 
f 1182/1/1182 613/1/613 621/1/621 
f 1183/1/1183 621/1/621 596/1/596 
f 596/1/596 595/1/595 1183/1/1183 
f 1184/1/1184 1157/1/1157 1154/1/1154 
f 1184/1/1184 1173/1/1173 1172/1/1172 
f 1172/1/1172 1178/1/1178 1184/1/1184 
f 1184/1/1184 1178/1/1178 1177/1/1177 
f 1185/1/1185 1158/1/1158 1157/1/1157 
f 1186/1/1186 1187/1/1187 1188/1/1188 
f 1188/1/1188 1189/1/1189 1186/1/1186 
f 1189/1/1189 1190/1/1190 1191/1/1191 
f 1191/1/1191 1186/1/1186 1189/1/1189 
f 1186/1/1186 1191/1/1191 1192/1/1192 
f 1192/1/1192 1193/1/1193 1186/1/1186 
f 1193/1/1193 1194/1/1194 1187/1/1187 
f 1187/1/1187 1186/1/1186 1193/1/1193 
f 1195/1/1195 1193/1/1193 1192/1/1192 
f 1192/1/1192 1196/1/1196 1195/1/1195 
f 1196/1/1196 1197/1/1197 1198/1/1198 
f 1198/1/1198 1195/1/1195 1196/1/1196 
f 1195/1/1195 1198/1/1198 1199/1/1199 
f 1199/1/1199 1200/1/1200 1195/1/1195 
f 1200/1/1200 1194/1/1194 1193/1/1193 
f 1196/1/1196 1192/1/1192 1191/1/1191 
f 1191/1/1191 1201/1/1201 1196/1/1196 
f 1191/1/1191 1190/1/1190 1202/1/1202 
f 1202/1/1202 1201/1/1201 1191/1/1191 
f 1201/1/1201 1202/1/1202 1203/1/1203 
f 1203/1/1203 1204/1/1204 1201/1/1201 
f 1204/1/1204 1197/1/1197 1196/1/1196 
f 1196/1/1196 1201/1/1201 1204/1/1204 
f 1205/1/1205 1206/1/1206 1207/1/1207 
f 1207/1/1207 1208/1/1208 1205/1/1205 
f 1208/1/1208 1207/1/1207 1209/1/1209 
f 1209/1/1209 1210/1/1210 1208/1/1208 
f 1210/1/1210 1203/1/1203 1202/1/1202 
f 1202/1/1202 1208/1/1208 1210/1/1210 
f 1208/1/1208 1202/1/1202 1190/1/1190 
f 1190/1/1190 1205/1/1205 1208/1/1208 
f 1211/1/1211 1212/1/1212 1197/1/1197 
f 1197/1/1197 1204/1/1204 1211/1/1211 
f 1204/1/1204 1203/1/1203 1213/1/1213 
f 1213/1/1213 1211/1/1211 1204/1/1204 
f 1211/1/1211 1213/1/1213 1214/1/1214 
f 1214/1/1214 1215/1/1215 1211/1/1211 
f 1215/1/1215 1216/1/1216 1212/1/1212 
f 1212/1/1212 1211/1/1211 1215/1/1215 
f 1217/1/1217 1210/1/1210 1209/1/1209 
f 1209/1/1209 1218/1/1218 1217/1/1217 
f 1218/1/1218 1219/1/1219 1220/1/1220 
f 1220/1/1220 1217/1/1217 1218/1/1218 
f 1213/1/1213 1217/1/1217 1220/1/1220 
f 1220/1/1220 1214/1/1214 1213/1/1213 
f 1217/1/1217 1213/1/1213 1203/1/1203 
f 1203/1/1203 1210/1/1210 1217/1/1217 
f 1220/1/1220 1219/1/1219 1221/1/1221 
f 1221/1/1221 1222/1/1222 1220/1/1220 
f 1222/1/1222 1221/1/1221 1223/1/1223 
f 1223/1/1223 1224/1/1224 1222/1/1222 
f 1224/1/1224 1225/1/1225 1226/1/1226 
f 1226/1/1226 1222/1/1222 1224/1/1224 
f 1222/1/1222 1226/1/1226 1214/1/1214 
f 1214/1/1214 1220/1/1220 1222/1/1222 
f 1227/1/1227 1228/1/1228 1229/1/1229 
f 1229/1/1229 1230/1/1230 1227/1/1227 
f 1227/1/1227 1230/1/1230 1231/1/1231 
f 1231/1/1231 1232/1/1232 1227/1/1227 
f 1232/1/1232 1103/1/1103 1102/1/1102 
f 1102/1/1102 1227/1/1227 1232/1/1232 
f 1102/1/1102 1097/1/1097 1228/1/1228 
f 1228/1/1228 1227/1/1227 1102/1/1102 
f 1233/1/1233 1234/1/1234 1235/1/1235 
f 1235/1/1235 1236/1/1236 1233/1/1233 
f 1236/1/1236 1237/1/1237 1238/1/1238 
f 1238/1/1238 1233/1/1233 1236/1/1236 
f 1233/1/1233 1238/1/1238 1081/1/1081 
f 1081/1/1081 1080/1/1080 1233/1/1233 
f 1080/1/1080 1079/1/1079 1234/1/1234 
f 1234/1/1234 1233/1/1233 1080/1/1080 
f 1239/1/1239 1238/1/1238 1237/1/1237 
f 1240/1/1240 1085/1/1085 1088/1/1088 
f 1088/1/1088 1239/1/1239 1240/1/1240 
f 1088/1/1088 1081/1/1081 1238/1/1238 
f 1238/1/1238 1239/1/1239 1088/1/1088 
f 1241/1/1241 1096/1/1096 1095/1/1095 
f 1095/1/1095 1242/1/1242 1241/1/1241 
f 1242/1/1242 1243/1/1243 1244/1/1244 
f 1229/1/1229 1228/1/1228 1241/1/1241 
f 1241/1/1241 1228/1/1228 1097/1/1097 
f 1097/1/1097 1096/1/1096 1241/1/1241 
f 1245/1/1245 1246/1/1246 1247/1/1247 
f 1248/1/1248 1249/1/1249 1250/1/1250 
f 1250/1/1250 1245/1/1245 1248/1/1248 
f 1245/1/1245 1250/1/1250 1243/1/1243 
f 1242/1/1242 1095/1/1095 1246/1/1246 
f 1251/1/1251 1244/1/1244 1243/1/1243 
f 1252/1/1252 1253/1/1253 1254/1/1254 
f 1254/1/1254 1251/1/1251 1252/1/1252 
f 1251/1/1251 1254/1/1254 1255/1/1255 
f 1255/1/1255 1256/1/1256 1251/1/1251 
f 1256/1/1256 1229/1/1229 1244/1/1244 
f 1244/1/1244 1251/1/1251 1256/1/1256 
f 1253/1/1253 1257/1/1257 1258/1/1258 
f 1257/1/1257 1249/1/1249 1259/1/1259 
f 1259/1/1259 1085/1/1085 1240/1/1240 
f 1240/1/1240 1237/1/1237 1260/1/1260 
f 1261/1/1261 1086/1/1086 1085/1/1085 
f 1085/1/1085 1259/1/1259 1261/1/1261 
f 1259/1/1259 1249/1/1249 1262/1/1262 
f 1261/1/1261 1262/1/1262 846/1/846 
f 846/1/846 845/1/845 1261/1/1261 
f 845/1/845 844/1/844 1086/1/1086 
f 1263/1/1263 1257/1/1257 1253/1/1253 
f 1253/1/1253 1252/1/1252 1263/1/1263 
f 1263/1/1263 1252/1/1252 1243/1/1243 
f 1243/1/1243 1250/1/1250 1263/1/1263 
f 1250/1/1250 1249/1/1249 1257/1/1257 
f 1257/1/1257 1263/1/1263 1250/1/1250 
f 1264/1/1264 1265/1/1265 839/1/839 
f 839/1/839 847/1/847 1264/1/1264 
f 847/1/847 846/1/846 1262/1/1262 
f 1262/1/1262 1264/1/1264 847/1/847 
f 1264/1/1264 1262/1/1262 1249/1/1249 
f 1249/1/1249 1248/1/1248 1264/1/1264 
f 1248/1/1248 1247/1/1247 1265/1/1265 
f 1265/1/1265 1264/1/1264 1248/1/1248 
f 1266/1/1266 1267/1/1267 1255/1/1255 
f 1260/1/1260 1266/1/1266 1254/1/1254 
f 1254/1/1254 1253/1/1253 1260/1/1260 
f 1266/1/1266 1260/1/1260 1237/1/1237 
f 1237/1/1237 1236/1/1236 1266/1/1266 
f 1236/1/1236 1235/1/1235 1267/1/1267 
f 1268/1/1268 834/1/834 841/1/841 
f 841/1/841 1269/1/1269 1268/1/1268 
f 1269/1/1269 1010/1/1010 1009/1/1009 
f 1009/1/1009 1268/1/1268 1269/1/1269 
f 1268/1/1268 1009/1/1009 1008/1/1008 
f 1008/1/1008 1027/1/1027 1268/1/1268 
f 1027/1/1027 835/1/835 834/1/834 
f 834/1/834 1268/1/1268 1027/1/1027 
f 1270/1/1270 982/1/982 981/1/981 
f 981/1/981 1011/1/1011 1270/1/1270 
f 1270/1/1270 1011/1/1011 1010/1/1010 
f 1010/1/1010 1271/1/1271 1270/1/1270 
f 1271/1/1271 1272/1/1272 1273/1/1273 
f 1273/1/1273 1270/1/1270 1271/1/1271 
f 1273/1/1273 983/1/983 982/1/982 
f 982/1/982 1270/1/1270 1273/1/1273 
f 1274/1/1274 1265/1/1265 1247/1/1247 
f 1275/1/1275 1276/1/1276 1277/1/1277 
f 1277/1/1277 1274/1/1274 1275/1/1275 
f 1274/1/1274 1277/1/1277 841/1/841 
f 841/1/841 840/1/840 1274/1/1274 
f 840/1/840 839/1/839 1265/1/1265 
f 1265/1/1265 1274/1/1274 840/1/840 
f 1278/1/1278 1246/1/1246 1095/1/1095 
f 1095/1/1095 1094/1/1094 1278/1/1278 
f 1094/1/1094 1093/1/1093 1279/1/1279 
f 1279/1/1279 1278/1/1278 1094/1/1094 
f 1278/1/1278 1279/1/1279 1276/1/1276 
f 1276/1/1276 1275/1/1275 1278/1/1278 
f 1275/1/1275 1247/1/1247 1246/1/1246 
f 1280/1/1280 1281/1/1281 1282/1/1282 
f 1282/1/1282 1283/1/1283 1280/1/1280 
f 1283/1/1283 1282/1/1282 1010/1/1010 
f 1010/1/1010 1269/1/1269 1283/1/1283 
f 1269/1/1269 841/1/841 1277/1/1277 
f 1277/1/1277 1283/1/1283 1269/1/1269 
f 1276/1/1276 1280/1/1280 1283/1/1283 
f 1284/1/1284 1285/1/1285 1272/1/1272 
f 1272/1/1272 1271/1/1271 1284/1/1284 
f 1271/1/1271 1010/1/1010 1282/1/1282 
f 1282/1/1282 1284/1/1284 1271/1/1271 
f 1284/1/1284 1282/1/1282 1281/1/1281 
f 1281/1/1281 1285/1/1285 1284/1/1284 
f 1286/1/1286 1276/1/1276 1279/1/1279 
f 1279/1/1279 1287/1/1287 1286/1/1286 
f 1287/1/1287 1279/1/1279 1093/1/1093 
f 1093/1/1093 1288/1/1288 1287/1/1287 
f 1287/1/1287 1288/1/1288 1289/1/1289 
f 1289/1/1289 1286/1/1286 1287/1/1287 
f 1290/1/1290 1273/1/1273 1272/1/1272 
f 1272/1/1272 1291/1/1291 1290/1/1290 
f 1290/1/1290 1291/1/1291 1292/1/1292 
f 1292/1/1292 1293/1/1293 1290/1/1290 
f 1293/1/1293 1294/1/1294 1295/1/1295 
f 1295/1/1295 1290/1/1290 1293/1/1293 
f 1290/1/1290 1295/1/1295 983/1/983 
f 983/1/983 1273/1/1273 1290/1/1290 
f 1285/1/1285 1281/1/1281 1296/1/1296 
f 1296/1/1296 1297/1/1297 1285/1/1285 
f 1297/1/1297 1296/1/1296 1298/1/1298 
f 1299/1/1299 1292/1/1292 1291/1/1291 
f 1291/1/1291 1297/1/1297 1299/1/1299 
f 1291/1/1291 1272/1/1272 1285/1/1285 
f 1285/1/1285 1297/1/1297 1291/1/1291 
f 1300/1/1300 1286/1/1286 1289/1/1289 
f 1289/1/1289 1301/1/1301 1300/1/1300 
f 1301/1/1301 1298/1/1298 1296/1/1296 
f 1296/1/1296 1300/1/1300 1301/1/1301 
f 1300/1/1300 1296/1/1296 1281/1/1281 
f 1281/1/1281 1280/1/1280 1300/1/1300 
f 1280/1/1280 1276/1/1276 1286/1/1286 
f 1286/1/1286 1300/1/1300 1280/1/1280 
f 1293/1/1293 1292/1/1292 1302/1/1302 
f 1303/1/1303 1302/1/1302 1304/1/1304 
f 1304/1/1304 1305/1/1305 1303/1/1303 
f 1305/1/1305 1306/1/1306 1307/1/1307 
f 1307/1/1307 1303/1/1303 1305/1/1305 
f 1303/1/1303 1307/1/1307 1294/1/1294 
f 1294/1/1294 1293/1/1293 1303/1/1303 
f 1092/1/1092 1091/1/1091 1308/1/1308 
f 1308/1/1308 1309/1/1309 1092/1/1092 
f 1310/1/1310 1309/1/1309 1308/1/1308 
f 1308/1/1308 1311/1/1311 1310/1/1310 
f 1309/1/1309 1310/1/1310 1289/1/1289 
f 1289/1/1289 1288/1/1288 1309/1/1309 
f 1288/1/1288 1093/1/1093 1092/1/1092 
f 1092/1/1092 1309/1/1309 1288/1/1288 
f 1312/1/1312 1310/1/1310 1311/1/1311 
f 1311/1/1311 1313/1/1313 1312/1/1312 
f 1313/1/1313 1314/1/1314 1315/1/1315 
f 1315/1/1315 1312/1/1312 1313/1/1313 
f 1312/1/1312 1315/1/1315 1298/1/1298 
f 1301/1/1301 1289/1/1289 1310/1/1310 
f 1310/1/1310 1312/1/1312 1301/1/1301 
f 1316/1/1316 1315/1/1315 1314/1/1314 
f 1314/1/1314 1317/1/1317 1316/1/1316 
f 1317/1/1317 1304/1/1304 1302/1/1302 
f 1302/1/1302 1316/1/1316 1317/1/1317 
f 1316/1/1316 1302/1/1302 1292/1/1292 
f 1292/1/1292 1299/1/1299 1316/1/1316 
f 1299/1/1299 1298/1/1298 1315/1/1315 
f 1318/1/1318 1319/1/1319 1320/1/1320 
f 1320/1/1320 1321/1/1321 1318/1/1318 
f 1321/1/1321 1322/1/1322 1323/1/1323 
f 1323/1/1323 1318/1/1318 1321/1/1321 
f 1318/1/1318 1323/1/1323 1306/1/1306 
f 1306/1/1306 1305/1/1305 1318/1/1318 
f 1305/1/1305 1304/1/1304 1319/1/1319 
f 1324/1/1324 1308/1/1308 1091/1/1091 
f 1091/1/1091 1101/1/1101 1324/1/1324 
f 1101/1/1101 1100/1/1100 1325/1/1325 
f 1325/1/1325 1324/1/1324 1101/1/1101 
f 1325/1/1325 1326/1/1326 1327/1/1327 
f 1327/1/1327 1324/1/1324 1325/1/1325 
f 1327/1/1327 1311/1/1311 1308/1/1308 
f 1308/1/1308 1324/1/1324 1327/1/1327 
f 1328/1/1328 1327/1/1327 1326/1/1326 
f 1326/1/1326 1329/1/1329 1328/1/1328 
f 1329/1/1329 1330/1/1330 1331/1/1331 
f 1331/1/1331 1328/1/1328 1329/1/1329 
f 1328/1/1328 1331/1/1331 1314/1/1314 
f 1314/1/1314 1313/1/1313 1328/1/1328 
f 1313/1/1313 1311/1/1311 1327/1/1327 
f 1327/1/1327 1328/1/1328 1313/1/1313 
f 1332/1/1332 1331/1/1331 1330/1/1330 
f 1330/1/1330 1333/1/1333 1332/1/1332 
f 1333/1/1333 1320/1/1320 1319/1/1319 
f 1319/1/1319 1332/1/1332 1333/1/1333 
f 1332/1/1332 1319/1/1319 1304/1/1304 
f 1304/1/1304 1317/1/1317 1332/1/1332 
f 1317/1/1317 1314/1/1314 1331/1/1331 
f 1331/1/1331 1332/1/1332 1317/1/1317 
f 1334/1/1334 1335/1/1335 1336/1/1336 
f 1336/1/1336 1337/1/1337 1334/1/1334 
f 1337/1/1337 1338/1/1338 1339/1/1339 
f 1339/1/1339 1334/1/1334 1337/1/1337 
f 1334/1/1334 1339/1/1339 1340/1/1340 
f 1340/1/1340 1341/1/1341 1334/1/1334 
f 1341/1/1341 1342/1/1342 1335/1/1335 
f 1335/1/1335 1334/1/1334 1341/1/1341 
f 1343/1/1343 1337/1/1337 1336/1/1336 
f 1344/1/1344 1345/1/1345 1346/1/1346 
f 1346/1/1346 1343/1/1343 1344/1/1344 
f 1343/1/1343 1346/1/1346 1347/1/1347 
f 1347/1/1347 1348/1/1348 1343/1/1343 
f 1348/1/1348 1338/1/1338 1337/1/1337 
f 1337/1/1337 1343/1/1343 1348/1/1348 
f 1349/1/1349 1350/1/1350 1351/1/1351 
f 1351/1/1351 1352/1/1352 1349/1/1349 
f 1349/1/1349 1353/1/1353 1354/1/1354 
f 1350/1/1350 1354/1/1354 1355/1/1355 
f 1355/1/1355 1356/1/1356 1350/1/1350 
f 1351/1/1351 1350/1/1350 1356/1/1356 
f 1356/1/1356 1357/1/1357 1351/1/1351 
f 1358/1/1358 1354/1/1354 1353/1/1353 
f 1353/1/1353 1359/1/1359 1358/1/1358 
f 1359/1/1359 1360/1/1360 1361/1/1361 
f 1361/1/1361 1358/1/1358 1359/1/1359 
f 1358/1/1358 1361/1/1361 1362/1/1362 
f 1362/1/1362 1363/1/1363 1358/1/1358 
f 1363/1/1363 1355/1/1355 1354/1/1354 
f 1354/1/1354 1358/1/1358 1363/1/1363 
f 1364/1/1364 1365/1/1365 1136/1/1136 
f 1136/1/1136 1135/1/1135 1364/1/1364 
f 1135/1/1135 1134/1/1134 1366/1/1366 
f 1366/1/1366 1364/1/1364 1135/1/1135 
f 1364/1/1364 1366/1/1366 1367/1/1367 
f 1367/1/1367 1368/1/1368 1364/1/1364 
f 1368/1/1368 1369/1/1369 1365/1/1365 
f 1365/1/1365 1364/1/1364 1368/1/1368 
f 1370/1/1370 1371/1/1371 1372/1/1372 
f 1372/1/1372 1373/1/1373 1370/1/1370 
f 1373/1/1373 1374/1/1374 1375/1/1375 
f 1370/1/1370 1375/1/1375 1360/1/1360 
f 1360/1/1360 1359/1/1359 1370/1/1370 
f 1359/1/1359 1353/1/1353 1371/1/1371 
f 1376/1/1376 1377/1/1377 1374/1/1374 
f 1374/1/1374 1373/1/1373 1376/1/1376 
f 1373/1/1373 1372/1/1372 1378/1/1378 
f 1378/1/1378 1376/1/1376 1373/1/1373 
f 1376/1/1376 1378/1/1378 1369/1/1369 
f 1369/1/1369 1368/1/1368 1376/1/1376 
f 1368/1/1368 1367/1/1367 1377/1/1377 
f 1377/1/1377 1376/1/1376 1368/1/1368 
f 1379/1/1379 1380/1/1380 1381/1/1381 
f 1381/1/1381 1382/1/1382 1379/1/1379 
f 1382/1/1382 1383/1/1383 1384/1/1384 
f 1384/1/1384 1379/1/1379 1382/1/1382 
f 1379/1/1379 1384/1/1384 1385/1/1385 
f 1385/1/1385 1386/1/1386 1379/1/1379 
f 1386/1/1386 1387/1/1387 1380/1/1380 
f 1380/1/1380 1379/1/1379 1386/1/1386 
f 1388/1/1388 1389/1/1389 1390/1/1390 
f 1390/1/1390 1391/1/1391 1388/1/1388 
f 1391/1/1391 1134/1/1134 1132/1/1132 
f 1132/1/1132 1388/1/1388 1391/1/1391 
f 1388/1/1388 1132/1/1132 1131/1/1131 
f 1159/1/1159 1158/1/1158 1389/1/1389 
f 1389/1/1389 1388/1/1388 1159/1/1159 
f 1391/1/1391 1390/1/1390 1392/1/1392 
f 1392/1/1392 1393/1/1393 1391/1/1391 
f 1392/1/1392 1367/1/1367 1366/1/1366 
f 1366/1/1366 1393/1/1393 1392/1/1392 
f 1393/1/1393 1366/1/1366 1134/1/1134 
f 1394/1/1394 1361/1/1361 1360/1/1360 
f 1360/1/1360 1395/1/1395 1394/1/1394 
f 1395/1/1395 1381/1/1381 1380/1/1380 
f 1380/1/1380 1394/1/1394 1395/1/1395 
f 1394/1/1394 1380/1/1380 1387/1/1387 
f 1387/1/1387 1396/1/1396 1394/1/1394 
f 1396/1/1396 1362/1/1362 1361/1/1361 
f 1361/1/1361 1394/1/1394 1396/1/1396 
f 1397/1/1397 1389/1/1389 1158/1/1158 
f 1158/1/1158 1185/1/1185 1397/1/1397 
f 1185/1/1185 1177/1/1177 1398/1/1398 
f 1397/1/1397 1398/1/1398 1399/1/1399 
f 1399/1/1399 1400/1/1400 1397/1/1397 
f 1400/1/1400 1390/1/1390 1389/1/1389 
f 1401/1/1401 1402/1/1402 1403/1/1403 
f 1401/1/1401 1404/1/1404 1390/1/1390 
f 1400/1/1400 1399/1/1399 1402/1/1402 
f 1402/1/1402 1401/1/1401 1400/1/1400 
f 1383/1/1383 1405/1/1405 1406/1/1406 
f 1399/1/1399 1407/1/1407 1406/1/1406 
f 1407/1/1407 578/1/578 577/1/577 
f 577/1/577 1406/1/1406 1407/1/1407 
f 577/1/577 517/1/517 1408/1/1408 
f 1409/1/1409 1403/1/1403 1402/1/1402 
f 1402/1/1402 1399/1/1399 1405/1/1405 
f 1405/1/1405 1410/1/1410 1402/1/1402 
f 1410/1/1410 1405/1/1405 1383/1/1383 
f 1382/1/1382 1381/1/1381 1409/1/1409 
f 1409/1/1409 1410/1/1410 1382/1/1382 
f 1411/1/1411 1167/1/1167 578/1/578 
f 578/1/578 1407/1/1407 1411/1/1411 
f 1407/1/1407 1399/1/1399 1398/1/1398 
f 1398/1/1398 1411/1/1411 1407/1/1407 
f 1411/1/1411 1398/1/1398 1177/1/1177 
f 1177/1/1177 1175/1/1175 1411/1/1411 
f 1175/1/1175 1168/1/1168 1167/1/1167 
f 1167/1/1167 1411/1/1411 1175/1/1175 
f 1412/1/1412 1375/1/1375 1374/1/1374 
f 1374/1/1374 1413/1/1413 1412/1/1412 
f 1413/1/1413 1403/1/1403 1409/1/1409 
f 1409/1/1409 1412/1/1412 1413/1/1413 
f 1412/1/1412 1409/1/1409 1381/1/1381 
f 1395/1/1395 1360/1/1360 1375/1/1375 
f 1375/1/1375 1412/1/1412 1395/1/1395 
f 1392/1/1392 1390/1/1390 1404/1/1404 
f 1404/1/1404 1403/1/1403 1413/1/1413 
f 1413/1/1413 1414/1/1414 1404/1/1404 
f 1413/1/1413 1374/1/1374 1377/1/1377 
f 1414/1/1414 1377/1/1377 1367/1/1367 
f 1415/1/1415 1416/1/1416 1417/1/1417 
f 1417/1/1417 1418/1/1418 1415/1/1415 
f 1418/1/1418 1362/1/1362 1396/1/1396 
f 1396/1/1396 1415/1/1415 1418/1/1418 
f 1415/1/1415 1396/1/1396 1387/1/1387 
f 1387/1/1387 1386/1/1386 1415/1/1415 
f 1386/1/1386 1385/1/1385 1416/1/1416 
f 1418/1/1418 1417/1/1417 1419/1/1419 
f 1419/1/1419 1420/1/1420 1418/1/1418 
f 1419/1/1419 1421/1/1421 1422/1/1422 
f 1422/1/1422 1420/1/1420 1419/1/1419 
f 1420/1/1420 1422/1/1422 1355/1/1355 
f 1363/1/1363 1362/1/1362 1418/1/1418 
f 1418/1/1418 1420/1/1420 1363/1/1363 
f 1423/1/1423 1424/1/1424 1425/1/1425 
f 1425/1/1425 1426/1/1426 1423/1/1423 
f 1426/1/1426 1427/1/1427 1428/1/1428 
f 1428/1/1428 1423/1/1423 1426/1/1426 
f 1423/1/1423 1428/1/1428 1421/1/1421 
f 1419/1/1419 1417/1/1417 1424/1/1424 
f 1424/1/1424 1423/1/1423 1419/1/1419 
f 1356/1/1356 1355/1/1355 1422/1/1422 
f 1422/1/1422 1429/1/1429 1356/1/1356 
f 1429/1/1429 1422/1/1422 1421/1/1421 
f 1421/1/1421 1430/1/1430 1429/1/1429 
f 1429/1/1429 1430/1/1430 1431/1/1431 
f 1431/1/1431 1432/1/1432 1429/1/1429 
f 1357/1/1357 1356/1/1356 1429/1/1429 
f 1430/1/1430 1421/1/1421 1428/1/1428 
f 1428/1/1428 1433/1/1433 1430/1/1430 
f 1434/1/1434 1433/1/1433 1428/1/1428 
f 1428/1/1428 1427/1/1427 1434/1/1434 
f 1433/1/1433 1434/1/1434 1435/1/1435 
f 1435/1/1435 1436/1/1436 1433/1/1433 
f 1436/1/1436 1431/1/1431 1430/1/1430 
f 1430/1/1430 1433/1/1433 1436/1/1436 
f 1437/1/1437 1438/1/1438 1439/1/1439 
f 1439/1/1439 1440/1/1440 1437/1/1437 
f 1440/1/1440 1441/1/1441 1442/1/1442 
f 1442/1/1442 1437/1/1437 1440/1/1440 
f 1437/1/1437 1442/1/1442 1443/1/1443 
f 1443/1/1443 1444/1/1444 1437/1/1437 
f 1444/1/1444 1445/1/1445 1438/1/1438 
f 1438/1/1438 1437/1/1437 1444/1/1444 
f 1446/1/1446 1447/1/1447 1448/1/1448 
f 1448/1/1448 1449/1/1449 1446/1/1446 
f 1449/1/1449 1450/1/1450 1451/1/1451 
f 1451/1/1451 1446/1/1446 1449/1/1449 
f 1446/1/1446 1451/1/1451 1342/1/1342 
f 1342/1/1342 1341/1/1341 1446/1/1446 
f 1341/1/1341 1340/1/1340 1447/1/1447 
f 1447/1/1447 1446/1/1446 1341/1/1341 
f 1452/1/1452 1453/1/1453 1454/1/1454 
f 1454/1/1454 1455/1/1455 1452/1/1452 
f 1455/1/1455 1306/1/1306 1323/1/1323 
f 1323/1/1323 1452/1/1452 1455/1/1455 
f 1452/1/1452 1323/1/1323 1322/1/1322 
f 1322/1/1322 1456/1/1456 1452/1/1452 
f 1456/1/1456 1457/1/1457 1453/1/1453 
f 1453/1/1453 1452/1/1452 1456/1/1456 
f 1458/1/1458 1295/1/1295 1294/1/1294 
f 1294/1/1294 1459/1/1459 1458/1/1458 
f 1459/1/1459 1460/1/1460 1461/1/1461 
f 1461/1/1461 1458/1/1458 1459/1/1459 
f 1458/1/1458 1461/1/1461 985/1/985 
f 985/1/985 984/1/984 1458/1/1458 
f 984/1/984 983/1/983 1295/1/1295 
f 1295/1/1295 1458/1/1458 984/1/984 
f 1462/1/1462 1463/1/1463 1460/1/1460 
f 1460/1/1460 1459/1/1459 1462/1/1462 
f 1459/1/1459 1294/1/1294 1307/1/1307 
f 1307/1/1307 1462/1/1462 1459/1/1459 
f 1462/1/1462 1307/1/1307 1306/1/1306 
f 1306/1/1306 1455/1/1455 1462/1/1462 
f 1455/1/1455 1454/1/1454 1463/1/1463 
f 1463/1/1463 1462/1/1462 1455/1/1455 
f 1464/1/1464 1461/1/1461 1460/1/1460 
f 1460/1/1460 1465/1/1465 1464/1/1464 
f 1465/1/1465 1466/1/1466 1467/1/1467 
f 1464/1/1464 1467/1/1467 1468/1/1468 
f 1469/1/1469 985/1/985 1461/1/1461 
f 1461/1/1461 1464/1/1464 1469/1/1469 
f 1470/1/1470 979/1/979 985/1/985 
f 985/1/985 1469/1/1469 1470/1/1470 
f 1469/1/1469 1468/1/1468 1471/1/1471 
f 1471/1/1471 1470/1/1470 1469/1/1469 
f 1470/1/1470 1471/1/1471 830/1/830 
f 830/1/830 829/1/829 1470/1/1470 
f 829/1/829 828/1/828 979/1/979 
f 979/1/979 1470/1/1470 829/1/829 
f 1472/1/1472 1473/1/1473 1466/1/1466 
f 1465/1/1465 1460/1/1460 1463/1/1463 
f 1463/1/1463 1472/1/1472 1465/1/1465 
f 1472/1/1472 1463/1/1463 1454/1/1454 
f 1454/1/1454 1474/1/1474 1472/1/1472 
f 1475/1/1475 1473/1/1473 1472/1/1472 
f 1476/1/1476 1468/1/1468 1467/1/1467 
f 1467/1/1467 1477/1/1477 1476/1/1476 
f 1477/1/1477 1467/1/1467 1466/1/1466 
f 1466/1/1466 1478/1/1478 1477/1/1477 
f 1477/1/1477 1478/1/1478 1479/1/1479 
f 1479/1/1479 1476/1/1476 1477/1/1477 
f 1480/1/1480 1424/1/1424 1417/1/1417 
f 1417/1/1417 1481/1/1481 1480/1/1480 
f 1481/1/1481 1482/1/1482 1483/1/1483 
f 1483/1/1483 1480/1/1480 1481/1/1481 
f 1480/1/1480 1483/1/1483 1484/1/1484 
f 1484/1/1484 1485/1/1485 1480/1/1480 
f 1485/1/1485 1425/1/1425 1424/1/1424 
f 1424/1/1424 1480/1/1480 1485/1/1485 
f 1486/1/1486 1487/1/1487 1488/1/1488 
f 1488/1/1488 1489/1/1489 1486/1/1486 
f 1489/1/1489 1482/1/1482 1490/1/1490 
f 1490/1/1490 1486/1/1486 1489/1/1489 
f 1490/1/1490 1491/1/1491 1487/1/1487 
f 1487/1/1487 1486/1/1486 1490/1/1490 
f 1492/1/1492 1416/1/1416 1385/1/1385 
f 1493/1/1493 1491/1/1491 1490/1/1490 
f 1492/1/1492 1490/1/1490 1482/1/1482 
f 1482/1/1482 1481/1/1481 1492/1/1492 
f 1481/1/1481 1417/1/1417 1416/1/1416 
f 1494/1/1494 1495/1/1495 1496/1/1496 
f 1496/1/1496 1497/1/1497 1494/1/1494 
f 1497/1/1497 1496/1/1496 1498/1/1498 
f 1498/1/1498 1499/1/1499 1497/1/1497 
f 1497/1/1497 1499/1/1499 1500/1/1500 
f 1500/1/1500 1501/1/1501 1497/1/1497 
f 1501/1/1501 1502/1/1502 1494/1/1494 
f 1494/1/1494 1497/1/1497 1501/1/1501 
f 1503/1/1503 1504/1/1504 1505/1/1505 
f 1503/1/1503 1506/1/1506 1507/1/1507 
f 1507/1/1507 1508/1/1508 1503/1/1503 
f 1508/1/1508 1509/1/1509 1510/1/1510 
f 1510/1/1510 1503/1/1503 1508/1/1508 
f 1510/1/1510 1511/1/1511 1504/1/1504 
f 1504/1/1504 1503/1/1503 1510/1/1510 
f 1512/1/1512 1513/1/1513 1514/1/1514 
f 1514/1/1514 1515/1/1515 1512/1/1512 
f 1512/1/1512 1515/1/1515 1516/1/1516 
f 1516/1/1516 1517/1/1517 1512/1/1512 
f 1504/1/1504 1512/1/1512 1517/1/1517 
f 1517/1/1517 1505/1/1505 1504/1/1504 
f 1512/1/1512 1504/1/1504 1511/1/1511 
f 1511/1/1511 1513/1/1513 1512/1/1512 
f 1517/1/1517 1516/1/1516 1518/1/1518 
f 1518/1/1518 1519/1/1519 1517/1/1517 
f 1519/1/1519 1518/1/1518 1520/1/1520 
f 1520/1/1520 1521/1/1521 1519/1/1519 
f 1519/1/1519 1521/1/1521 1507/1/1507 
f 1507/1/1507 1506/1/1506 1519/1/1519 
f 1519/1/1519 1506/1/1506 1505/1/1505 
f 1505/1/1505 1517/1/1517 1519/1/1519 
f 1501/1/1501 1500/1/1500 1522/1/1522 
f 1522/1/1522 1523/1/1523 1501/1/1501 
f 1515/1/1515 1523/1/1523 1522/1/1522 
f 1522/1/1522 1516/1/1516 1515/1/1515 
f 1515/1/1515 1514/1/1514 1524/1/1524 
f 1524/1/1524 1523/1/1523 1515/1/1515 
f 1523/1/1523 1524/1/1524 1502/1/1502 
f 1502/1/1502 1501/1/1501 1523/1/1523 
f 1525/1/1525 1499/1/1499 1498/1/1498 
f 1526/1/1526 1520/1/1520 1518/1/1518 
f 1525/1/1525 1518/1/1518 1516/1/1516 
f 1516/1/1516 1522/1/1522 1525/1/1525 
f 1522/1/1522 1500/1/1500 1499/1/1499 
f 1499/1/1499 1525/1/1525 1522/1/1522 
f 1527/1/1527 1496/1/1496 1495/1/1495 
f 1495/1/1495 1528/1/1528 1527/1/1527 
f 1528/1/1528 1529/1/1529 1530/1/1530 
f 1530/1/1530 1527/1/1527 1528/1/1528 
f 1527/1/1527 1530/1/1530 1520/1/1520 
f 1520/1/1520 1526/1/1526 1527/1/1527 
f 1526/1/1526 1498/1/1498 1496/1/1496 
f 1496/1/1496 1527/1/1527 1526/1/1526 
f 1531/1/1531 1532/1/1532 1509/1/1509 
f 1509/1/1509 1508/1/1508 1531/1/1531 
f 1508/1/1508 1507/1/1507 1521/1/1521 
f 1521/1/1521 1531/1/1531 1508/1/1508 
f 1531/1/1531 1521/1/1521 1520/1/1520 
f 1520/1/1520 1530/1/1530 1531/1/1531 
f 1530/1/1530 1529/1/1529 1532/1/1532 
f 1532/1/1532 1531/1/1531 1530/1/1530 
f 1533/1/1533 1534/1/1534 1535/1/1535 
f 1535/1/1535 1536/1/1536 1533/1/1533 
f 1536/1/1536 1537/1/1537 1538/1/1538 
f 1538/1/1538 1533/1/1533 1536/1/1536 
f 1533/1/1533 1538/1/1538 1539/1/1539 
f 1539/1/1539 1540/1/1540 1533/1/1533 
f 1540/1/1540 1541/1/1541 1534/1/1534 
f 1534/1/1534 1533/1/1533 1540/1/1540 
f 1542/1/1542 1536/1/1536 1535/1/1535 
f 1535/1/1535 1543/1/1543 1542/1/1542 
f 1543/1/1543 1544/1/1544 1545/1/1545 
f 1545/1/1545 1542/1/1542 1543/1/1543 
f 1542/1/1542 1545/1/1545 1546/1/1546 
f 1546/1/1546 1547/1/1547 1542/1/1542 
f 1547/1/1547 1537/1/1537 1536/1/1536 
f 1536/1/1536 1542/1/1542 1547/1/1547 
f 1548/1/1548 1549/1/1549 1550/1/1550 
f 1550/1/1550 1551/1/1551 1548/1/1548 
f 1551/1/1551 1535/1/1535 1534/1/1534 
f 1534/1/1534 1548/1/1548 1551/1/1551 
f 1548/1/1548 1534/1/1534 1541/1/1541 
f 1541/1/1541 1552/1/1552 1548/1/1548 
f 1552/1/1552 1553/1/1553 1549/1/1549 
f 1549/1/1549 1548/1/1548 1552/1/1552 
f 1554/1/1554 1551/1/1551 1550/1/1550 
f 1550/1/1550 1555/1/1555 1554/1/1554 
f 1555/1/1555 1556/1/1556 1557/1/1557 
f 1557/1/1557 1554/1/1554 1555/1/1555 
f 1554/1/1554 1557/1/1557 1544/1/1544 
f 1544/1/1544 1543/1/1543 1554/1/1554 
f 1543/1/1543 1535/1/1535 1551/1/1551 
f 1551/1/1551 1554/1/1554 1543/1/1543 
f 1558/1/1558 1487/1/1487 1491/1/1491 
f 1491/1/1491 1559/1/1559 1558/1/1558 
f 1559/1/1559 1560/1/1560 1561/1/1561 
f 1561/1/1561 1558/1/1558 1559/1/1559 
f 1558/1/1558 1561/1/1561 1553/1/1553 
f 1553/1/1553 1562/1/1562 1558/1/1558 
f 1562/1/1562 1488/1/1488 1487/1/1487 
f 1487/1/1487 1558/1/1558 1562/1/1562 
f 1563/1/1563 1556/1/1556 1564/1/1564 
f 1564/1/1564 1565/1/1565 1566/1/1566 
f 1566/1/1566 1567/1/1567 1564/1/1564 
f 1566/1/1566 816/1/816 823/1/823 
f 823/1/823 822/1/822 1563/1/1563 
f 1563/1/1563 1567/1/1567 823/1/823 
f 1568/1/1568 817/1/817 816/1/816 
f 1566/1/1566 1565/1/1565 1569/1/1569 
f 1568/1/1568 1569/1/1569 506/1/506 
f 506/1/506 808/1/808 1568/1/1568 
f 808/1/808 799/1/799 817/1/817 
f 817/1/817 1568/1/1568 808/1/808 
f 1570/1/1570 1571/1/1571 1560/1/1560 
f 1572/1/1572 1383/1/1383 1408/1/1408 
f 1570/1/1570 1408/1/1408 517/1/517 
f 516/1/516 522/1/522 1571/1/1571 
f 1572/1/1572 1560/1/1560 1559/1/1559 
f 1559/1/1559 1573/1/1573 1572/1/1572 
f 1559/1/1559 1491/1/1491 1493/1/1493 
f 1493/1/1493 1573/1/1573 1559/1/1559 
f 1493/1/1493 1385/1/1385 1384/1/1384 
f 1384/1/1384 1573/1/1573 1493/1/1493 
f 1384/1/1384 1383/1/1383 1572/1/1572 
f 1574/1/1574 507/1/507 506/1/506 
f 506/1/506 1569/1/1569 1574/1/1574 
f 1569/1/1569 1565/1/1565 1575/1/1575 
f 1575/1/1575 1574/1/1574 1569/1/1569 
f 1575/1/1575 1576/1/1576 1577/1/1577 
f 1577/1/1577 508/1/508 507/1/507 
f 1578/1/1578 1549/1/1549 1553/1/1553 
f 1561/1/1561 1560/1/1560 1579/1/1579 
f 1578/1/1578 1579/1/1579 1580/1/1580 
f 1580/1/1580 1581/1/1581 1578/1/1578 
f 1581/1/1581 1550/1/1550 1549/1/1549 
f 1582/1/1582 512/1/512 494/1/494 
f 494/1/494 1583/1/1583 1582/1/1582 
f 1583/1/1583 1576/1/1576 1584/1/1584 
f 1584/1/1584 1582/1/1582 1583/1/1583 
f 1584/1/1584 522/1/522 521/1/521 
f 521/1/521 1582/1/1582 1584/1/1584 
f 521/1/521 513/1/513 512/1/512 
f 512/1/512 1582/1/1582 521/1/521 
f 1585/1/1585 493/1/493 492/1/492 
f 503/1/503 508/1/508 1577/1/1577 
f 1577/1/1577 1576/1/1576 1583/1/1583 
f 1583/1/1583 1585/1/1585 1577/1/1577 
f 1583/1/1583 494/1/494 493/1/493 
f 1586/1/1586 1576/1/1576 1575/1/1575 
f 1575/1/1575 1587/1/1587 1586/1/1586 
f 1587/1/1587 1575/1/1575 1565/1/1565 
f 1587/1/1587 1588/1/1588 1580/1/1580 
f 1580/1/1580 1586/1/1586 1587/1/1587 
f 1589/1/1589 1571/1/1571 522/1/522 
f 522/1/522 1584/1/1584 1589/1/1589 
f 1584/1/1584 1576/1/1576 1586/1/1586 
f 1586/1/1586 1589/1/1589 1584/1/1584 
f 1586/1/1586 1580/1/1580 1579/1/1579 
f 1579/1/1579 1560/1/1560 1571/1/1571 
f 1571/1/1571 1589/1/1589 1579/1/1579 
f 1590/1/1590 1555/1/1555 1550/1/1550 
f 1550/1/1550 1581/1/1581 1590/1/1590 
f 1581/1/1581 1580/1/1580 1588/1/1588 
f 1588/1/1588 1590/1/1590 1581/1/1581 
f 1590/1/1590 1588/1/1588 1565/1/1565 
f 1565/1/1565 1564/1/1564 1590/1/1590 
f 1564/1/1564 1556/1/1556 1555/1/1555 
f 1555/1/1555 1590/1/1590 1564/1/1564 
f 1591/1/1591 1563/1/1563 822/1/822 
f 822/1/822 821/1/821 1591/1/1591 
f 1591/1/1591 821/1/821 820/1/820 
f 1592/1/1592 1593/1/1593 1594/1/1594 
f 1594/1/1594 1591/1/1591 1592/1/1592 
f 1594/1/1594 1556/1/1556 1563/1/1563 
f 1595/1/1595 1596/1/1596 1597/1/1597 
f 1597/1/1597 1598/1/1598 1595/1/1595 
f 1597/1/1597 1599/1/1599 1600/1/1600 
f 1598/1/1598 1600/1/1600 830/1/830 
f 1471/1/1471 1468/1/1468 1595/1/1595 
f 1595/1/1595 1598/1/1598 1471/1/1471 
f 1601/1/1601 1599/1/1599 1597/1/1597 
f 1597/1/1597 1602/1/1602 1601/1/1601 
f 1602/1/1602 1597/1/1597 1596/1/1596 
f 1596/1/1596 1603/1/1603 1602/1/1602 
f 1602/1/1602 1603/1/1603 1604/1/1604 
f 1605/1/1605 1606/1/1606 1599/1/1599 
f 1601/1/1601 1604/1/1604 1607/1/1607 
f 1607/1/1607 1605/1/1605 1601/1/1601 
f 1605/1/1605 1607/1/1607 1593/1/1593 
f 1592/1/1592 820/1/820 1606/1/1606 
f 1606/1/1606 1605/1/1605 1592/1/1592 
f 1608/1/1608 1609/1/1609 1610/1/1610 
f 1596/1/1596 1595/1/1595 1610/1/1610 
f 1610/1/1610 1595/1/1595 1468/1/1468 
f 1476/1/1476 1479/1/1479 1611/1/1611 
f 1611/1/1611 1610/1/1610 1476/1/1476 
f 1612/1/1612 1594/1/1594 1593/1/1593 
f 1593/1/1593 1613/1/1613 1612/1/1612 
f 1613/1/1613 1614/1/1614 1615/1/1615 
f 1615/1/1615 1612/1/1612 1613/1/1613 
f 1612/1/1612 1615/1/1615 1544/1/1544 
f 1544/1/1544 1557/1/1557 1612/1/1612 
f 1557/1/1557 1556/1/1556 1594/1/1594 
f 1594/1/1594 1612/1/1612 1557/1/1557 
f 1616/1/1616 1607/1/1607 1604/1/1604 
f 1604/1/1604 1617/1/1617 1616/1/1616 
f 1617/1/1617 1618/1/1618 1619/1/1619 
f 1619/1/1619 1616/1/1616 1617/1/1617 
f 1616/1/1616 1619/1/1619 1614/1/1614 
f 1614/1/1614 1613/1/1613 1616/1/1616 
f 1613/1/1613 1593/1/1593 1607/1/1607 
f 1607/1/1607 1616/1/1616 1613/1/1613 
f 1620/1/1620 1609/1/1609 1608/1/1608 
f 1608/1/1608 1621/1/1621 1620/1/1620 
f 1621/1/1621 1618/1/1618 1617/1/1617 
f 1617/1/1617 1620/1/1620 1621/1/1621 
f 1617/1/1617 1604/1/1604 1603/1/1603 
f 1603/1/1603 1620/1/1620 1617/1/1617 
f 1620/1/1620 1603/1/1603 1596/1/1596 
f 1596/1/1596 1609/1/1609 1620/1/1620 
f 1622/1/1622 1615/1/1615 1614/1/1614 
f 1614/1/1614 1623/1/1623 1622/1/1622 
f 1623/1/1623 1624/1/1624 1625/1/1625 
f 1625/1/1625 1622/1/1622 1623/1/1623 
f 1622/1/1622 1625/1/1625 1546/1/1546 
f 1546/1/1546 1545/1/1545 1622/1/1622 
f 1545/1/1545 1544/1/1544 1615/1/1615 
f 1615/1/1615 1622/1/1622 1545/1/1545 
f 1626/1/1626 1627/1/1627 1628/1/1628 
f 1628/1/1628 1629/1/1629 1626/1/1626 
f 1629/1/1629 1630/1/1630 1631/1/1631 
f 1631/1/1631 1626/1/1626 1629/1/1629 
f 1626/1/1626 1631/1/1631 1618/1/1618 
f 1618/1/1618 1621/1/1621 1626/1/1626 
f 1621/1/1621 1608/1/1608 1627/1/1627 
f 1627/1/1627 1626/1/1626 1621/1/1621 
f 1619/1/1619 1618/1/1618 1631/1/1631 
f 1631/1/1631 1632/1/1632 1619/1/1619 
f 1632/1/1632 1631/1/1631 1630/1/1630 
f 1630/1/1630 1633/1/1633 1632/1/1632 
f 1632/1/1632 1633/1/1633 1624/1/1624 
f 1624/1/1624 1623/1/1623 1632/1/1632 
f 1623/1/1623 1614/1/1614 1619/1/1619 
f 1619/1/1619 1632/1/1632 1623/1/1623 
f 1634/1/1634 1625/1/1625 1624/1/1624 
f 1624/1/1624 1635/1/1635 1634/1/1634 
f 1634/1/1634 1635/1/1635 1636/1/1636 
f 1636/1/1636 1637/1/1637 1634/1/1634 
f 1634/1/1634 1637/1/1637 1638/1/1638 
f 1638/1/1638 1639/1/1639 1634/1/1634 
f 1639/1/1639 1546/1/1546 1625/1/1625 
f 1625/1/1625 1634/1/1634 1639/1/1639 
f 1640/1/1640 1641/1/1641 1642/1/1642 
f 1642/1/1642 1643/1/1643 1640/1/1640 
f 1643/1/1643 1644/1/1644 1645/1/1645 
f 1645/1/1645 1640/1/1640 1643/1/1643 
f 1640/1/1640 1645/1/1645 1630/1/1630 
f 1630/1/1630 1629/1/1629 1640/1/1640 
f 1629/1/1629 1628/1/1628 1641/1/1641 
f 1641/1/1641 1640/1/1640 1629/1/1629 
f 1646/1/1646 1645/1/1645 1644/1/1644 
f 1644/1/1644 1647/1/1647 1646/1/1646 
f 1647/1/1647 1636/1/1636 1635/1/1635 
f 1635/1/1635 1646/1/1646 1647/1/1647 
f 1646/1/1646 1635/1/1635 1624/1/1624 
f 1624/1/1624 1633/1/1633 1646/1/1646 
f 1633/1/1633 1630/1/1630 1645/1/1645 
f 1645/1/1645 1646/1/1646 1633/1/1633 
f 1648/1/1648 1649/1/1649 1650/1/1650 
f 1650/1/1650 1651/1/1651 1648/1/1648 
f 1651/1/1651 1652/1/1652 1653/1/1653 
f 1653/1/1653 1648/1/1648 1651/1/1651 
f 1648/1/1648 1653/1/1653 1654/1/1654 
f 1654/1/1654 1655/1/1655 1648/1/1648 
f 1655/1/1655 1656/1/1656 1649/1/1649 
f 1649/1/1649 1648/1/1648 1655/1/1655 
f 1657/1/1657 1658/1/1658 1659/1/1659 
f 1659/1/1659 1660/1/1660 1657/1/1657 
f 1660/1/1660 1659/1/1659 1661/1/1661 
f 1661/1/1661 1662/1/1662 1660/1/1660 
f 1662/1/1662 1650/1/1650 1649/1/1649 
f 1649/1/1649 1660/1/1660 1662/1/1662 
f 1660/1/1660 1649/1/1649 1656/1/1656 
f 1656/1/1656 1657/1/1657 1660/1/1660 
f 1663/1/1663 1664/1/1664 1665/1/1665 
f 1665/1/1665 1666/1/1666 1663/1/1663 
f 1666/1/1666 1661/1/1661 1659/1/1659 
f 1659/1/1659 1663/1/1663 1666/1/1666 
f 1663/1/1663 1659/1/1659 1658/1/1658 
f 1658/1/1658 1667/1/1667 1663/1/1663 
f 1667/1/1667 1668/1/1668 1664/1/1664 
f 1664/1/1664 1663/1/1663 1667/1/1667 
f 1669/1/1669 1670/1/1670 1671/1/1671 
f 1671/1/1671 1672/1/1672 1669/1/1669 
f 1672/1/1672 158/1/158 157/1/157 
f 157/1/157 1669/1/1669 1672/1/1672 
f 1669/1/1669 157/1/157 156/1/156 
f 156/1/156 1673/1/1673 1669/1/1669 
f 1673/1/1673 1674/1/1674 1670/1/1670 
f 1670/1/1670 1669/1/1669 1673/1/1673 
f 166/1/166 165/1/165 1675/1/1675 
f 1675/1/1675 1676/1/1676 166/1/166 
f 1676/1/1676 1675/1/1675 1677/1/1677 
f 1677/1/1677 1678/1/1678 1676/1/1676 
f 1676/1/1676 1678/1/1678 1674/1/1674 
f 1673/1/1673 156/1/156 166/1/166 
f 166/1/166 1676/1/1676 1673/1/1673 
f 1679/1/1679 1675/1/1675 165/1/165 
f 165/1/165 174/1/174 1679/1/1679 
f 174/1/174 173/1/173 1680/1/1680 
f 1680/1/1680 1679/1/1679 174/1/174 
f 1679/1/1679 1680/1/1680 1681/1/1681 
f 1682/1/1682 1677/1/1677 1675/1/1675 
f 1675/1/1675 1679/1/1679 1682/1/1682 
f 1683/1/1683 1684/1/1684 1685/1/1685 
f 1685/1/1685 1686/1/1686 1683/1/1683 
f 1686/1/1686 1685/1/1685 1687/1/1687 
f 1687/1/1687 1688/1/1688 1686/1/1686 
f 1688/1/1688 1689/1/1689 1690/1/1690 
f 1690/1/1690 1686/1/1686 1688/1/1688 
f 1686/1/1686 1690/1/1690 1115/1/1115 
f 1115/1/1115 1683/1/1683 1686/1/1686 
f 1691/1/1691 259/1/259 258/1/258 
f 258/1/258 1692/1/1692 1691/1/1691 
f 1692/1/1692 1693/1/1693 1694/1/1694 
f 1691/1/1691 1694/1/1694 120/1/120 
f 120/1/120 119/1/119 1691/1/1691 
f 119/1/119 124/1/124 259/1/259 
f 259/1/259 1691/1/1691 119/1/119 
f 1695/1/1695 111/1/111 118/1/118 
f 118/1/118 1696/1/1696 1695/1/1695 
f 1695/1/1695 1696/1/1696 1697/1/1697 
f 1697/1/1697 1698/1/1698 1695/1/1695 
f 1698/1/1698 127/1/127 126/1/126 
f 126/1/126 1695/1/1695 1698/1/1698 
f 126/1/126 112/1/112 111/1/111 
f 111/1/111 1695/1/1695 126/1/126 
f 1699/1/1699 1700/1/1700 1701/1/1701 
f 1701/1/1701 1702/1/1702 1699/1/1699 
f 1702/1/1702 1693/1/1693 1692/1/1692 
f 1692/1/1692 1699/1/1699 1702/1/1702 
f 1699/1/1699 1692/1/1692 258/1/258 
f 258/1/258 312/1/312 1699/1/1699 
f 312/1/312 311/1/311 1700/1/1700 
f 1700/1/1700 1699/1/1699 312/1/312 
f 1703/1/1703 1212/1/1212 1216/1/1216 
f 1216/1/1216 1704/1/1704 1703/1/1703 
f 1704/1/1704 1705/1/1705 1706/1/1706 
f 1703/1/1703 1706/1/1706 1199/1/1199 
f 1199/1/1199 1198/1/1198 1703/1/1703 
f 1703/1/1703 1198/1/1198 1197/1/1197 
f 1197/1/1197 1212/1/1212 1703/1/1703 
f 1707/1/1707 1708/1/1708 1709/1/1709 
f 1709/1/1709 1710/1/1710 1707/1/1707 
f 1710/1/1710 1199/1/1199 1706/1/1706 
f 1706/1/1706 1707/1/1707 1710/1/1710 
f 1707/1/1707 1706/1/1706 1705/1/1705 
f 1711/1/1711 1712/1/1712 1708/1/1708 
f 1708/1/1708 1707/1/1707 1711/1/1711 
f 1713/1/1713 1226/1/1226 1225/1/1225 
f 1225/1/1225 1714/1/1714 1713/1/1713 
f 1714/1/1714 1705/1/1705 1704/1/1704 
f 1704/1/1704 1713/1/1713 1714/1/1714 
f 1713/1/1713 1704/1/1704 1216/1/1216 
f 1216/1/1216 1215/1/1215 1713/1/1713 
f 1215/1/1215 1214/1/1214 1226/1/1226 
f 1226/1/1226 1713/1/1713 1215/1/1215 
f 1715/1/1715 1221/1/1221 1219/1/1219 
f 1219/1/1219 1218/1/1218 1715/1/1715 
f 1218/1/1218 1209/1/1209 1716/1/1716 
f 1716/1/1716 1715/1/1715 1218/1/1218 
f 1716/1/1716 1717/1/1717 1718/1/1718 
f 1718/1/1718 1223/1/1223 1221/1/1221 
f 1719/1/1719 1720/1/1720 1721/1/1721 
f 1721/1/1721 1722/1/1722 1719/1/1719 
f 1722/1/1722 1721/1/1721 1511/1/1511 
f 1511/1/1511 1510/1/1510 1722/1/1722 
f 1722/1/1722 1510/1/1510 1509/1/1509 
f 1509/1/1509 1723/1/1723 1722/1/1722 
f 1723/1/1723 1724/1/1724 1719/1/1719 
f 1719/1/1719 1722/1/1722 1723/1/1723 
f 1725/1/1725 1726/1/1726 1514/1/1514 
f 1513/1/1513 1511/1/1511 1721/1/1721 
f 1721/1/1721 1725/1/1725 1513/1/1513 
f 1725/1/1725 1721/1/1721 1720/1/1720 
f 1727/1/1727 1728/1/1728 1726/1/1726 
f 1726/1/1726 1725/1/1725 1727/1/1727 
f 1729/1/1729 1730/1/1730 1731/1/1731 
f 1731/1/1731 1732/1/1732 1729/1/1729 
f 1732/1/1732 1733/1/1733 1734/1/1734 
f 1734/1/1734 1729/1/1729 1732/1/1732 
f 1729/1/1729 1734/1/1734 1529/1/1529 
f 1529/1/1529 1528/1/1528 1729/1/1729 
f 1528/1/1528 1495/1/1495 1730/1/1730 
f 1730/1/1730 1729/1/1729 1528/1/1528 
f 1735/1/1735 1532/1/1532 1529/1/1529 
f 1529/1/1529 1734/1/1734 1735/1/1735 
f 1734/1/1734 1733/1/1733 1736/1/1736 
f 1736/1/1736 1735/1/1735 1734/1/1734 
f 1736/1/1736 1724/1/1724 1723/1/1723 
f 1723/1/1723 1735/1/1735 1736/1/1736 
f 1723/1/1723 1509/1/1509 1532/1/1532 
f 1532/1/1532 1735/1/1735 1723/1/1723 
f 1189/1/1189 1188/1/1188 1737/1/1737 
f 1737/1/1737 1738/1/1738 1189/1/1189 
f 1737/1/1737 1739/1/1739 1740/1/1740 
f 1740/1/1740 1738/1/1738 1737/1/1737 
f 1738/1/1738 1740/1/1740 1206/1/1206 
f 1206/1/1206 1205/1/1205 1738/1/1738 
f 1205/1/1205 1190/1/1190 1189/1/1189 
f 1189/1/1189 1738/1/1738 1205/1/1205 
f 1741/1/1741 1207/1/1207 1206/1/1206 
f 1206/1/1206 1740/1/1740 1741/1/1741 
f 1740/1/1740 1739/1/1739 1742/1/1742 
f 1742/1/1742 1741/1/1741 1740/1/1740 
f 1741/1/1741 1742/1/1742 1717/1/1717 
f 1716/1/1716 1209/1/1209 1207/1/1207 
f 1207/1/1207 1741/1/1741 1716/1/1716 
f 1743/1/1743 1744/1/1744 1110/1/1110 
f 1110/1/1110 1109/1/1109 1743/1/1743 
f 1109/1/1109 1108/1/1108 1745/1/1745 
f 1745/1/1745 1743/1/1743 1109/1/1109 
f 1743/1/1743 1745/1/1745 1746/1/1746 
f 1746/1/1746 1747/1/1747 1743/1/1743 
f 1747/1/1747 1748/1/1748 1744/1/1744 
f 1744/1/1744 1743/1/1743 1747/1/1747 
f 1749/1/1749 1750/1/1750 1748/1/1748 
f 1748/1/1748 1747/1/1747 1749/1/1749 
f 1747/1/1747 1746/1/1746 1751/1/1751 
f 1751/1/1751 1749/1/1749 1747/1/1747 
f 1346/1/1346 1749/1/1749 1751/1/1751 
f 1751/1/1751 1347/1/1347 1346/1/1346 
f 1750/1/1750 1749/1/1749 1346/1/1346 
f 1346/1/1346 1345/1/1345 1750/1/1750 
f 1752/1/1752 1753/1/1753 1754/1/1754 
f 1754/1/1754 1755/1/1755 1752/1/1752 
f 1755/1/1755 1756/1/1756 1757/1/1757 
f 1757/1/1757 1752/1/1752 1755/1/1755 
f 1752/1/1752 1757/1/1757 1758/1/1758 
f 1758/1/1758 1759/1/1759 1752/1/1752 
f 1759/1/1759 1760/1/1760 1753/1/1753 
f 1753/1/1753 1752/1/1752 1759/1/1759 
f 1761/1/1761 1762/1/1762 1763/1/1763 
f 1763/1/1763 1764/1/1764 1761/1/1761 
f 1761/1/1761 1765/1/1765 1766/1/1766 
f 1766/1/1766 1762/1/1762 1761/1/1761 
f 1762/1/1762 1766/1/1766 141/1/141 
f 141/1/141 140/1/140 1762/1/1762 
f 140/1/140 147/1/147 1763/1/1763 
f 1763/1/1763 1762/1/1762 140/1/140 
f 1767/1/1767 1768/1/1768 1769/1/1769 
f 1769/1/1769 1770/1/1770 1767/1/1767 
f 1770/1/1770 1769/1/1769 1771/1/1771 
f 1771/1/1771 1772/1/1772 1770/1/1770 
f 1770/1/1770 1772/1/1772 1773/1/1773 
f 1773/1/1773 1774/1/1774 1770/1/1770 
f 1770/1/1770 1774/1/1774 1775/1/1775 
f 1775/1/1775 1767/1/1767 1770/1/1770 
f 1776/1/1776 1777/1/1777 1773/1/1773 
f 1773/1/1773 1772/1/1772 1776/1/1776 
f 1772/1/1772 1771/1/1771 1778/1/1778 
f 1778/1/1778 1776/1/1776 1772/1/1772 
f 1776/1/1776 1778/1/1778 127/1/127 
f 127/1/127 1698/1/1698 1776/1/1776 
f 1698/1/1698 1697/1/1697 1777/1/1777 
f 1777/1/1777 1776/1/1776 1698/1/1698 
f 1779/1/1779 1778/1/1778 1771/1/1771 
f 1780/1/1780 1781/1/1781 1782/1/1782 
f 1782/1/1782 1779/1/1779 1780/1/1780 
f 1779/1/1779 1782/1/1782 129/1/129 
f 128/1/128 127/1/127 1778/1/1778 
f 1778/1/1778 1779/1/1779 128/1/128 
f 1783/1/1783 1769/1/1769 1768/1/1768 
f 1784/1/1784 1785/1/1785 1786/1/1786 
f 1783/1/1783 1786/1/1786 1781/1/1781 
f 1781/1/1781 1780/1/1780 1783/1/1783 
f 1780/1/1780 1771/1/1771 1769/1/1769 
f 1769/1/1769 1783/1/1783 1780/1/1780 
f 1787/1/1787 1788/1/1788 1789/1/1789 
f 1789/1/1789 1790/1/1790 1787/1/1787 
f 1790/1/1790 1791/1/1791 1792/1/1792 
f 1792/1/1792 1787/1/1787 1790/1/1790 
f 1787/1/1787 1792/1/1792 158/1/158 
f 158/1/158 1672/1/1672 1787/1/1787 
f 1672/1/1672 1671/1/1671 1788/1/1788 
f 1788/1/1788 1787/1/1787 1672/1/1672 
f 1793/1/1793 1794/1/1794 1791/1/1791 
f 1791/1/1791 1790/1/1790 1793/1/1793 
f 1790/1/1790 1789/1/1789 1795/1/1795 
f 1795/1/1795 1793/1/1793 1790/1/1790 
f 1793/1/1793 1795/1/1795 1756/1/1756 
f 1756/1/1756 1755/1/1755 1793/1/1793 
f 1755/1/1755 1754/1/1754 1794/1/1794 
f 1794/1/1794 1793/1/1793 1755/1/1755 
f 1796/1/1796 1708/1/1708 1712/1/1712 
f 1712/1/1712 1797/1/1797 1796/1/1796 
f 1797/1/1797 1798/1/1798 1799/1/1799 
f 1796/1/1796 1799/1/1799 1057/1/1057 
f 1057/1/1057 1800/1/1800 1796/1/1796 
f 1800/1/1800 1709/1/1709 1708/1/1708 
f 1708/1/1708 1796/1/1796 1800/1/1800 
f 1801/1/1801 1052/1/1052 1051/1/1051 
f 1051/1/1051 1802/1/1802 1801/1/1801 
f 1802/1/1802 1803/1/1803 1804/1/1804 
f 1804/1/1804 1801/1/1801 1802/1/1802 
f 1801/1/1801 1804/1/1804 1805/1/1805 
f 1805/1/1805 1806/1/1806 1801/1/1801 
f 1806/1/1806 227/1/227 1052/1/1052 
f 1052/1/1052 1801/1/1801 1806/1/1806 
f 1807/1/1807 1808/1/1808 1689/1/1689 
f 1689/1/1689 1688/1/1688 1807/1/1807 
f 1688/1/1688 1687/1/1687 1809/1/1809 
f 1809/1/1809 1807/1/1807 1688/1/1688 
f 1807/1/1807 1809/1/1809 1803/1/1803 
f 1803/1/1803 1802/1/1802 1807/1/1807 
f 1802/1/1802 1051/1/1051 1808/1/1808 
f 1808/1/1808 1807/1/1807 1802/1/1802 
f 1810/1/1810 1799/1/1799 1798/1/1798 
f 1811/1/1811 1812/1/1812 1813/1/1813 
f 1813/1/1813 1810/1/1810 1811/1/1811 
f 1810/1/1810 1813/1/1813 213/1/213 
f 213/1/213 1058/1/1058 1810/1/1810 
f 1058/1/1058 1057/1/1057 1799/1/1799 
f 1814/1/1814 1815/1/1815 1816/1/1816 
f 1817/1/1817 1701/1/1701 1700/1/1700 
f 1700/1/1700 1814/1/1814 1817/1/1817 
f 1814/1/1814 1700/1/1700 311/1/311 
f 311/1/311 315/1/315 1814/1/1814 
f 315/1/315 214/1/214 1815/1/1815 
f 1815/1/1815 1814/1/1814 315/1/315 
f 1818/1/1818 1813/1/1813 1812/1/1812 
f 1819/1/1819 1816/1/1816 1815/1/1815 
f 1815/1/1815 1818/1/1818 1819/1/1819 
f 1818/1/1818 1815/1/1815 214/1/214 
f 214/1/214 1820/1/1820 1818/1/1818 
f 1820/1/1820 213/1/213 1813/1/1813 
f 1813/1/1813 1818/1/1818 1820/1/1820 
f 1821/1/1821 1822/1/1822 1823/1/1823 
f 1823/1/1823 1824/1/1824 1821/1/1821 
f 1824/1/1824 221/1/221 220/1/220 
f 220/1/220 1821/1/1821 1824/1/1824 
f 1821/1/1821 220/1/220 227/1/227 
f 227/1/227 1806/1/1806 1821/1/1821 
f 1806/1/1806 1805/1/1805 1822/1/1822 
f 1822/1/1822 1821/1/1821 1806/1/1806 
f 1825/1/1825 1826/1/1826 1827/1/1827 
f 1827/1/1827 1828/1/1828 1825/1/1825 
f 1828/1/1828 1829/1/1829 1830/1/1830 
f 1830/1/1830 1825/1/1825 1828/1/1828 
f 1825/1/1825 1830/1/1830 1105/1/1105 
f 1105/1/1105 1104/1/1104 1825/1/1825 
f 1104/1/1104 1112/1/1112 1826/1/1826 
f 1831/1/1831 123/1/123 114/1/114 
f 114/1/114 1832/1/1832 1831/1/1831 
f 1832/1/1832 1833/1/1833 1834/1/1834 
f 1834/1/1834 1831/1/1831 1832/1/1832 
f 1834/1/1834 254/1/254 253/1/253 
f 253/1/253 1831/1/1831 1834/1/1834 
f 1831/1/1831 253/1/253 124/1/124 
f 124/1/124 123/1/123 1831/1/1831 
f 1835/1/1835 113/1/113 112/1/112 
f 112/1/112 132/1/132 1835/1/1835 
f 132/1/132 131/1/131 1836/1/1836 
f 1836/1/1836 1835/1/1835 132/1/132 
f 1832/1/1832 1835/1/1835 1836/1/1836 
f 1836/1/1836 1833/1/1833 1832/1/1832 
f 1832/1/1832 114/1/114 113/1/113 
f 113/1/113 1835/1/1835 1832/1/1832 
f 1837/1/1837 1694/1/1694 1693/1/1693 
f 1693/1/1693 1838/1/1838 1837/1/1837 
f 1838/1/1838 1839/1/1839 1840/1/1840 
f 1840/1/1840 1837/1/1837 1838/1/1838 
f 1837/1/1837 1840/1/1840 116/1/116 
f 116/1/116 121/1/121 1837/1/1837 
f 121/1/121 120/1/120 1694/1/1694 
f 1694/1/1694 1837/1/1837 121/1/121 
f 1841/1/1841 1840/1/1840 1839/1/1839 
f 1839/1/1839 1842/1/1842 1841/1/1841 
f 1842/1/1842 1697/1/1697 1696/1/1696 
f 1696/1/1696 1841/1/1841 1842/1/1842 
f 1696/1/1696 118/1/118 117/1/117 
f 117/1/117 1841/1/1841 1696/1/1696 
f 117/1/117 116/1/116 1840/1/1840 
f 1840/1/1840 1841/1/1841 117/1/117 
f 1843/1/1843 1844/1/1844 1845/1/1845 
f 1845/1/1845 1846/1/1846 1843/1/1843 
f 1846/1/1846 320/1/320 322/1/322 
f 322/1/322 1843/1/1843 1846/1/1846 
f 1843/1/1843 322/1/322 221/1/221 
f 221/1/221 1824/1/1824 1843/1/1843 
f 1824/1/1824 1823/1/1823 1844/1/1844 
f 1844/1/1844 1843/1/1843 1824/1/1824 
f 1847/1/1847 321/1/321 320/1/320 
f 320/1/320 1846/1/1846 1847/1/1847 
f 1846/1/1846 1845/1/1845 1848/1/1848 
f 1848/1/1848 1847/1/1847 1846/1/1846 
f 1680/1/1680 1847/1/1847 1848/1/1848 
f 1848/1/1848 1681/1/1681 1680/1/1680 
f 1847/1/1847 1680/1/1680 173/1/173 
f 173/1/173 321/1/321 1847/1/1847 
f 1849/1/1849 242/1/242 241/1/241 
f 241/1/241 1850/1/1850 1849/1/1849 
f 1849/1/1849 1850/1/1850 1851/1/1851 
f 1851/1/1851 1852/1/1852 1849/1/1849 
f 1849/1/1849 1852/1/1852 1853/1/1853 
f 1853/1/1853 1854/1/1854 1849/1/1849 
f 1854/1/1854 243/1/243 242/1/242 
f 242/1/242 1849/1/1849 1854/1/1854 
f 1855/1/1855 1856/1/1856 264/1/264 
f 264/1/264 263/1/263 1855/1/1855 
f 1857/1/1857 1855/1/1855 263/1/263 
f 263/1/263 262/1/262 1857/1/1857 
f 1855/1/1855 1857/1/1857 1853/1/1853 
f 1853/1/1853 1852/1/1852 1855/1/1855 
f 1852/1/1852 1851/1/1851 1856/1/1856 
f 1856/1/1856 1855/1/1855 1852/1/1852 
f 1858/1/1858 1494/1/1494 1502/1/1502 
f 1502/1/1502 1859/1/1859 1858/1/1858 
f 1859/1/1859 1860/1/1860 1861/1/1861 
f 1861/1/1861 1858/1/1858 1859/1/1859 
f 1861/1/1861 1731/1/1731 1730/1/1730 
f 1858/1/1858 1730/1/1730 1495/1/1495 
f 1495/1/1495 1494/1/1494 1858/1/1858 
f 1862/1/1862 1863/1/1863 1860/1/1860 
f 1859/1/1859 1502/1/1502 1524/1/1524 
f 1524/1/1524 1862/1/1862 1859/1/1859 
f 1862/1/1862 1524/1/1524 1514/1/1514 
f 1514/1/1514 1726/1/1726 1862/1/1862 
f 1726/1/1726 1728/1/1728 1863/1/1863 
f 1864/1/1864 1865/1/1865 1866/1/1866 
f 1866/1/1866 1867/1/1867 1864/1/1864 
f 1867/1/1867 1868/1/1868 1869/1/1869 
f 1869/1/1869 1864/1/1864 1867/1/1867 
f 1864/1/1864 1869/1/1869 1870/1/1870 
f 1870/1/1870 1871/1/1871 1864/1/1864 
f 1871/1/1871 1872/1/1872 1865/1/1865 
f 1865/1/1865 1864/1/1864 1871/1/1871 
f 1873/1/1873 1874/1/1874 1439/1/1439 
f 1439/1/1439 1438/1/1438 1873/1/1873 
f 1438/1/1438 1445/1/1445 1875/1/1875 
f 1875/1/1875 1873/1/1873 1438/1/1438 
f 1873/1/1873 1875/1/1875 1868/1/1868 
f 1868/1/1868 1867/1/1867 1873/1/1873 
f 1867/1/1867 1866/1/1866 1874/1/1874 
f 1874/1/1874 1873/1/1873 1867/1/1867 
f 1876/1/1876 1877/1/1877 1878/1/1878 
f 1878/1/1878 1879/1/1879 1876/1/1876 
f 1879/1/1879 1880/1/1880 1881/1/1881 
f 1881/1/1881 1876/1/1876 1879/1/1879 
f 1876/1/1876 1881/1/1881 1882/1/1882 
f 1882/1/1882 1883/1/1883 1876/1/1876 
f 1883/1/1883 1884/1/1884 1877/1/1877 
f 1877/1/1877 1876/1/1876 1883/1/1883 
f 1885/1/1885 1886/1/1886 1887/1/1887 
f 1887/1/1887 1888/1/1888 1885/1/1885 
f 1888/1/1888 1882/1/1882 1881/1/1881 
f 1881/1/1881 1885/1/1885 1888/1/1888 
f 1885/1/1885 1881/1/1881 1880/1/1880 
f 1880/1/1880 1889/1/1889 1885/1/1885 
f 1889/1/1889 1890/1/1890 1886/1/1886 
f 1886/1/1886 1885/1/1885 1889/1/1889 
f 1891/1/1891 1710/1/1710 1709/1/1709 
f 1709/1/1709 1892/1/1892 1891/1/1891 
f 1892/1/1892 1893/1/1893 1894/1/1894 
f 1894/1/1894 1891/1/1891 1892/1/1892 
f 1891/1/1891 1894/1/1894 1194/1/1194 
f 1194/1/1194 1200/1/1200 1891/1/1891 
f 1200/1/1200 1199/1/1199 1710/1/1710 
f 1710/1/1710 1891/1/1891 1200/1/1200 
f 1895/1/1895 1056/1/1056 1055/1/1055 
f 1055/1/1055 1896/1/1896 1895/1/1895 
f 1895/1/1895 1896/1/1896 1893/1/1893 
f 1893/1/1893 1892/1/1892 1895/1/1895 
f 1800/1/1800 1895/1/1895 1892/1/1892 
f 1892/1/1892 1709/1/1709 1800/1/1800 
f 1800/1/1800 1057/1/1057 1056/1/1056 
f 1056/1/1056 1895/1/1895 1800/1/1800 
f 1897/1/1897 1060/1/1060 1064/1/1064 
f 1064/1/1064 1898/1/1898 1897/1/1897 
f 1898/1/1898 1899/1/1899 1900/1/1900 
f 1900/1/1900 1897/1/1897 1898/1/1898 
f 1897/1/1897 1900/1/1900 1901/1/1901 
f 1901/1/1901 1902/1/1902 1897/1/1897 
f 1902/1/1902 1061/1/1061 1060/1/1060 
f 1060/1/1060 1897/1/1897 1902/1/1902 
f 1903/1/1903 1904/1/1904 1905/1/1905 
f 1905/1/1905 1906/1/1906 1903/1/1903 
f 1906/1/1906 1901/1/1901 1900/1/1900 
f 1900/1/1900 1903/1/1903 1906/1/1906 
f 1903/1/1903 1900/1/1900 1899/1/1899 
f 1899/1/1899 1907/1/1907 1903/1/1903 
f 1903/1/1903 1907/1/1907 1908/1/1908 
f 1908/1/1908 1904/1/1904 1903/1/1903 
f 1909/1/1909 1910/1/1910 1911/1/1911 
f 1912/1/1912 1913/1/1913 1914/1/1914 
f 1914/1/1914 1909/1/1909 1912/1/1912 
f 1909/1/1909 1914/1/1914 1915/1/1915 
f 1915/1/1915 1916/1/1916 1909/1/1909 
f 1916/1/1916 1917/1/1917 1910/1/1910 
f 1918/1/1918 1919/1/1919 1913/1/1913 
f 1913/1/1913 1912/1/1912 1918/1/1918 
f 1912/1/1912 1911/1/1911 1920/1/1920 
f 1920/1/1920 1717/1/1717 1742/1/1742 
f 1742/1/1742 1918/1/1918 1920/1/1920 
f 1742/1/1742 1739/1/1739 1919/1/1919 
f 1921/1/1921 1877/1/1877 1884/1/1884 
f 1884/1/1884 1922/1/1922 1921/1/1921 
f 1922/1/1922 1923/1/1923 1924/1/1924 
f 1924/1/1924 1921/1/1921 1922/1/1922 
f 1921/1/1921 1924/1/1924 1121/1/1121 
f 1121/1/1121 1925/1/1925 1921/1/1921 
f 1925/1/1925 1878/1/1878 1877/1/1877 
f 1877/1/1877 1921/1/1921 1925/1/1925 
f 1926/1/1926 1114/1/1114 1121/1/1121 
f 1924/1/1924 1923/1/1923 1927/1/1927 
f 1927/1/1927 1926/1/1926 1924/1/1924 
f 1926/1/1926 1927/1/1927 1684/1/1684 
f 1683/1/1683 1115/1/1115 1114/1/1114 
f 1114/1/1114 1926/1/1926 1683/1/1683 
f 1928/1/1928 1929/1/1929 1930/1/1930 
f 1930/1/1930 1931/1/1931 1928/1/1928 
f 1931/1/1931 1932/1/1932 1933/1/1933 
f 1933/1/1933 1928/1/1928 1931/1/1931 
f 1928/1/1928 1933/1/1933 1829/1/1829 
f 1829/1/1829 1828/1/1828 1928/1/1928 
f 1828/1/1828 1827/1/1827 1929/1/1929 
f 1929/1/1929 1928/1/1928 1828/1/1828 
f 1934/1/1934 1935/1/1935 1932/1/1932 
f 1932/1/1932 1931/1/1931 1934/1/1934 
f 1931/1/1931 1930/1/1930 1936/1/1936 
f 1934/1/1934 1936/1/1936 1905/1/1905 
f 1905/1/1905 1904/1/1904 1934/1/1934 
f 1904/1/1904 1908/1/1908 1935/1/1935 
f 1935/1/1935 1934/1/1934 1904/1/1904 
f 1916/1/1916 1915/1/1915 1937/1/1937 
f 1937/1/1937 1938/1/1938 1939/1/1939 
f 1939/1/1939 1940/1/1940 1937/1/1937 
f 1941/1/1941 1940/1/1940 1939/1/1939 
f 1939/1/1939 1942/1/1942 1941/1/1941 
f 1940/1/1940 1941/1/1941 1917/1/1917 
f 1943/1/1943 1942/1/1942 1939/1/1939 
f 1944/1/1944 1945/1/1945 1939/1/1939 
f 1939/1/1939 1938/1/1938 1944/1/1944 
f 1944/1/1944 1733/1/1733 1732/1/1732 
f 1732/1/1732 1945/1/1945 1944/1/1944 
f 1732/1/1732 1731/1/1731 1943/1/1943 
f 1943/1/1943 1945/1/1945 1732/1/1732 
f 1946/1/1946 1886/1/1886 1890/1/1890 
f 1890/1/1890 1947/1/1947 1946/1/1946 
f 1946/1/1946 1947/1/1947 1948/1/1948 
f 1948/1/1948 1949/1/1949 1946/1/1946 
f 1949/1/1949 1950/1/1950 1951/1/1951 
f 1951/1/1951 1946/1/1946 1949/1/1949 
f 1951/1/1951 1887/1/1887 1886/1/1886 
f 1886/1/1886 1946/1/1946 1951/1/1951 
f 1952/1/1952 1953/1/1953 1950/1/1950 
f 1950/1/1950 1949/1/1949 1952/1/1952 
f 1949/1/1949 1948/1/1948 1954/1/1954 
f 1954/1/1954 1952/1/1952 1949/1/1949 
f 1952/1/1952 1954/1/1954 1872/1/1872 
f 1872/1/1872 1871/1/1871 1952/1/1952 
f 1871/1/1871 1870/1/1870 1953/1/1953 
f 1955/1/1955 1956/1/1956 1957/1/1957 
f 1958/1/1958 1959/1/1959 1960/1/1960 
f 1955/1/1955 1960/1/1960 1728/1/1728 
f 1728/1/1728 1727/1/1727 1955/1/1955 
f 1727/1/1727 1720/1/1720 1956/1/1956 
f 1956/1/1956 1955/1/1955 1727/1/1727 
f 1961/1/1961 1962/1/1962 1963/1/1963 
f 1963/1/1963 1964/1/1964 1961/1/1961 
f 1964/1/1964 1965/1/1965 1966/1/1966 
f 1966/1/1966 1961/1/1961 1964/1/1964 
f 1961/1/1961 1966/1/1966 1450/1/1450 
f 1450/1/1450 1449/1/1449 1961/1/1961 
f 1449/1/1449 1448/1/1448 1962/1/1962 
f 1962/1/1962 1961/1/1961 1449/1/1449 
f 1967/1/1967 1968/1/1968 1969/1/1969 
f 1969/1/1969 1970/1/1970 1967/1/1967 
f 1970/1/1970 1971/1/1971 1972/1/1972 
f 1972/1/1972 1967/1/1967 1970/1/1970 
f 1967/1/1967 1972/1/1972 1973/1/1973 
f 1973/1/1973 1974/1/1974 1967/1/1967 
f 1974/1/1974 1975/1/1975 1968/1/1968 
f 1968/1/1968 1967/1/1967 1974/1/1974 
f 1976/1/1976 1977/1/1977 1971/1/1971 
f 1971/1/1971 1970/1/1970 1976/1/1976 
f 1970/1/1970 1969/1/1969 1978/1/1978 
f 1978/1/1978 1976/1/1976 1970/1/1970 
f 1976/1/1976 1978/1/1978 1654/1/1654 
f 1654/1/1654 1653/1/1653 1976/1/1976 
f 1653/1/1653 1652/1/1652 1977/1/1977 
f 1977/1/1977 1976/1/1976 1653/1/1653 
f 1979/1/1979 1980/1/1980 1981/1/1981 
f 1981/1/1981 1982/1/1982 1979/1/1979 
f 1982/1/1982 1671/1/1671 1670/1/1670 
f 1670/1/1670 1979/1/1979 1982/1/1982 
f 1979/1/1979 1670/1/1670 1674/1/1674 
f 1674/1/1674 1983/1/1983 1979/1/1979 
f 1983/1/1983 1984/1/1984 1980/1/1980 
f 1980/1/1980 1979/1/1979 1983/1/1983 
f 1985/1/1985 1986/1/1986 1987/1/1987 
f 1988/1/1988 1989/1/1989 1990/1/1990 
f 1985/1/1985 1990/1/1990 1677/1/1677 
f 1682/1/1682 1681/1/1681 1986/1/1986 
f 1986/1/1986 1985/1/1985 1682/1/1682 
f 1991/1/1991 1992/1/1992 1993/1/1993 
f 1993/1/1993 1994/1/1994 1991/1/1991 
f 1994/1/1994 1805/1/1805 1804/1/1804 
f 1804/1/1804 1991/1/1991 1994/1/1994 
f 1991/1/1991 1804/1/1804 1803/1/1803 
f 1803/1/1803 1995/1/1995 1991/1/1991 
f 1995/1/1995 1996/1/1996 1992/1/1992 
f 1992/1/1992 1991/1/1991 1995/1/1995 
f 1997/1/1997 1998/1/1998 1999/1/1999 
f 1999/1/1999 2000/1/2000 1997/1/1997 
f 2000/1/2000 1684/1/1684 1927/1/1927 
f 1927/1/1927 1997/1/1997 2000/1/2000 
f 1997/1/1997 1927/1/1927 1923/1/1923 
f 1923/1/1923 2001/1/2001 1997/1/1997 
f 2001/1/2001 2002/1/2002 1998/1/1998 
f 1998/1/1998 1997/1/1997 2001/1/2001 
f 2003/1/2003 2004/1/2004 2005/1/2005 
f 2005/1/2005 2006/1/2006 2003/1/2003 
f 2006/1/2006 2007/1/2007 2008/1/2008 
f 2008/1/2008 2003/1/2003 2006/1/2006 
f 2003/1/2003 2008/1/2008 1693/1/1693 
f 1693/1/1693 1702/1/1702 2003/1/2003 
f 1702/1/1702 1701/1/1701 2004/1/2004 
f 2004/1/2004 2003/1/2003 1702/1/1702 
f 2009/1/2009 2010/1/2010 2011/1/2011 
f 2011/1/2011 2012/1/2012 2009/1/2009 
f 2012/1/2012 2013/1/2013 2014/1/2014 
f 2014/1/2014 2009/1/2009 2012/1/2012 
f 2009/1/2009 2014/1/2014 1705/1/1705 
f 1705/1/1705 1714/1/1714 2009/1/2009 
f 1714/1/1714 1225/1/1225 2010/1/2010 
f 2010/1/2010 2009/1/2009 1714/1/1714 
f 2015/1/2015 2016/1/2016 2017/1/2017 
f 2017/1/2017 2018/1/2018 2015/1/2015 
f 2018/1/2018 2019/1/2019 2020/1/2020 
f 2020/1/2020 2015/1/2015 2018/1/2018 
f 2015/1/2015 2020/1/2020 1812/1/1812 
f 1812/1/1812 1811/1/1811 2015/1/2015 
f 1811/1/1811 1798/1/1798 2016/1/2016 
f 2016/1/2016 2015/1/2015 1811/1/1811 
f 2021/1/2021 2022/1/2022 2023/1/2023 
f 2023/1/2023 2024/1/2024 2021/1/2021 
f 2023/1/2023 1720/1/1720 1719/1/1719 
f 1719/1/1719 2024/1/2024 2023/1/2023 
f 2024/1/2024 1719/1/1719 1724/1/1724 
f 1724/1/1724 2025/1/2025 2024/1/2024 
f 2025/1/2025 2026/1/2026 2021/1/2021 
f 2021/1/2021 2024/1/2024 2025/1/2025 
f 2027/1/2027 2028/1/2028 2029/1/2029 
f 2030/1/2030 1739/1/1739 1737/1/1737 
f 1737/1/1737 2027/1/2027 2030/1/2030 
f 2027/1/2027 1737/1/1737 1188/1/1188 
f 1188/1/1188 2031/1/2031 2027/1/2027 
f 2031/1/2031 2002/1/2002 2028/1/2028 
f 2028/1/2028 2027/1/2027 2031/1/2031 
f 2032/1/2032 2033/1/2033 2034/1/2034 
f 2034/1/2034 2035/1/2035 2032/1/2032 
f 2035/1/2035 1887/1/1887 1951/1/1951 
f 2032/1/2032 1951/1/1951 1950/1/1950 
f 1950/1/1950 2036/1/2036 2032/1/2032 
f 2036/1/2036 2037/1/2037 2033/1/2033 
f 2033/1/2033 2032/1/2032 2036/1/2036 
f 2038/1/2038 2039/1/2039 2040/1/2040 
f 2040/1/2040 2041/1/2041 2038/1/2038 
f 2041/1/2041 1758/1/1758 1757/1/1757 
f 1757/1/1757 2038/1/2038 2041/1/2041 
f 2038/1/2038 1757/1/1757 1756/1/1756 
f 1756/1/1756 2042/1/2042 2038/1/2038 
f 2042/1/2042 2043/1/2043 2039/1/2039 
f 2039/1/2039 2038/1/2038 2042/1/2042 
f 2044/1/2044 130/1/130 129/1/129 
f 129/1/129 2045/1/2045 2044/1/2044 
f 2045/1/2045 2046/1/2046 2047/1/2047 
f 2047/1/2047 2044/1/2044 2045/1/2045 
f 2044/1/2044 2047/1/2047 1981/1/1981 
f 1981/1/1981 2048/1/2048 2044/1/2044 
f 2048/1/2048 131/1/131 130/1/130 
f 130/1/130 2044/1/2044 2048/1/2048 
f 2048/1/2048 1981/1/1981 1980/1/1980 
f 1980/1/1980 2049/1/2049 2048/1/2048 
f 2049/1/2049 1980/1/1980 1984/1/1984 
f 1984/1/1984 2050/1/2050 2049/1/2049 
f 2049/1/2049 2050/1/2050 1833/1/1833 
f 1833/1/1833 1836/1/1836 2049/1/2049 
f 2049/1/2049 1836/1/1836 131/1/131 
f 131/1/131 2048/1/2048 2049/1/2049 
f 2051/1/2051 1788/1/1788 1671/1/1671 
f 1671/1/1671 1982/1/1982 2051/1/2051 
f 1982/1/1982 1981/1/1981 2047/1/2047 
f 2047/1/2047 2051/1/2051 1982/1/1982 
f 2051/1/2051 2047/1/2047 2046/1/2046 
f 2046/1/2046 2052/1/2052 2051/1/2051 
f 2052/1/2052 1789/1/1789 1788/1/1788 
f 1788/1/1788 2051/1/2051 2052/1/2052 
f 2053/1/2053 1834/1/1834 1833/1/1833 
f 1833/1/1833 2050/1/2050 2053/1/2053 
f 2050/1/2050 1984/1/1984 2054/1/2054 
f 2054/1/2054 2053/1/2053 2050/1/2050 
f 2054/1/2054 1989/1/1989 2055/1/2055 
f 2055/1/2055 2053/1/2053 2054/1/2054 
f 2053/1/2053 2055/1/2055 254/1/254 
f 254/1/254 1834/1/1834 2053/1/2053 
f 2056/1/2056 2055/1/2055 1989/1/1989 
f 1989/1/1989 1988/1/1988 2056/1/2056 
f 1988/1/1988 1987/1/1987 2057/1/2057 
f 2057/1/2057 2056/1/2056 1988/1/1988 
f 2056/1/2056 2057/1/2057 256/1/256 
f 256/1/256 255/1/255 2056/1/2056 
f 255/1/255 254/1/254 2055/1/2055 
f 2055/1/2055 2056/1/2056 255/1/255 
f 1678/1/1678 1677/1/1677 1990/1/1990 
f 2058/1/2058 1990/1/1990 1989/1/1989 
f 1989/1/1989 2054/1/2054 2058/1/2058 
f 2058/1/2058 2054/1/2054 1984/1/1984 
f 1983/1/1983 1674/1/1674 1678/1/1678 
f 1678/1/1678 2058/1/2058 1983/1/1983 
f 2059/1/2059 308/1/308 256/1/256 
f 256/1/256 2057/1/2057 2059/1/2059 
f 2059/1/2059 2057/1/2057 1987/1/1987 
f 1987/1/1987 2060/1/2060 2059/1/2059 
f 2059/1/2059 2060/1/2060 2061/1/2061 
f 2061/1/2061 2062/1/2062 2059/1/2059 
f 2062/1/2062 309/1/309 308/1/308 
f 308/1/308 2059/1/2059 2062/1/2062 
f 2060/1/2060 1987/1/1987 1986/1/1986 
f 1986/1/1986 2063/1/2063 2060/1/2060 
f 2063/1/2063 1986/1/1986 1681/1/1681 
f 1681/1/1681 1848/1/1848 2063/1/2063 
f 2063/1/2063 1848/1/1848 1845/1/1845 
f 2064/1/2064 2061/1/2061 2060/1/2060 
f 2060/1/2060 2063/1/2063 2064/1/2064 
f 2065/1/2065 217/1/217 216/1/216 
f 216/1/216 2066/1/2066 2065/1/2065 
f 2066/1/2066 2067/1/2067 2068/1/2068 
f 2068/1/2068 2065/1/2065 2066/1/2066 
f 2065/1/2065 2068/1/2068 1993/1/1993 
f 1993/1/1993 2069/1/2069 2065/1/2065 
f 2069/1/2069 218/1/218 217/1/217 
f 217/1/217 2065/1/2065 2069/1/2069 
f 2070/1/2070 1054/1/1054 218/1/218 
f 218/1/218 2069/1/2069 2070/1/2070 
f 2069/1/2069 1993/1/1993 1992/1/1992 
f 1992/1/1992 2070/1/2070 2069/1/2069 
f 2070/1/2070 1992/1/1992 1996/1/1996 
f 1996/1/1996 2071/1/2071 2070/1/2070 
f 2071/1/2071 1055/1/1055 1054/1/1054 
f 1054/1/1054 2070/1/2070 2071/1/2071 
f 2072/1/2072 1822/1/1822 1805/1/1805 
f 1805/1/1805 1994/1/1994 2072/1/2072 
f 1994/1/1994 1993/1/1993 2068/1/2068 
f 2068/1/2068 2072/1/2072 1994/1/1994 
f 2072/1/2072 2068/1/2068 2067/1/2067 
f 2067/1/2067 2073/1/2073 2072/1/2072 
f 2073/1/2073 1823/1/1823 1822/1/1822 
f 1822/1/1822 2072/1/2072 2073/1/2073 
f 2074/1/2074 1894/1/1894 1893/1/1893 
f 1893/1/1893 2075/1/2075 2074/1/2074 
f 2075/1/2075 2076/1/2076 2077/1/2077 
f 2077/1/2077 2074/1/2074 2075/1/2075 
f 2074/1/2074 2077/1/2077 1999/1/1999 
f 1999/1/1999 2078/1/2078 2074/1/2074 
f 2078/1/2078 1194/1/1194 1894/1/1894 
f 1894/1/1894 2074/1/2074 2078/1/2078 
f 2079/1/2079 1187/1/1187 1194/1/1194 
f 1194/1/1194 2078/1/2078 2079/1/2079 
f 2078/1/2078 1999/1/1999 1998/1/1998 
f 1998/1/1998 2079/1/2079 2078/1/2078 
f 2079/1/2079 1998/1/1998 2002/1/2002 
f 2002/1/2002 2031/1/2031 2079/1/2079 
f 2031/1/2031 1188/1/1188 1187/1/1187 
f 1187/1/1187 2079/1/2079 2031/1/2031 
f 2080/1/2080 1685/1/1685 1684/1/1684 
f 1684/1/1684 2000/1/2000 2080/1/2080 
f 2000/1/2000 1999/1/1999 2077/1/2077 
f 2077/1/2077 2080/1/2080 2000/1/2000 
f 2080/1/2080 2077/1/2077 2076/1/2076 
f 2076/1/2076 2081/1/2081 2080/1/2080 
f 2081/1/2081 1687/1/1687 1685/1/1685 
f 1685/1/1685 2080/1/2080 2081/1/2081 
f 2082/1/2082 2083/1/2083 2084/1/2084 
f 2084/1/2084 2085/1/2085 2082/1/2082 
f 2085/1/2085 2086/1/2086 2087/1/2087 
f 2087/1/2087 2082/1/2082 2085/1/2085 
f 2082/1/2082 2087/1/2087 143/1/143 
f 143/1/143 142/1/142 2082/1/2082 
f 142/1/142 141/1/141 2083/1/2083 
f 2083/1/2083 2082/1/2082 142/1/142 
f 2088/1/2088 2087/1/2087 2086/1/2086 
f 2086/1/2086 2089/1/2089 2088/1/2088 
f 2089/1/2089 2090/1/2090 2091/1/2091 
f 2091/1/2091 2088/1/2088 2089/1/2089 
f 2088/1/2088 2091/1/2091 150/1/150 
f 150/1/150 149/1/149 2088/1/2088 
f 149/1/149 143/1/143 2087/1/2087 
f 2087/1/2087 2088/1/2088 149/1/149 
f 2092/1/2092 2093/1/2093 2089/1/2089 
f 2089/1/2089 2086/1/2086 2092/1/2092 
f 2092/1/2092 1697/1/1697 1842/1/1842 
f 1842/1/1842 2093/1/2093 2092/1/2092 
f 1842/1/1842 1839/1/1839 2094/1/2094 
f 2094/1/2094 2093/1/2093 1842/1/1842 
f 2093/1/2093 2094/1/2094 2090/1/2090 
f 2090/1/2090 2089/1/2089 2093/1/2093 
f 2095/1/2095 2096/1/2096 1773/1/1773 
f 1773/1/1773 1777/1/1777 2095/1/2095 
f 1777/1/1777 1697/1/1697 2092/1/2092 
f 2092/1/2092 2095/1/2095 1777/1/1777 
f 2095/1/2095 2092/1/2092 2086/1/2086 
f 2086/1/2086 2085/1/2085 2095/1/2095 
f 2085/1/2085 2084/1/2084 2096/1/2096 
f 2096/1/2096 2095/1/2095 2085/1/2085 
f 2097/1/2097 2091/1/2091 2090/1/2090 
f 2090/1/2090 2098/1/2098 2097/1/2097 
f 2098/1/2098 2007/1/2007 2099/1/2099 
f 2099/1/2099 2097/1/2097 2098/1/2098 
f 2097/1/2097 2099/1/2099 262/1/262 
f 262/1/262 261/1/261 2097/1/2097 
f 261/1/261 150/1/150 2091/1/2091 
f 2091/1/2091 2097/1/2097 261/1/261 
f 2100/1/2100 2099/1/2099 2007/1/2007 
f 2007/1/2007 2006/1/2006 2100/1/2100 
f 2006/1/2006 2005/1/2005 2101/1/2101 
f 2101/1/2101 2100/1/2100 2006/1/2006 
f 2100/1/2100 2101/1/2101 1853/1/1853 
f 1853/1/1853 1857/1/1857 2100/1/2100 
f 1857/1/1857 262/1/262 2099/1/2099 
f 2099/1/2099 2100/1/2100 1857/1/1857 
f 2102/1/2102 2094/1/2094 1839/1/1839 
f 1839/1/1839 1838/1/1838 2102/1/2102 
f 1838/1/1838 1693/1/1693 2008/1/2008 
f 2008/1/2008 2102/1/2102 1838/1/1838 
f 2102/1/2102 2008/1/2008 2007/1/2007 
f 2007/1/2007 2098/1/2098 2102/1/2102 
f 2098/1/2098 2090/1/2090 2094/1/2094 
f 2094/1/2094 2102/1/2102 2098/1/2098 
f 2103/1/2103 2104/1/2104 2105/1/2105 
f 2105/1/2105 2106/1/2106 2103/1/2103 
f 2106/1/2106 2013/1/2013 2107/1/2107 
f 2107/1/2107 2103/1/2103 2106/1/2106 
f 2103/1/2103 2107/1/2107 1908/1/1908 
f 1908/1/1908 1907/1/1907 2103/1/2103 
f 1907/1/1907 1899/1/1899 2104/1/2104 
f 2104/1/2104 2103/1/2103 1907/1/1907 
f 2108/1/2108 1935/1/1935 1908/1/1908 
f 2108/1/2108 2107/1/2107 2013/1/2013 
f 2013/1/2013 2012/1/2012 2108/1/2108 
f 2012/1/2012 2011/1/2011 2109/1/2109 
f 2109/1/2109 1932/1/1932 1935/1/1935 
f 1935/1/1935 2108/1/2108 2109/1/2109 
f 2110/1/2110 2111/1/2111 1712/1/1712 
f 1712/1/1712 1711/1/1711 2110/1/2110 
f 1711/1/1711 1705/1/1705 2014/1/2014 
f 2014/1/2014 2110/1/2110 1711/1/1711 
f 2110/1/2110 2014/1/2014 2013/1/2013 
f 2013/1/2013 2106/1/2106 2110/1/2110 
f 2106/1/2106 2105/1/2105 2111/1/2111 
f 2112/1/2112 2113/1/2113 2114/1/2114 
f 2114/1/2114 2115/1/2115 2112/1/2112 
f 2115/1/2115 2019/1/2019 2116/1/2116 
f 2116/1/2116 2112/1/2112 2115/1/2115 
f 2112/1/2112 2116/1/2116 245/1/245 
f 245/1/245 244/1/244 2112/1/2112 
f 244/1/244 243/1/243 2113/1/2113 
f 2113/1/2113 2112/1/2112 244/1/244 
f 2117/1/2117 2116/1/2116 2019/1/2019 
f 2019/1/2019 2018/1/2018 2117/1/2117 
f 2018/1/2018 2017/1/2017 2118/1/2118 
f 2118/1/2118 2117/1/2117 2018/1/2018 
f 2117/1/2117 2118/1/2118 1064/1/1064 
f 1064/1/1064 1063/1/1063 2117/1/2117 
f 1063/1/1063 245/1/245 2116/1/2116 
f 2116/1/2116 2117/1/2117 1063/1/1063 
f 2119/1/2119 2120/1/2120 1816/1/1816 
f 1816/1/1816 1819/1/1819 2119/1/2119 
f 1819/1/1819 1812/1/1812 2020/1/2020 
f 2020/1/2020 2119/1/2119 1819/1/1819 
f 2119/1/2119 2020/1/2020 2019/1/2019 
f 2019/1/2019 2115/1/2115 2119/1/2119 
f 2115/1/2115 2114/1/2114 2120/1/2120 
f 2120/1/2120 2119/1/2119 2115/1/2115 
f 2121/1/2121 2122/1/2122 2123/1/2123 
f 2123/1/2123 2124/1/2124 2121/1/2121 
f 2124/1/2124 2125/1/2125 2126/1/2126 
f 2121/1/2121 2126/1/2126 1105/1/1105 
f 1830/1/1830 1829/1/1829 2122/1/2122 
f 2122/1/2122 2121/1/2121 1830/1/1830 
f 1106/1/1106 1105/1/1105 2126/1/2126 
f 2126/1/2126 2127/1/2127 1106/1/1106 
f 2127/1/2127 2126/1/2126 2125/1/2125 
f 2127/1/2127 2128/1/2128 2129/1/2129 
f 2129/1/2129 2130/1/2130 2127/1/2127 
f 2130/1/2130 1108/1/1108 1106/1/1106 
f 1106/1/1106 2127/1/2127 2130/1/2130 
f 2128/1/2128 2125/1/2125 2131/1/2131 
f 2131/1/2131 2132/1/2132 2128/1/2128 
f 2132/1/2132 2131/1/2131 1717/1/1717 
f 1717/1/1717 1920/1/1920 2132/1/2132 
f 2132/1/2132 1920/1/1920 1911/1/1911 
f 1911/1/1911 2133/1/2133 2132/1/2132 
f 2133/1/2133 2129/1/2129 2128/1/2128 
f 2128/1/2128 2132/1/2132 2133/1/2133 
f 2134/1/2134 2135/1/2135 1223/1/1223 
f 1223/1/1223 1718/1/1718 2134/1/2134 
f 1718/1/1718 1717/1/1717 2131/1/2131 
f 2131/1/2131 2134/1/2134 1718/1/1718 
f 2134/1/2134 2131/1/2131 2125/1/2125 
f 2125/1/2125 2124/1/2124 2134/1/2134 
f 2124/1/2124 2123/1/2123 2135/1/2135 
f 2136/1/2136 2137/1/2137 2138/1/2138 
f 2138/1/2138 2139/1/2139 2136/1/2136 
f 2139/1/2139 2140/1/2140 2141/1/2141 
f 2136/1/2136 2141/1/2141 1338/1/1338 
f 1348/1/1348 1347/1/1347 2137/1/2137 
f 2137/1/2137 2136/1/2136 1348/1/1348 
f 2142/1/2142 1339/1/1339 1338/1/1338 
f 1338/1/1338 2141/1/2141 2142/1/2142 
f 2141/1/2141 2140/1/2140 2143/1/2143 
f 2142/1/2142 2143/1/2143 2144/1/2144 
f 2144/1/2144 2145/1/2145 2142/1/2142 
f 2145/1/2145 1340/1/1340 1339/1/1339 
f 1339/1/1339 2142/1/2142 2145/1/2145 
f 2146/1/2146 2143/1/2143 2140/1/2140 
f 2140/1/2140 2147/1/2147 2146/1/2146 
f 2147/1/2147 1731/1/1731 1861/1/1861 
f 1861/1/1861 2146/1/2146 2147/1/2147 
f 2146/1/2146 1861/1/1861 1860/1/1860 
f 1860/1/1860 2148/1/2148 2146/1/2146 
f 2148/1/2148 2144/1/2144 2143/1/2143 
f 2143/1/2143 2146/1/2146 2148/1/2148 
f 2149/1/2149 2150/1/2150 1942/1/1942 
f 1942/1/1942 1943/1/1943 2149/1/2149 
f 1943/1/1943 1731/1/1731 2147/1/2147 
f 2147/1/2147 2149/1/2149 1943/1/1943 
f 2149/1/2149 2147/1/2147 2140/1/2140 
f 2140/1/2140 2139/1/2139 2149/1/2149 
f 2139/1/2139 2138/1/2138 2150/1/2150 
f 2150/1/2150 2149/1/2149 2139/1/2139 
f 2151/1/2151 1447/1/1447 1340/1/1340 
f 1340/1/1340 2145/1/2145 2151/1/2151 
f 2145/1/2145 2144/1/2144 2152/1/2152 
f 2152/1/2152 2151/1/2151 2145/1/2145 
f 2151/1/2151 2152/1/2152 2153/1/2153 
f 2153/1/2153 2154/1/2154 2151/1/2151 
f 2154/1/2154 1448/1/1448 1447/1/1447 
f 2155/1/2155 1962/1/1962 1448/1/1448 
f 1448/1/1448 2154/1/2154 2155/1/2155 
f 2154/1/2154 2153/1/2153 2156/1/2156 
f 2156/1/2156 2155/1/2155 2154/1/2154 
f 2155/1/2155 2156/1/2156 2157/1/2157 
f 2157/1/2157 2158/1/2158 2155/1/2155 
f 2158/1/2158 1963/1/1963 1962/1/1962 
f 1962/1/1962 2155/1/2155 2158/1/2158 
f 2159/1/2159 2156/1/2156 2153/1/2153 
f 2153/1/2153 2160/1/2160 2159/1/2159 
f 2160/1/2160 1728/1/1728 1960/1/1960 
f 1960/1/1960 2159/1/2159 2160/1/2160 
f 2159/1/2159 1960/1/1960 1959/1/1959 
f 2161/1/2161 2157/1/2157 2156/1/2156 
f 2156/1/2156 2159/1/2159 2161/1/2161 
f 2162/1/2162 1863/1/1863 1728/1/1728 
f 1728/1/1728 2160/1/2160 2162/1/2162 
f 2160/1/2160 2153/1/2153 2152/1/2152 
f 2152/1/2152 2162/1/2162 2160/1/2160 
f 2162/1/2162 2152/1/2152 2144/1/2144 
f 2144/1/2144 2148/1/2148 2162/1/2162 
f 2148/1/2148 1860/1/1860 1863/1/1863 
f 1863/1/1863 2162/1/2162 2148/1/2148 
f 2163/1/2163 1666/1/1666 1665/1/1665 
f 1665/1/1665 2164/1/2164 2163/1/2163 
f 2164/1/2164 2165/1/2165 2166/1/2166 
f 2166/1/2166 2163/1/2163 2164/1/2164 
f 2163/1/2163 2166/1/2166 2167/1/2167 
f 2167/1/2167 2168/1/2168 2163/1/2163 
f 2168/1/2168 1661/1/1661 1666/1/1666 
f 1666/1/1666 2163/1/2163 2168/1/2168 
f 2169/1/2169 2170/1/2170 2168/1/2168 
f 2168/1/2168 2167/1/2167 2169/1/2169 
f 2169/1/2169 2171/1/2171 2172/1/2172 
f 2172/1/2172 2170/1/2170 2169/1/2169 
f 2170/1/2170 2172/1/2172 1650/1/1650 
f 1650/1/1650 1662/1/1662 2170/1/2170 
f 1662/1/1662 1661/1/1661 2168/1/2168 
f 2168/1/2168 2170/1/2170 1662/1/1662 
f 2173/1/2173 2172/1/2172 2171/1/2171 
f 2171/1/2171 2174/1/2174 2173/1/2173 
f 2174/1/2174 2175/1/2175 2176/1/2176 
f 2176/1/2176 2173/1/2173 2174/1/2174 
f 2173/1/2173 2176/1/2176 1652/1/1652 
f 1652/1/1652 1651/1/1651 2173/1/2173 
f 1651/1/1651 1650/1/1650 2172/1/2172 
f 2172/1/2172 2173/1/2173 1651/1/1651 
f 2177/1/2177 1977/1/1977 1652/1/1652 
f 1652/1/1652 2176/1/2176 2177/1/2177 
f 2176/1/2176 2175/1/2175 2178/1/2178 
f 2178/1/2178 2177/1/2177 2176/1/2176 
f 2177/1/2177 2178/1/2178 2179/1/2179 
f 2179/1/2179 2180/1/2180 2177/1/2177 
f 2180/1/2180 1971/1/1971 1977/1/1977 
f 1977/1/1977 2177/1/2177 2180/1/2180 
f 2181/1/2181 1972/1/1972 1971/1/1971 
f 1971/1/1971 2180/1/2180 2181/1/2181 
f 2180/1/2180 2179/1/2179 2182/1/2182 
f 2182/1/2182 2181/1/2181 2180/1/2180 
f 2181/1/2181 2182/1/2182 2183/1/2183 
f 2183/1/2183 2184/1/2184 2181/1/2181 
f 2184/1/2184 1973/1/1973 1972/1/1972 
f 2185/1/2185 2186/1/2186 2187/1/2187 
f 2187/1/2187 2188/1/2188 2185/1/2185 
f 2188/1/2188 2022/1/2022 2189/1/2189 
f 2189/1/2189 2185/1/2185 2188/1/2188 
f 2185/1/2185 2189/1/2189 1445/1/1445 
f 1445/1/1445 1444/1/1444 2185/1/2185 
f 1444/1/1444 1443/1/1443 2186/1/2186 
f 2186/1/2186 2185/1/2185 1444/1/1444 
f 2190/1/2190 1875/1/1875 1445/1/1445 
f 1445/1/1445 2189/1/2189 2190/1/2190 
f 2189/1/2189 2022/1/2022 2021/1/2021 
f 2021/1/2021 2190/1/2190 2189/1/2189 
f 2190/1/2190 2021/1/2021 2026/1/2026 
f 2026/1/2026 2191/1/2191 2190/1/2190 
f 2191/1/2191 1868/1/1868 1875/1/1875 
f 2192/1/2192 2193/1/2193 1957/1/1957 
f 1957/1/1957 1956/1/1956 2192/1/2192 
f 1956/1/1956 1720/1/1720 2023/1/2023 
f 2023/1/2023 2192/1/2192 1956/1/1956 
f 2192/1/2192 2023/1/2023 2022/1/2022 
f 2022/1/2022 2188/1/2188 2192/1/2192 
f 2188/1/2188 2187/1/2187 2193/1/2193 
f 2193/1/2193 2192/1/2192 2188/1/2188 
f 2194/1/2194 1869/1/1869 1868/1/1868 
f 1868/1/1868 2191/1/2191 2194/1/2194 
f 2191/1/2191 2026/1/2026 2195/1/2195 
f 2195/1/2195 2194/1/2194 2191/1/2191 
f 2194/1/2194 2195/1/2195 2196/1/2196 
f 2196/1/2196 2197/1/2197 2194/1/2194 
f 2197/1/2197 1870/1/1870 1869/1/1869 
f 1869/1/1869 2194/1/2194 2197/1/2197 
f 2198/1/2198 1953/1/1953 1870/1/1870 
f 1870/1/1870 2197/1/2197 2198/1/2198 
f 2197/1/2197 2196/1/2196 2199/1/2199 
f 2199/1/2199 2198/1/2198 2197/1/2197 
f 2198/1/2198 2199/1/2199 2037/1/2037 
f 2037/1/2037 2036/1/2036 2198/1/2198 
f 2036/1/2036 1950/1/1950 1953/1/1953 
f 2200/1/2200 2037/1/2037 2199/1/2199 
f 2199/1/2199 2201/1/2201 2200/1/2200 
f 2201/1/2201 2199/1/2199 2196/1/2196 
f 2196/1/2196 2202/1/2202 2201/1/2201 
f 2201/1/2201 2202/1/2202 1733/1/1733 
f 1733/1/1733 1944/1/1944 2201/1/2201 
f 2200/1/2200 2201/1/2201 1944/1/1944 
f 1944/1/1944 1938/1/1938 2200/1/2200 
f 2203/1/2203 2025/1/2025 1724/1/1724 
f 1724/1/1724 1736/1/1736 2203/1/2203 
f 1736/1/1736 1733/1/1733 2202/1/2202 
f 2202/1/2202 2203/1/2203 1736/1/1736 
f 2203/1/2203 2202/1/2202 2196/1/2196 
f 2196/1/2196 2195/1/2195 2203/1/2203 
f 2203/1/2203 2195/1/2195 2026/1/2026 
f 2026/1/2026 2025/1/2025 2203/1/2203 
f 2204/1/2204 2205/1/2205 2206/1/2206 
f 2206/1/2206 2207/1/2207 2204/1/2204 
f 2207/1/2207 2029/1/2029 2208/1/2208 
f 2208/1/2208 2204/1/2204 2207/1/2207 
f 2204/1/2204 2208/1/2208 1884/1/1884 
f 1884/1/1884 1883/1/1883 2204/1/2204 
f 1883/1/1883 1882/1/1882 2205/1/2205 
f 1922/1/1922 1884/1/1884 2208/1/2208 
f 2208/1/2208 2029/1/2029 2028/1/2028 
f 2028/1/2028 2209/1/2209 2208/1/2208 
f 2209/1/2209 2028/1/2028 2002/1/2002 
f 2002/1/2002 2001/1/2001 2209/1/2209 
f 2001/1/2001 1923/1/1923 1922/1/1922 
f 2210/1/2210 2211/1/2211 1913/1/1913 
f 1913/1/1913 1919/1/1919 2210/1/2210 
f 1919/1/1919 1739/1/1739 2030/1/2030 
f 2030/1/2030 2210/1/2210 1919/1/1919 
f 2210/1/2210 2030/1/2030 2029/1/2029 
f 2029/1/2029 2207/1/2207 2210/1/2210 
f 2207/1/2207 2206/1/2206 2211/1/2211 
f 2212/1/2212 1914/1/1914 1913/1/1913 
f 1913/1/1913 2211/1/2211 2212/1/2212 
f 2211/1/2211 2206/1/2206 2213/1/2213 
f 2213/1/2213 2212/1/2212 2211/1/2211 
f 2212/1/2212 2213/1/2213 2034/1/2034 
f 2034/1/2034 2214/1/2214 2212/1/2212 
f 2214/1/2214 1915/1/1915 1914/1/1914 
f 1914/1/1914 2212/1/2212 2214/1/2214 
f 2215/1/2215 1937/1/1937 1915/1/1915 
f 1915/1/1915 2214/1/2214 2215/1/2215 
f 2214/1/2214 2034/1/2034 2033/1/2033 
f 2033/1/2033 2215/1/2215 2214/1/2214 
f 2215/1/2215 2033/1/2033 2037/1/2037 
f 1937/1/1937 2215/1/2215 2200/1/2200 
f 2200/1/2200 1938/1/1938 1937/1/1937 
f 2216/1/2216 1888/1/1888 1887/1/1887 
f 1887/1/1887 2035/1/2035 2216/1/2216 
f 2035/1/2035 2034/1/2034 2213/1/2213 
f 2213/1/2213 2216/1/2216 2035/1/2035 
f 2216/1/2216 2213/1/2213 2206/1/2206 
f 2206/1/2206 2205/1/2205 2216/1/2216 
f 2216/1/2216 2205/1/2205 1882/1/1882 
f 2217/1/2217 1941/1/1941 1942/1/1942 
f 2218/1/2218 2217/1/2217 2150/1/2150 
f 2150/1/2150 2138/1/2138 2218/1/2218 
f 2217/1/2217 2218/1/2218 2219/1/2219 
f 2219/1/2219 2220/1/2220 2217/1/2217 
f 2220/1/2220 1917/1/1917 1941/1/1941 
f 1941/1/1941 2217/1/2217 2220/1/2220 
f 2221/1/2221 1910/1/1910 1917/1/1917 
f 2220/1/2220 2219/1/2219 2222/1/2222 
f 2221/1/2221 2222/1/2222 2129/1/2129 
f 2129/1/2129 2133/1/2133 2221/1/2221 
f 2133/1/2133 1911/1/1911 1910/1/1910 
f 1910/1/1910 2221/1/2221 2133/1/2133 
f 2223/1/2223 2222/1/2222 2219/1/2219 
f 2219/1/2219 2224/1/2224 2223/1/2223 
f 2224/1/2224 1746/1/1746 1745/1/1745 
f 1745/1/1745 2223/1/2223 2224/1/2224 
f 2223/1/2223 1745/1/1745 1108/1/1108 
f 1108/1/1108 2130/1/2130 2223/1/2223 
f 2130/1/2130 2129/1/2129 2222/1/2222 
f 2225/1/2225 1751/1/1751 1746/1/1746 
f 1746/1/1746 2224/1/2224 2225/1/2225 
f 2224/1/2224 2219/1/2219 2218/1/2218 
f 2218/1/2218 2225/1/2225 2224/1/2224 
f 2225/1/2225 2218/1/2218 2138/1/2138 
f 2138/1/2138 2137/1/2137 2225/1/2225 
f 2137/1/2137 1347/1/1347 1751/1/1751 
f 1751/1/1751 2225/1/2225 2137/1/2137 
f 2226/1/2226 1786/1/1786 1785/1/1785 
f 2227/1/2227 2040/1/2040 2039/1/2039 
f 2039/1/2039 2226/1/2226 2227/1/2227 
f 2226/1/2226 2039/1/2039 2043/1/2043 
f 2228/1/2228 1781/1/1781 1786/1/1786 
f 1786/1/1786 2226/1/2226 2228/1/2228 
f 2229/1/2229 2096/1/2096 2084/1/2084 
f 2084/1/2084 2230/1/2230 2229/1/2229 
f 2230/1/2230 2231/1/2231 2232/1/2232 
f 2232/1/2232 2229/1/2229 2230/1/2230 
f 2229/1/2229 2232/1/2232 1775/1/1775 
f 1775/1/1775 1774/1/1774 2229/1/2229 
f 1774/1/1774 1773/1/1773 2096/1/2096 
f 2096/1/2096 2229/1/2229 1774/1/1774 
f 1766/1/1766 1765/1/1765 2233/1/2233 
f 2233/1/2233 2234/1/2234 1766/1/1766 
f 2234/1/2234 2233/1/2233 2231/1/2231 
f 2231/1/2231 2230/1/2230 2234/1/2234 
f 2230/1/2230 2084/1/2084 2083/1/2083 
f 2083/1/2083 2234/1/2234 2230/1/2230 
f 2234/1/2234 2083/1/2083 141/1/141 
f 141/1/141 1766/1/1766 2234/1/2234 
f 2235/1/2235 1795/1/1795 1789/1/1789 
f 1789/1/1789 2052/1/2052 2235/1/2235 
f 2052/1/2052 2046/1/2046 2236/1/2236 
f 2236/1/2236 2235/1/2235 2052/1/2052 
f 2235/1/2235 2236/1/2236 2043/1/2043 
f 2043/1/2043 2042/1/2042 2235/1/2235 
f 2042/1/2042 1756/1/1756 1795/1/1795 
f 1795/1/1795 2235/1/2235 2042/1/2042 
f 2237/1/2237 1782/1/1782 1781/1/1781 
f 1781/1/1781 2228/1/2228 2237/1/2237 
f 2228/1/2228 2043/1/2043 2236/1/2236 
f 2236/1/2236 2237/1/2237 2228/1/2228 
f 2237/1/2237 2236/1/2236 2046/1/2046 
f 2046/1/2046 2045/1/2045 2237/1/2237 
f 2045/1/2045 129/1/129 1782/1/1782 
f 1782/1/1782 2237/1/2237 2045/1/2045 
f 2238/1/2238 1896/1/1896 1055/1/1055 
f 1055/1/1055 2071/1/2071 2238/1/2238 
f 2071/1/2071 1996/1/1996 2239/1/2239 
f 2239/1/2239 2238/1/2238 2071/1/2071 
f 2238/1/2238 2239/1/2239 2076/1/2076 
f 2076/1/2076 2075/1/2075 2238/1/2238 
f 2075/1/2075 1893/1/1893 1896/1/1896 
f 1896/1/1896 2238/1/2238 2075/1/2075 
f 2240/1/2240 2239/1/2239 1996/1/1996 
f 1996/1/1996 1995/1/1995 2240/1/2240 
f 1995/1/1995 1803/1/1803 1809/1/1809 
f 1809/1/1809 2240/1/2240 1995/1/1995 
f 2240/1/2240 1809/1/1809 1687/1/1687 
f 1687/1/1687 2081/1/2081 2240/1/2240 
f 2081/1/2081 2076/1/2076 2239/1/2239 
f 2239/1/2239 2240/1/2240 2081/1/2081 
f 2241/1/2241 2118/1/2118 2017/1/2017 
f 2017/1/2017 2242/1/2242 2241/1/2241 
f 2242/1/2242 2105/1/2105 2104/1/2104 
f 2104/1/2104 2241/1/2241 2242/1/2242 
f 2241/1/2241 2104/1/2104 1899/1/1899 
f 1899/1/1899 1898/1/1898 2241/1/2241 
f 1898/1/1898 1064/1/1064 2118/1/2118 
f 2118/1/2118 2241/1/2241 1898/1/1898 
f 2243/1/2243 2111/1/2111 2105/1/2105 
f 2105/1/2105 2242/1/2242 2243/1/2243 
f 2242/1/2242 2017/1/2017 2016/1/2016 
f 2016/1/2016 2243/1/2243 2242/1/2242 
f 2243/1/2243 2016/1/2016 1798/1/1798 
f 1798/1/1798 1797/1/1797 2243/1/2243 
f 1797/1/1797 1712/1/1712 2111/1/2111 
f 2244/1/2244 2101/1/2101 2005/1/2005 
f 2005/1/2005 2245/1/2245 2244/1/2244 
f 2245/1/2245 2114/1/2114 2113/1/2113 
f 2113/1/2113 2244/1/2244 2245/1/2245 
f 2244/1/2244 2113/1/2113 243/1/243 
f 243/1/243 1854/1/1854 2244/1/2244 
f 1854/1/1854 1853/1/1853 2101/1/2101 
f 2101/1/2101 2244/1/2244 1854/1/1854 
f 2246/1/2246 2004/1/2004 1701/1/1701 
f 1817/1/1817 1816/1/1816 2120/1/2120 
f 2120/1/2120 2246/1/2246 1817/1/1817 
f 2246/1/2246 2120/1/2120 2114/1/2114 
f 2114/1/2114 2245/1/2245 2246/1/2246 
f 2245/1/2245 2005/1/2005 2004/1/2004 
f 2004/1/2004 2246/1/2246 2245/1/2245 
f 2247/1/2247 314/1/314 309/1/309 
f 2062/1/2062 2061/1/2061 2248/1/2248 
f 2248/1/2248 2247/1/2247 2062/1/2062 
f 2247/1/2247 2248/1/2248 2067/1/2067 
f 2066/1/2066 216/1/216 314/1/314 
f 2249/1/2249 1844/1/1844 1823/1/1823 
f 1823/1/1823 2073/1/2073 2249/1/2249 
f 2073/1/2073 2067/1/2067 2248/1/2248 
f 2248/1/2248 2249/1/2249 2073/1/2073 
f 2249/1/2249 2248/1/2248 2061/1/2061 
f 2061/1/2061 2064/1/2064 2249/1/2249 
f 2064/1/2064 1845/1/1845 1844/1/1844 
f 1224/1/1224 1223/1/1223 2135/1/2135 
f 2135/1/2135 2250/1/2250 1224/1/1224 
f 2250/1/2250 2135/1/2135 2123/1/2123 
f 2251/1/2251 2011/1/2011 2010/1/2010 
f 2010/1/2010 2250/1/2250 2251/1/2251 
f 2250/1/2250 2010/1/2010 1225/1/1225 
f 1225/1/1225 1224/1/1224 2250/1/2250 
f 2251/1/2251 2123/1/2123 2122/1/2122 
f 2122/1/2122 2252/1/2252 2251/1/2251 
f 1933/1/1933 2252/1/2252 2122/1/2122 
f 2122/1/2122 1829/1/1829 1933/1/1933 
f 2252/1/2252 1933/1/1933 1932/1/1932 
f 1932/1/1932 2109/1/2109 2252/1/2252 
f 2109/1/2109 2011/1/2011 2251/1/2251 
f 2251/1/2251 2252/1/2252 2109/1/2109 
f 2253/1/2253 1600/1/1600 1599/1/1599 
f 1599/1/1599 2254/1/2254 2253/1/2253 
f 2254/1/2254 2255/1/2255 2256/1/2256 
f 2253/1/2253 2256/1/2256 832/1/832 
f 831/1/831 830/1/830 1600/1/1600 
f 1600/1/1600 2253/1/2253 831/1/831 
f 2257/1/2257 1001/1/1001 1000/1/1000 
f 1000/1/1000 2258/1/2258 2257/1/2257 
f 2258/1/2258 2259/1/2259 2260/1/2260 
f 2260/1/2260 2257/1/2257 2258/1/2258 
f 2257/1/2257 2260/1/2260 812/1/812 
f 812/1/812 989/1/989 2257/1/2257 
f 2257/1/2257 989/1/989 988/1/988 
f 988/1/988 1001/1/1001 2257/1/2257 
f 2261/1/2261 2262/1/2262 2263/1/2263 
f 2263/1/2263 2264/1/2264 2261/1/2261 
f 2264/1/2264 2259/1/2259 2258/1/2258 
f 2258/1/2258 2261/1/2261 2264/1/2264 
f 2261/1/2261 2258/1/2258 1000/1/1000 
f 1000/1/1000 1021/1/1021 2261/1/2261 
f 1021/1/1021 1023/1/1023 2262/1/2262 
f 2262/1/2262 2261/1/2261 1021/1/1021 
f 2265/1/2265 2260/1/2260 2259/1/2259 
f 2259/1/2259 2266/1/2266 2265/1/2265 
f 2265/1/2265 2266/1/2266 2267/1/2267 
f 2267/1/2267 2268/1/2268 2265/1/2265 
f 2265/1/2265 2268/1/2268 814/1/814 
f 814/1/814 813/1/813 2265/1/2265 
f 813/1/813 812/1/812 2260/1/2260 
f 2260/1/2260 2265/1/2265 813/1/813 
f 2269/1/2269 2266/1/2266 2259/1/2259 
f 2259/1/2259 2264/1/2264 2269/1/2269 
f 2264/1/2264 2263/1/2263 2270/1/2270 
f 2270/1/2270 2269/1/2269 2264/1/2264 
f 2269/1/2269 2270/1/2270 2271/1/2271 
f 2271/1/2271 2272/1/2272 2269/1/2269 
f 2272/1/2272 2267/1/2267 2266/1/2266 
f 2266/1/2266 2269/1/2269 2272/1/2272 
f 2272/1/2272 2271/1/2271 2273/1/2273 
f 2273/1/2273 820/1/820 819/1/819 
f 819/1/819 814/1/814 2268/1/2268 
f 2268/1/2268 2274/1/2274 819/1/819 
f 2274/1/2274 2268/1/2268 2267/1/2267 
f 1606/1/1606 820/1/820 2273/1/2273 
f 2275/1/2275 2273/1/2273 2271/1/2271 
f 2271/1/2271 2276/1/2276 2275/1/2275 
f 2275/1/2275 2276/1/2276 2255/1/2255 
f 2255/1/2255 2254/1/2254 2275/1/2275 
f 2254/1/2254 1599/1/1599 1606/1/1606 
f 2256/1/2256 2255/1/2255 2276/1/2276 
f 2276/1/2276 2277/1/2277 2256/1/2256 
f 2276/1/2276 2271/1/2271 2270/1/2270 
f 2270/1/2270 2277/1/2277 2276/1/2276 
f 2277/1/2277 2270/1/2270 2263/1/2263 
f 2263/1/2263 2278/1/2278 2277/1/2277 
f 2278/1/2278 832/1/832 2256/1/2256 
f 2256/1/2256 2277/1/2277 2278/1/2278 
f 2279/1/2279 825/1/825 832/1/832 
f 832/1/832 2278/1/2278 2279/1/2279 
f 2278/1/2278 2263/1/2263 2262/1/2262 
f 2262/1/2262 2279/1/2279 2278/1/2278 
f 2279/1/2279 2262/1/2262 1023/1/1023 
f 1023/1/1023 1032/1/1032 2279/1/2279 
f 1032/1/1032 826/1/826 825/1/825 
f 825/1/825 2279/1/2279 1032/1/1032 
f 2280/1/2280 1483/1/1483 1482/1/1482 
f 1482/1/1482 1489/1/1489 2280/1/2280 
f 1489/1/1489 1488/1/1488 2281/1/2281 
f 2281/1/2281 2280/1/2280 1489/1/1489 
f 2282/1/2282 2280/1/2280 2281/1/2281 
f 2281/1/2281 2283/1/2283 2282/1/2282 
f 2282/1/2282 1484/1/1484 1483/1/1483 
f 1483/1/1483 2280/1/2280 2282/1/2282 
f 1552/1/1552 1541/1/1541 2284/1/2284 
f 2284/1/2284 2285/1/2285 1552/1/1552 
f 2284/1/2284 2283/1/2283 2281/1/2281 
f 2281/1/2281 2285/1/2285 2284/1/2284 
f 2285/1/2285 2281/1/2281 1488/1/1488 
f 1562/1/1562 1553/1/1553 1552/1/1552 
f 1540/1/1540 1539/1/1539 2286/1/2286 
f 2286/1/2286 2287/1/2287 2288/1/2288 
f 2289/1/2289 2288/1/2288 2283/1/2283 
f 2283/1/2283 2284/1/2284 2289/1/2289 
f 2289/1/2289 2284/1/2284 1541/1/1541 
f 1541/1/1541 1540/1/1540 2289/1/2289 
f 2290/1/2290 1485/1/1485 1484/1/1484 
f 1484/1/1484 2291/1/2291 2290/1/2290 
f 2291/1/2291 2292/1/2292 2293/1/2293 
f 2293/1/2293 2290/1/2290 2291/1/2291 
f 2290/1/2290 2293/1/2293 1427/1/1427 
f 1427/1/1427 1426/1/1426 2290/1/2290 
f 2290/1/2290 1426/1/1426 1425/1/1425 
f 1425/1/1425 1485/1/1485 2290/1/2290 
f 2294/1/2294 2291/1/2291 1484/1/1484 
f 1484/1/1484 2282/1/2282 2294/1/2294 
f 2294/1/2294 2282/1/2282 2283/1/2283 
f 2283/1/2283 2295/1/2295 2294/1/2294 
f 2294/1/2294 2295/1/2295 2296/1/2296 
f 2296/1/2296 2297/1/2297 2294/1/2294 
f 2297/1/2297 2292/1/2292 2291/1/2291 
f 2291/1/2291 2294/1/2294 2297/1/2297 
f 2298/1/2298 2299/1/2299 2296/1/2296 
f 2296/1/2296 2295/1/2295 2298/1/2298 
f 2295/1/2295 2283/1/2283 2288/1/2288 
f 2288/1/2288 2298/1/2298 2295/1/2295 
f 2298/1/2298 2288/1/2288 2287/1/2287 
f 2287/1/2287 2299/1/2299 2298/1/2298 
f 2300/1/2300 2301/1/2301 2302/1/2302 
f 2302/1/2302 2303/1/2303 2300/1/2300 
f 2303/1/2303 1443/1/1443 1442/1/1442 
f 1442/1/1442 2300/1/2300 2303/1/2303 
f 2300/1/2300 1442/1/1442 1441/1/1441 
f 1441/1/1441 2304/1/2304 2300/1/2300 
f 2304/1/2304 2305/1/2305 2301/1/2301 
f 2301/1/2301 2300/1/2300 2304/1/2304 
f 2306/1/2306 2307/1/2307 2308/1/2308 
f 2308/1/2308 2309/1/2309 2306/1/2306 
f 2309/1/2309 2310/1/2310 2311/1/2311 
f 2311/1/2311 2306/1/2306 2309/1/2309 
f 2306/1/2306 2311/1/2311 1975/1/1975 
f 1975/1/1975 1974/1/1974 2306/1/2306 
f 1974/1/1974 1973/1/1973 2307/1/2307 
f 2307/1/2307 2306/1/2306 1974/1/1974 
f 2312/1/2312 2301/1/2301 2305/1/2305 
f 2305/1/2305 2313/1/2313 2312/1/2312 
f 2313/1/2313 2314/1/2314 2315/1/2315 
f 2315/1/2315 2312/1/2312 2313/1/2313 
f 2312/1/2312 2315/1/2315 2316/1/2316 
f 2316/1/2316 2317/1/2317 2312/1/2312 
f 2317/1/2317 2302/1/2302 2301/1/2301 
f 2301/1/2301 2312/1/2312 2317/1/2317 
f 2309/1/2309 2308/1/2308 2318/1/2318 
f 2318/1/2318 2319/1/2319 2309/1/2309 
f 2319/1/2319 2318/1/2318 2316/1/2316 
f 2316/1/2316 2315/1/2315 2319/1/2319 
f 2319/1/2319 2315/1/2315 2314/1/2314 
f 2314/1/2314 2320/1/2320 2319/1/2319 
f 2309/1/2309 2319/1/2319 2320/1/2320 
f 2320/1/2320 2310/1/2310 2309/1/2309 
f 2321/1/2321 2186/1/2186 1443/1/1443 
f 1443/1/1443 2303/1/2303 2321/1/2321 
f 2303/1/2303 2302/1/2302 2322/1/2322 
f 2322/1/2322 2321/1/2321 2303/1/2303 
f 2321/1/2321 2322/1/2322 2323/1/2323 
f 2323/1/2323 2324/1/2324 2321/1/2321 
f 2324/1/2324 2187/1/2187 2186/1/2186 
f 2186/1/2186 2321/1/2321 2324/1/2324 
f 2325/1/2325 2326/1/2326 2327/1/2327 
f 2327/1/2327 2328/1/2328 2325/1/2325 
f 2328/1/2328 2308/1/2308 2307/1/2307 
f 2307/1/2307 2325/1/2325 2328/1/2328 
f 2325/1/2325 2307/1/2307 1973/1/1973 
f 1973/1/1973 2184/1/2184 2325/1/2325 
f 2184/1/2184 2183/1/2183 2326/1/2326 
f 2326/1/2326 2325/1/2325 2184/1/2184 
f 2329/1/2329 2330/1/2330 2331/1/2331 
f 2331/1/2331 2332/1/2332 2329/1/2329 
f 2332/1/2332 2316/1/2316 2318/1/2318 
f 2318/1/2318 2329/1/2329 2332/1/2332 
f 2329/1/2329 2318/1/2318 2308/1/2308 
f 2308/1/2308 2328/1/2328 2329/1/2329 
f 2328/1/2328 2327/1/2327 2330/1/2330 
f 2330/1/2330 2329/1/2329 2328/1/2328 
f 2333/1/2333 2317/1/2317 2316/1/2316 
f 2316/1/2316 2332/1/2332 2333/1/2333 
f 2332/1/2332 2331/1/2331 2334/1/2334 
f 2334/1/2334 2333/1/2333 2332/1/2332 
f 2334/1/2334 2323/1/2323 2322/1/2322 
f 2322/1/2322 2333/1/2333 2334/1/2334 
f 2333/1/2333 2322/1/2322 2302/1/2302 
f 2302/1/2302 2317/1/2317 2333/1/2333 
f 2335/1/2335 2336/1/2336 2337/1/2337 
f 2337/1/2337 2338/1/2338 2335/1/2335 
f 2337/1/2337 1957/1/1957 2193/1/2193 
f 2193/1/2193 2338/1/2338 2337/1/2337 
f 2338/1/2338 2193/1/2193 2187/1/2187 
f 2187/1/2187 2324/1/2324 2338/1/2338 
f 2324/1/2324 2323/1/2323 2335/1/2335 
f 2335/1/2335 2338/1/2338 2324/1/2324 
f 2339/1/2339 2334/1/2334 2331/1/2331 
f 2331/1/2331 2340/1/2340 2339/1/2339 
f 2340/1/2340 2341/1/2341 2342/1/2342 
f 2342/1/2342 2339/1/2339 2340/1/2340 
f 2339/1/2339 2342/1/2342 2336/1/2336 
f 2336/1/2336 2335/1/2335 2339/1/2339 
f 2335/1/2335 2323/1/2323 2334/1/2334 
f 2334/1/2334 2339/1/2339 2335/1/2335 
f 2343/1/2343 2337/1/2337 2336/1/2336 
f 2336/1/2336 2344/1/2344 2343/1/2343 
f 2344/1/2344 2345/1/2345 2346/1/2346 
f 2346/1/2346 2343/1/2343 2344/1/2344 
f 2343/1/2343 2346/1/2346 1959/1/1959 
f 1959/1/1959 1958/1/1958 2343/1/2343 
f 1958/1/1958 1957/1/1957 2337/1/2337 
f 2337/1/2337 2343/1/2343 1958/1/1958 
f 2347/1/2347 2342/1/2342 2341/1/2341 
f 2341/1/2341 2348/1/2348 2347/1/2347 
f 2348/1/2348 2349/1/2349 2350/1/2350 
f 2350/1/2350 2347/1/2347 2348/1/2348 
f 2347/1/2347 2350/1/2350 2345/1/2345 
f 2345/1/2345 2344/1/2344 2347/1/2347 
f 2344/1/2344 2336/1/2336 2342/1/2342 
f 2351/1/2351 2346/1/2346 2345/1/2345 
f 2352/1/2352 2353/1/2353 2354/1/2354 
f 2354/1/2354 2351/1/2351 2352/1/2352 
f 2351/1/2351 2354/1/2354 2157/1/2157 
f 2157/1/2157 2161/1/2161 2351/1/2351 
f 2161/1/2161 1959/1/1959 2346/1/2346 
f 2346/1/2346 2351/1/2351 2161/1/2161 
f 2355/1/2355 2356/1/2356 2357/1/2357 
f 2357/1/2357 2358/1/2358 2355/1/2355 
f 2355/1/2355 2358/1/2358 2353/1/2353 
f 2353/1/2353 2352/1/2352 2355/1/2355 
f 2352/1/2352 2345/1/2345 2350/1/2350 
f 2350/1/2350 2355/1/2355 2352/1/2352 
f 2350/1/2350 2349/1/2349 2356/1/2356 
f 2359/1/2359 2360/1/2360 2361/1/2361 
f 2361/1/2361 2362/1/2362 2359/1/2359 
f 2362/1/2362 2361/1/2361 2363/1/2363 
f 2363/1/2363 2364/1/2364 2362/1/2362 
f 2362/1/2362 2364/1/2364 2165/1/2165 
f 2165/1/2165 2164/1/2164 2362/1/2362 
f 2164/1/2164 1665/1/1665 2359/1/2359 
f 2359/1/2359 2362/1/2362 2164/1/2164 
f 2365/1/2365 2354/1/2354 2353/1/2353 
f 2353/1/2353 2366/1/2366 2365/1/2365 
f 2366/1/2366 2367/1/2367 2368/1/2368 
f 2368/1/2368 2365/1/2365 2366/1/2366 
f 2365/1/2365 2368/1/2368 1963/1/1963 
f 1963/1/1963 2158/1/2158 2365/1/2365 
f 2158/1/2158 2157/1/2157 2354/1/2354 
f 2354/1/2354 2365/1/2365 2158/1/2158 
f 2366/1/2366 2353/1/2353 2358/1/2358 
f 2358/1/2358 2369/1/2369 2366/1/2366 
f 2358/1/2358 2357/1/2357 2370/1/2370 
f 2370/1/2370 2369/1/2369 2358/1/2358 
f 2369/1/2369 2370/1/2370 2371/1/2371 
f 2371/1/2371 2372/1/2372 2369/1/2369 
f 2369/1/2369 2372/1/2372 2367/1/2367 
f 2367/1/2367 2366/1/2366 2369/1/2369 
f 2373/1/2373 2361/1/2361 2360/1/2360 
f 2360/1/2360 2374/1/2374 2373/1/2373 
f 2374/1/2374 2371/1/2371 2370/1/2370 
f 2370/1/2370 2373/1/2373 2374/1/2374 
f 2373/1/2373 2370/1/2370 2357/1/2357 
f 2357/1/2357 2375/1/2375 2373/1/2373 
f 2375/1/2375 2363/1/2363 2361/1/2361 
f 2361/1/2361 2373/1/2373 2375/1/2375 
f 2376/1/2376 1664/1/1664 1668/1/1668 
f 1668/1/1668 2377/1/2377 2376/1/2376 
f 2377/1/2377 2378/1/2378 2379/1/2379 
f 2379/1/2379 2376/1/2376 2377/1/2377 
f 2376/1/2376 2379/1/2379 2360/1/2360 
f 2360/1/2360 2359/1/2359 2376/1/2376 
f 2359/1/2359 1665/1/1665 1664/1/1664 
f 1664/1/1664 2376/1/2376 2359/1/2359 
f 2380/1/2380 2368/1/2368 2367/1/2367 
f 2367/1/2367 2381/1/2381 2380/1/2380 
f 2381/1/2381 2382/1/2382 2383/1/2383 
f 2383/1/2383 2380/1/2380 2381/1/2381 
f 2380/1/2380 2383/1/2383 1965/1/1965 
f 1965/1/1965 1964/1/1964 2380/1/2380 
f 1964/1/1964 1963/1/1963 2368/1/2368 
f 2368/1/2368 2380/1/2380 1964/1/1964 
f 2381/1/2381 2367/1/2367 2372/1/2372 
f 2372/1/2372 2384/1/2384 2381/1/2381 
f 2372/1/2372 2371/1/2371 2385/1/2385 
f 2385/1/2385 2384/1/2384 2372/1/2372 
f 2384/1/2384 2385/1/2385 2386/1/2386 
f 2386/1/2386 2387/1/2387 2384/1/2384 
f 2384/1/2384 2387/1/2387 2382/1/2382 
f 2382/1/2382 2381/1/2381 2384/1/2384 
f 2388/1/2388 2379/1/2379 2378/1/2378 
f 2378/1/2378 2389/1/2389 2388/1/2388 
f 2389/1/2389 2386/1/2386 2385/1/2385 
f 2385/1/2385 2388/1/2388 2389/1/2389 
f 2388/1/2388 2385/1/2385 2371/1/2371 
f 2371/1/2371 2374/1/2374 2388/1/2388 
f 2374/1/2374 2360/1/2360 2379/1/2379 
f 2379/1/2379 2388/1/2388 2374/1/2374 
f 2390/1/2390 2391/1/2391 2392/1/2392 
f 2392/1/2392 2393/1/2393 2390/1/2390 
f 2390/1/2390 2393/1/2393 2394/1/2394 
f 2394/1/2394 2395/1/2395 2390/1/2390 
f 2395/1/2395 1965/1/1965 2383/1/2383 
f 2383/1/2383 2390/1/2390 2395/1/2395 
f 2391/1/2391 2390/1/2390 2383/1/2383 
f 2383/1/2383 2382/1/2382 2391/1/2391 
f 2396/1/2396 2391/1/2391 2382/1/2382 
f 2382/1/2382 2387/1/2387 2396/1/2396 
f 2387/1/2387 2386/1/2386 2397/1/2397 
f 2397/1/2397 2396/1/2396 2387/1/2387 
f 2396/1/2396 2397/1/2397 2398/1/2398 
f 2398/1/2398 2399/1/2399 2396/1/2396 
f 2399/1/2399 2392/1/2392 2391/1/2391 
f 2391/1/2391 2396/1/2396 2399/1/2399 
f 2400/1/2400 1641/1/1641 1628/1/1628 
f 1628/1/1628 2401/1/2401 2400/1/2400 
f 2402/1/2402 2400/1/2400 2401/1/2401 
f 2401/1/2401 2403/1/2403 2402/1/2402 
f 2400/1/2400 2402/1/2402 2404/1/2404 
f 2404/1/2404 2405/1/2405 2400/1/2400 
f 2405/1/2405 1642/1/1642 1641/1/1641 
f 1641/1/1641 2400/1/2400 2405/1/2405 
f 2406/1/2406 2407/1/2407 2403/1/2403 
f 2403/1/2403 2408/1/2408 2406/1/2406 
f 2408/1/2408 1479/1/1479 2409/1/2409 
f 2409/1/2409 2406/1/2406 2408/1/2408 
f 2406/1/2406 2409/1/2409 2410/1/2410 
f 2410/1/2410 2411/1/2411 2406/1/2406 
f 2411/1/2411 2412/1/2412 2407/1/2407 
f 2407/1/2407 2406/1/2406 2411/1/2411 
f 1466/1/1466 1473/1/1473 2413/1/2413 
f 2414/1/2414 2413/1/2413 1473/1/1473 
f 1473/1/1473 1475/1/1475 2414/1/2414 
f 2414/1/2414 2410/1/2410 2409/1/2409 
f 2409/1/2409 2413/1/2413 2414/1/2414 
f 2413/1/2413 2409/1/2409 1479/1/1479 
f 1479/1/1479 1478/1/1478 2413/1/2413 
f 2408/1/2408 2403/1/2403 2401/1/2401 
f 2401/1/2401 2415/1/2415 2408/1/2408 
f 2401/1/2401 1628/1/1628 1627/1/1627 
f 1627/1/1627 2415/1/2415 2401/1/2401 
f 2415/1/2415 1627/1/1627 1608/1/1608 
f 2415/1/2415 1611/1/1611 1479/1/1479 
f 2416/1/2416 2417/1/2417 2418/1/2418 
f 2418/1/2418 2419/1/2419 2416/1/2416 
f 2419/1/2419 2420/1/2420 2421/1/2421 
f 2421/1/2421 2416/1/2416 2419/1/2419 
f 2422/1/2422 2423/1/2423 2418/1/2418 
f 2418/1/2418 2417/1/2417 2422/1/2422 
f 2424/1/2424 2425/1/2425 2423/1/2423 
f 2423/1/2423 2422/1/2422 2424/1/2424 
f 2426/1/2426 698/1/698 680/1/680 
f 680/1/680 679/1/679 2426/1/2426 
f 679/1/679 684/1/684 2427/1/2427 
f 2427/1/2427 2426/1/2426 679/1/679 
f 2426/1/2426 2427/1/2427 2428/1/2428 
f 2429/1/2429 699/1/699 698/1/698 
f 698/1/698 2426/1/2426 2429/1/2429 
f 2430/1/2430 705/1/705 699/1/699 
f 699/1/699 2429/1/2429 2430/1/2430 
f 2429/1/2429 2428/1/2428 2431/1/2431 
f 2431/1/2431 2430/1/2430 2429/1/2429 
f 2430/1/2430 2431/1/2431 9/1/9 
f 9/1/9 8/1/8 2430/1/2430 
f 8/1/8 7/1/7 705/1/705 
f 705/1/705 2430/1/2430 8/1/8 
f 2432/1/2432 2433/1/2433 2434/1/2434 
f 2435/1/2435 2436/1/2436 2437/1/2437 
f 2437/1/2437 2432/1/2432 2435/1/2435 
f 2432/1/2432 2437/1/2437 145/1/145 
f 145/1/145 153/1/153 2432/1/2432 
f 153/1/153 152/1/152 2433/1/2433 
f 2433/1/2433 2432/1/2432 153/1/153 
f 2438/1/2438 2433/1/2433 152/1/152 
f 152/1/152 265/1/265 2438/1/2438 
f 265/1/265 264/1/264 2439/1/2439 
f 2439/1/2439 2438/1/2438 265/1/265 
f 2438/1/2438 2439/1/2439 2440/1/2440 
f 2440/1/2440 2441/1/2441 2438/1/2438 
f 2441/1/2441 2434/1/2434 2433/1/2433 
f 2433/1/2433 2438/1/2438 2441/1/2441 
f 2442/1/2442 2443/1/2443 2444/1/2444 
f 2444/1/2444 2445/1/2445 2442/1/2442 
f 2445/1/2445 49/1/49 48/1/48 
f 48/1/48 2442/1/2442 2445/1/2445 
f 2442/1/2442 48/1/48 54/1/54 
f 54/1/54 138/1/138 2442/1/2442 
f 138/1/138 137/1/137 2443/1/2443 
f 2446/1/2446 2447/1/2447 2448/1/2448 
f 2448/1/2448 2449/1/2449 2446/1/2446 
f 2448/1/2448 2450/1/2450 2451/1/2451 
f 2451/1/2451 2449/1/2449 2448/1/2448 
f 2449/1/2449 2451/1/2451 1905/1/1905 
f 1905/1/1905 1936/1/1936 2449/1/2449 
f 2449/1/2449 1936/1/1936 1930/1/1930 
f 1930/1/1930 2446/1/2446 2449/1/2449 
f 2452/1/2452 2451/1/2451 2450/1/2450 
f 2453/1/2453 2454/1/2454 2455/1/2455 
f 2455/1/2455 2452/1/2452 2453/1/2453 
f 2452/1/2452 2455/1/2455 1901/1/1901 
f 1901/1/1901 1906/1/1906 2452/1/2452 
f 1906/1/1906 1905/1/1905 2451/1/2451 
f 2451/1/2451 2452/1/2452 1906/1/1906 
f 2456/1/2456 2457/1/2457 2458/1/2458 
f 2458/1/2458 2459/1/2459 2456/1/2456 
f 2456/1/2456 2460/1/2460 2461/1/2461 
f 2461/1/2461 2457/1/2457 2456/1/2456 
f 2457/1/2457 2461/1/2461 1045/1/1045 
f 1045/1/1045 1127/1/1127 2457/1/2457 
f 1127/1/1127 1126/1/1126 2458/1/2458 
f 2458/1/2458 2457/1/2457 1127/1/1127 
f 2462/1/2462 271/1/271 270/1/270 
f 270/1/270 2463/1/2463 2462/1/2462 
f 2463/1/2463 2464/1/2464 2465/1/2465 
f 2465/1/2465 2462/1/2462 2463/1/2463 
f 2462/1/2462 2465/1/2465 2466/1/2466 
f 2466/1/2466 2467/1/2467 2462/1/2462 
f 2467/1/2467 183/1/183 271/1/271 
f 271/1/271 2462/1/2462 2467/1/2467 
f 2468/1/2468 2469/1/2469 2470/1/2470 
f 2470/1/2470 2471/1/2471 2468/1/2468 
f 2471/1/2471 1450/1/1450 1966/1/1966 
f 1966/1/1966 2468/1/2468 2471/1/2471 
f 2468/1/2468 1966/1/1966 1965/1/1965 
f 1965/1/1965 2395/1/2395 2468/1/2468 
f 2395/1/2395 2394/1/2394 2469/1/2469 
f 2469/1/2469 2468/1/2468 2395/1/2395 
f 2472/1/2472 2473/1/2473 1656/1/1656 
f 1656/1/1656 1655/1/1655 2472/1/2472 
f 1655/1/1655 1654/1/1654 2474/1/2474 
f 2474/1/2474 2472/1/2472 1655/1/1655 
f 2472/1/2472 2474/1/2474 2475/1/2475 
f 2475/1/2475 2476/1/2476 2472/1/2472 
f 2476/1/2476 2477/1/2477 2473/1/2473 
f 2473/1/2473 2472/1/2472 2476/1/2476 
f 2478/1/2478 2479/1/2479 2475/1/2475 
f 2475/1/2475 2474/1/2474 2478/1/2478 
f 2474/1/2474 1654/1/1654 1978/1/1978 
f 1978/1/1978 2478/1/2478 2474/1/2474 
f 2478/1/2478 1978/1/1978 1969/1/1969 
f 1969/1/1969 2480/1/2480 2478/1/2478 
f 2480/1/2480 2481/1/2481 2479/1/2479 
f 2479/1/2479 2478/1/2478 2480/1/2480 
f 2482/1/2482 1968/1/1968 1975/1/1975 
f 1975/1/1975 2483/1/2483 2482/1/2482 
f 2483/1/2483 2484/1/2484 2485/1/2485 
f 2485/1/2485 2482/1/2482 2483/1/2483 
f 2482/1/2482 2485/1/2485 2481/1/2481 
f 2481/1/2481 2480/1/2480 2482/1/2482 
f 2480/1/2480 1969/1/1969 1968/1/1968 
f 1968/1/1968 2482/1/2482 2480/1/2480 
f 2486/1/2486 2487/1/2487 2484/1/2484 
f 2484/1/2484 2483/1/2483 2486/1/2486 
f 2483/1/2483 1975/1/1975 2311/1/2311 
f 2311/1/2311 2486/1/2486 2483/1/2483 
f 2486/1/2486 2311/1/2311 2310/1/2310 
f 2310/1/2310 2488/1/2488 2486/1/2486 
f 2488/1/2488 2489/1/2489 2487/1/2487 
f 2487/1/2487 2486/1/2486 2488/1/2488 
f 2490/1/2490 2491/1/2491 2492/1/2492 
f 2492/1/2492 2493/1/2493 2490/1/2490 
f 2493/1/2493 1872/1/1872 1954/1/1954 
f 1954/1/1954 2490/1/2490 2493/1/2493 
f 2490/1/2490 1954/1/1954 1948/1/1948 
f 1948/1/1948 2494/1/2494 2490/1/2490 
f 2494/1/2494 2495/1/2495 2491/1/2491 
f 2491/1/2491 2490/1/2490 2494/1/2494 
f 2496/1/2496 2497/1/2497 2498/1/2498 
f 2498/1/2498 2499/1/2499 2496/1/2496 
f 2499/1/2499 2500/1/2500 2501/1/2501 
f 2501/1/2501 2496/1/2496 2499/1/2499 
f 2496/1/2496 2501/1/2501 1880/1/1880 
f 1880/1/1880 1879/1/1879 2496/1/2496 
f 1879/1/1879 1878/1/1878 2497/1/2497 
f 2497/1/2497 2496/1/2496 1879/1/1879 
f 2502/1/2502 1120/1/1120 1119/1/1119 
f 1119/1/1119 2503/1/2503 2502/1/2502 
f 2503/1/2503 2498/1/2498 2497/1/2497 
f 2497/1/2497 2502/1/2502 2503/1/2503 
f 2502/1/2502 2497/1/2497 1878/1/1878 
f 1878/1/1878 1925/1/1925 2502/1/2502 
f 1925/1/1925 1121/1/1121 1120/1/1120 
f 1120/1/1120 2502/1/2502 1925/1/1925 
f 2504/1/2504 2505/1/2505 2506/1/2506 
f 2506/1/2506 2507/1/2507 2504/1/2504 
f 2507/1/2507 2508/1/2508 2509/1/2509 
f 2509/1/2509 2504/1/2504 2507/1/2507 
f 2504/1/2504 2509/1/2509 2292/1/2292 
f 2292/1/2292 2297/1/2297 2504/1/2504 
f 2297/1/2297 2296/1/2296 2505/1/2505 
f 2505/1/2505 2504/1/2504 2297/1/2297 
f 2510/1/2510 2509/1/2509 2508/1/2508 
f 2508/1/2508 2511/1/2511 2510/1/2510 
f 2511/1/2511 1435/1/1435 1434/1/1434 
f 1434/1/1434 2510/1/2510 2511/1/2511 
f 2510/1/2510 1434/1/1434 1427/1/1427 
f 1427/1/1427 2293/1/2293 2510/1/2510 
f 2293/1/2293 2292/1/2292 2509/1/2509 
f 2509/1/2509 2510/1/2510 2293/1/2293 
f 2512/1/2512 2513/1/2513 2514/1/2514 
f 2514/1/2514 2515/1/2515 2512/1/2512 
f 2512/1/2512 2515/1/2515 2495/1/2495 
f 2495/1/2495 2494/1/2494 2512/1/2512 
f 2494/1/2494 1948/1/1948 1947/1/1947 
f 1947/1/1947 2512/1/2512 2494/1/2494 
f 1947/1/1947 1890/1/1890 2513/1/2513 
f 2513/1/2513 2512/1/2512 1947/1/1947 
f 2516/1/2516 2501/1/2501 2500/1/2500 
f 2500/1/2500 2517/1/2517 2516/1/2516 
f 2517/1/2517 2514/1/2514 2513/1/2513 
f 2513/1/2513 2516/1/2516 2517/1/2517 
f 2516/1/2516 2513/1/2513 1890/1/1890 
f 1890/1/1890 1889/1/1889 2516/1/2516 
f 1889/1/1889 1880/1/1880 2501/1/2501 
f 2501/1/2501 2516/1/2516 1889/1/1889 
f 2518/1/2518 52/1/52 51/1/51 
f 51/1/51 2519/1/2519 2518/1/2518 
f 2519/1/2519 2520/1/2520 2521/1/2521 
f 2521/1/2521 2518/1/2518 2519/1/2519 
f 2518/1/2518 2521/1/2521 40/1/40 
f 40/1/40 39/1/39 2518/1/2518 
f 39/1/39 46/1/46 52/1/52 
f 52/1/52 2518/1/2518 39/1/39 
f 2522/1/2522 2437/1/2437 2436/1/2436 
f 2436/1/2436 2523/1/2523 2522/1/2522 
f 2523/1/2523 2524/1/2524 2525/1/2525 
f 2525/1/2525 2522/1/2522 2523/1/2523 
f 2525/1/2525 147/1/147 146/1/146 
f 146/1/146 2522/1/2522 2525/1/2525 
f 2437/1/2437 2522/1/2522 146/1/146 
f 146/1/146 145/1/145 2437/1/2437 
f 2526/1/2526 2527/1/2527 2528/1/2528 
f 2528/1/2528 2529/1/2529 2526/1/2526 
f 2530/1/2530 2529/1/2529 2528/1/2528 
f 2528/1/2528 2531/1/2531 2530/1/2530 
f 2530/1/2530 2524/1/2524 2532/1/2532 
f 2532/1/2532 2529/1/2529 2530/1/2530 
f 2529/1/2529 2532/1/2532 2533/1/2533 
f 2533/1/2533 2526/1/2526 2529/1/2529 
f 2534/1/2534 2535/1/2535 2536/1/2536 
f 2536/1/2536 2537/1/2537 2534/1/2534 
f 2537/1/2537 2533/1/2533 2532/1/2532 
f 2532/1/2532 2534/1/2534 2537/1/2537 
f 2534/1/2534 2532/1/2532 2524/1/2524 
f 2524/1/2524 2523/1/2523 2534/1/2534 
f 2523/1/2523 2436/1/2436 2535/1/2535 
f 2535/1/2535 2534/1/2534 2523/1/2523 
f 2538/1/2538 2539/1/2539 2533/1/2533 
f 2533/1/2533 2537/1/2537 2538/1/2538 
f 2537/1/2537 2536/1/2536 2540/1/2540 
f 2540/1/2540 2538/1/2538 2537/1/2537 
f 2538/1/2538 2540/1/2540 108/1/108 
f 108/1/108 107/1/107 2538/1/2538 
f 107/1/107 28/1/28 2539/1/2539 
f 2539/1/2539 2538/1/2538 107/1/107 
f 2541/1/2541 2530/1/2530 2531/1/2531 
f 2531/1/2531 2542/1/2542 2541/1/2541 
f 1763/1/1763 2541/1/2541 2542/1/2542 
f 2542/1/2542 1764/1/1764 1763/1/1763 
f 2541/1/2541 1763/1/1763 147/1/147 
f 147/1/147 2525/1/2525 2541/1/2541 
f 2530/1/2530 2541/1/2541 2525/1/2525 
f 2525/1/2525 2524/1/2524 2530/1/2530 
f 2543/1/2543 27/1/27 34/1/34 
f 34/1/34 2544/1/2544 2543/1/2543 
f 2543/1/2543 2544/1/2544 2527/1/2527 
f 2527/1/2527 2526/1/2526 2543/1/2543 
f 2526/1/2526 2533/1/2533 2539/1/2539 
f 2539/1/2539 2543/1/2543 2526/1/2526 
f 2539/1/2539 28/1/28 27/1/27 
f 27/1/27 2543/1/2543 2539/1/2539 
f 2545/1/2545 2546/1/2546 2547/1/2547 
f 2547/1/2547 2548/1/2548 2545/1/2545 
f 2548/1/2548 2549/1/2549 2550/1/2550 
f 2550/1/2550 2545/1/2545 2548/1/2548 
f 1753/1/1753 2545/1/2545 2550/1/2550 
f 2550/1/2550 1754/1/1754 1753/1/1753 
f 1753/1/1753 1760/1/1760 2546/1/2546 
f 2546/1/2546 2545/1/2545 1753/1/1753 
f 2551/1/2551 2552/1/2552 2553/1/2553 
f 2553/1/2553 2554/1/2554 2551/1/2551 
f 2554/1/2554 2555/1/2555 2556/1/2556 
f 2556/1/2556 2551/1/2551 2554/1/2554 
f 2551/1/2551 2556/1/2556 2549/1/2549 
f 2549/1/2549 2548/1/2548 2551/1/2551 
f 2548/1/2548 2547/1/2547 2552/1/2552 
f 2552/1/2552 2551/1/2551 2548/1/2548 
f 2557/1/2557 2558/1/2558 2555/1/2555 
f 2555/1/2555 2554/1/2554 2557/1/2557 
f 2554/1/2554 2553/1/2553 2559/1/2559 
f 2559/1/2559 2557/1/2557 2554/1/2554 
f 2557/1/2557 2559/1/2559 2520/1/2520 
f 2520/1/2520 2519/1/2519 2557/1/2557 
f 2519/1/2519 51/1/51 2558/1/2558 
f 2558/1/2558 2557/1/2557 2519/1/2519 
f 2560/1/2560 2556/1/2556 2555/1/2555 
f 2555/1/2555 2561/1/2561 2560/1/2560 
f 2561/1/2561 2562/1/2562 2563/1/2563 
f 2563/1/2563 2560/1/2560 2561/1/2561 
f 2560/1/2560 2563/1/2563 2564/1/2564 
f 2564/1/2564 2565/1/2565 2560/1/2560 
f 2565/1/2565 2549/1/2549 2556/1/2556 
f 2556/1/2556 2560/1/2560 2565/1/2565 
f 2566/1/2566 2567/1/2567 2562/1/2562 
f 2562/1/2562 2561/1/2561 2566/1/2566 
f 2561/1/2561 2555/1/2555 2558/1/2558 
f 2558/1/2558 2566/1/2566 2561/1/2561 
f 2566/1/2566 2558/1/2558 51/1/51 
f 51/1/51 50/1/50 2566/1/2566 
f 50/1/50 49/1/49 2567/1/2567 
f 2567/1/2567 2566/1/2566 50/1/50 
f 159/1/159 158/1/158 1792/1/1792 
f 1792/1/1792 2568/1/2568 159/1/159 
f 2568/1/2568 1792/1/1792 1791/1/1791 
f 1791/1/1791 2569/1/2569 2568/1/2568 
f 2568/1/2568 2569/1/2569 2564/1/2564 
f 2564/1/2564 2570/1/2570 2568/1/2568 
f 2570/1/2570 160/1/160 159/1/159 
f 2571/1/2571 2570/1/2570 2564/1/2564 
f 2564/1/2564 2563/1/2563 2571/1/2571 
f 2563/1/2563 2562/1/2562 2572/1/2572 
f 2572/1/2572 2571/1/2571 2563/1/2563 
f 2571/1/2571 2572/1/2572 2573/1/2573 
f 2574/1/2574 160/1/160 2570/1/2570 
f 2570/1/2570 2571/1/2571 2574/1/2574 
f 2575/1/2575 2550/1/2550 2549/1/2549 
f 2549/1/2549 2565/1/2565 2575/1/2575 
f 2565/1/2565 2564/1/2564 2569/1/2569 
f 2569/1/2569 2575/1/2575 2565/1/2565 
f 2569/1/2569 1791/1/1791 1794/1/1794 
f 1794/1/1794 2575/1/2575 2569/1/2569 
f 2575/1/2575 1794/1/1794 1754/1/1754 
f 1754/1/1754 2550/1/2550 2575/1/2575 
f 2576/1/2576 2455/1/2455 2454/1/2454 
f 2454/1/2454 2577/1/2577 2576/1/2576 
f 2577/1/2577 2578/1/2578 2579/1/2579 
f 2579/1/2579 2576/1/2576 2577/1/2577 
f 2576/1/2576 2579/1/2579 1061/1/1061 
f 1061/1/1061 1902/1/1902 2576/1/2576 
f 1902/1/1902 1901/1/1901 2455/1/2455 
f 2455/1/2455 2576/1/2576 1902/1/1902 
f 2445/1/2445 2444/1/2444 2580/1/2580 
f 2580/1/2580 2581/1/2581 2445/1/2445 
f 2580/1/2580 2573/1/2573 2572/1/2572 
f 2567/1/2567 2581/1/2581 2572/1/2572 
f 2572/1/2572 2562/1/2562 2567/1/2567 
f 2581/1/2581 2567/1/2567 49/1/49 
f 49/1/49 2445/1/2445 2581/1/2581 
f 1062/1/1062 1061/1/1061 2579/1/2579 
f 2579/1/2579 2582/1/2582 1062/1/1062 
f 2579/1/2579 2578/1/2578 2583/1/2583 
f 2583/1/2583 2582/1/2582 2579/1/2579 
f 2582/1/2582 2583/1/2583 2584/1/2584 
f 2584/1/2584 2585/1/2585 2582/1/2582 
f 2582/1/2582 2585/1/2585 239/1/239 
f 239/1/239 1062/1/1062 2582/1/2582 
f 2586/1/2586 2583/1/2583 2578/1/2578 
f 2578/1/2578 2587/1/2587 2586/1/2586 
f 2587/1/2587 2588/1/2588 2589/1/2589 
f 2589/1/2589 2586/1/2586 2587/1/2587 
f 2586/1/2586 2589/1/2589 2590/1/2590 
f 2590/1/2590 2591/1/2591 2586/1/2586 
f 2591/1/2591 2584/1/2584 2583/1/2583 
f 2583/1/2583 2586/1/2586 2591/1/2591 
f 2461/1/2461 2460/1/2460 2592/1/2592 
f 2592/1/2592 2593/1/2593 2461/1/2461 
f 2594/1/2594 2593/1/2593 2592/1/2592 
f 2592/1/2592 2595/1/2595 2594/1/2594 
f 2593/1/2593 2594/1/2594 1039/1/1039 
f 1039/1/1039 1046/1/1046 2593/1/2593 
f 1046/1/1046 1045/1/1045 2461/1/2461 
f 2461/1/2461 2593/1/2593 1046/1/1046 
f 2596/1/2596 1066/1/1066 209/1/209 
f 209/1/209 2597/1/2597 2596/1/2596 
f 2597/1/2597 2590/1/2590 2589/1/2589 
f 2589/1/2589 2596/1/2596 2597/1/2597 
f 2596/1/2596 2589/1/2589 2588/1/2588 
f 2588/1/2588 2598/1/2598 2596/1/2596 
f 2598/1/2598 1067/1/1067 1066/1/1066 
f 1066/1/1066 2596/1/2596 2598/1/2598 
f 2599/1/2599 2594/1/2594 2595/1/2595 
f 2595/1/2595 2600/1/2600 2599/1/2599 
f 2600/1/2600 2601/1/2601 2602/1/2602 
f 2602/1/2602 2599/1/2599 2600/1/2600 
f 2599/1/2599 2602/1/2602 234/1/234 
f 234/1/234 1040/1/1040 2599/1/2599 
f 1040/1/1040 1039/1/1039 2594/1/2594 
f 2594/1/2594 2599/1/2599 1040/1/1040 
f 2603/1/2603 2600/1/2600 2595/1/2595 
f 2595/1/2595 2604/1/2604 2603/1/2603 
f 2604/1/2604 2605/1/2605 2606/1/2606 
f 2606/1/2606 2603/1/2603 2604/1/2604 
f 2603/1/2603 2606/1/2606 2607/1/2607 
f 2607/1/2607 2608/1/2608 2603/1/2603 
f 2608/1/2608 2601/1/2601 2600/1/2600 
f 2600/1/2600 2603/1/2603 2608/1/2608 
f 2609/1/2609 1047/1/1047 225/1/225 
f 225/1/225 2610/1/2610 2609/1/2609 
f 2610/1/2610 2607/1/2607 2606/1/2606 
f 2606/1/2606 2609/1/2609 2610/1/2610 
f 2609/1/2609 2606/1/2606 2605/1/2605 
f 2605/1/2605 2611/1/2611 2609/1/2609 
f 2611/1/2611 1049/1/1049 1047/1/1047 
f 1047/1/1047 2609/1/2609 2611/1/2611 
f 2612/1/2612 2585/1/2585 2584/1/2584 
f 2584/1/2584 2613/1/2613 2612/1/2612 
f 2614/1/2614 2612/1/2612 2613/1/2613 
f 2613/1/2613 2615/1/2615 2614/1/2614 
f 2612/1/2612 2614/1/2614 241/1/241 
f 241/1/241 240/1/240 2612/1/2612 
f 240/1/240 239/1/239 2585/1/2585 
f 2585/1/2585 2612/1/2612 240/1/240 
f 2616/1/2616 2617/1/2617 2591/1/2591 
f 2591/1/2591 2590/1/2590 2616/1/2616 
f 2617/1/2617 2616/1/2616 2618/1/2618 
f 2618/1/2618 2619/1/2619 2617/1/2617 
f 2619/1/2619 2615/1/2615 2613/1/2613 
f 2613/1/2613 2617/1/2617 2619/1/2619 
f 2591/1/2591 2617/1/2617 2613/1/2613 
f 2613/1/2613 2584/1/2584 2591/1/2591 
f 2620/1/2620 2618/1/2618 2616/1/2616 
f 2616/1/2616 2621/1/2621 2620/1/2620 
f 2621/1/2621 2616/1/2616 2590/1/2590 
f 2590/1/2590 2597/1/2597 2621/1/2621 
f 2597/1/2597 209/1/209 208/1/208 
f 208/1/208 2621/1/2621 2597/1/2597 
f 2620/1/2620 2621/1/2621 208/1/208 
f 208/1/208 207/1/207 2620/1/2620 
f 235/1/235 234/1/234 2602/1/2602 
f 2602/1/2602 2622/1/2622 235/1/235 
f 2602/1/2602 2601/1/2601 2623/1/2623 
f 2623/1/2623 2622/1/2622 2602/1/2602 
f 2622/1/2622 2623/1/2623 2624/1/2624 
f 2624/1/2624 2625/1/2625 2622/1/2622 
f 2625/1/2625 236/1/236 235/1/235 
f 235/1/235 2622/1/2622 2625/1/2625 
f 2626/1/2626 2627/1/2627 2628/1/2628 
f 2628/1/2628 2629/1/2629 2626/1/2626 
f 2629/1/2629 2624/1/2624 2623/1/2623 
f 2623/1/2623 2626/1/2626 2629/1/2629 
f 2626/1/2626 2623/1/2623 2601/1/2601 
f 2601/1/2601 2608/1/2608 2626/1/2626 
f 2608/1/2608 2607/1/2607 2627/1/2627 
f 2627/1/2627 2626/1/2626 2608/1/2608 
f 2630/1/2630 1929/1/1929 1827/1/1827 
f 1827/1/1827 2631/1/2631 2630/1/2630 
f 2631/1/2631 2632/1/2632 2633/1/2633 
f 2633/1/2633 2630/1/2630 2631/1/2631 
f 2630/1/2630 2633/1/2633 2447/1/2447 
f 2447/1/2447 2446/1/2446 2630/1/2630 
f 2446/1/2446 1930/1/1930 1929/1/1929 
f 1929/1/1929 2630/1/2630 2446/1/2446 
f 2634/1/2634 224/1/224 223/1/223 
f 223/1/223 2635/1/2635 2634/1/2634 
f 2635/1/2635 2628/1/2628 2627/1/2627 
f 2627/1/2627 2634/1/2634 2635/1/2635 
f 2634/1/2634 2627/1/2627 2607/1/2607 
f 2607/1/2607 2610/1/2610 2634/1/2634 
f 2610/1/2610 225/1/225 224/1/224 
f 224/1/224 2634/1/2634 2610/1/2610 
f 2636/1/2636 1826/1/1826 1112/1/1112 
f 1112/1/1112 2637/1/2637 2636/1/2636 
f 2637/1/2637 2638/1/2638 2639/1/2639 
f 2636/1/2636 2639/1/2639 2632/1/2632 
f 2632/1/2632 2631/1/2631 2636/1/2636 
f 2631/1/2631 1827/1/1827 1826/1/1826 
f 1826/1/1826 2636/1/2636 2631/1/2631 
f 2640/1/2640 2641/1/2641 2642/1/2642 
f 2642/1/2642 2643/1/2643 2640/1/2640 
f 2643/1/2643 2632/1/2632 2639/1/2639 
f 2639/1/2639 2640/1/2640 2643/1/2643 
f 2640/1/2640 2639/1/2639 2638/1/2638 
f 2644/1/2644 2645/1/2645 2641/1/2641 
f 2641/1/2641 2640/1/2640 2644/1/2644 
f 2646/1/2646 184/1/184 183/1/183 
f 183/1/183 2467/1/2467 2646/1/2646 
f 2467/1/2467 2466/1/2466 2647/1/2647 
f 2647/1/2647 2646/1/2646 2467/1/2467 
f 2646/1/2646 2647/1/2647 2648/1/2648 
f 2648/1/2648 2649/1/2649 2646/1/2646 
f 2646/1/2646 2649/1/2649 179/1/179 
f 179/1/179 184/1/184 2646/1/2646 
f 2650/1/2650 2642/1/2642 2641/1/2641 
f 2641/1/2641 2651/1/2651 2650/1/2650 
f 2651/1/2651 2641/1/2641 2645/1/2645 
f 2651/1/2651 2652/1/2652 1103/1/1103 
f 1103/1/1103 1232/1/1232 2651/1/2651 
f 1232/1/1232 1231/1/1231 2650/1/2650 
f 2650/1/2650 2651/1/2651 1232/1/1232 
f 2653/1/2653 2540/1/2540 2536/1/2536 
f 2536/1/2536 2654/1/2654 2653/1/2653 
f 2654/1/2654 2655/1/2655 2656/1/2656 
f 2656/1/2656 2653/1/2653 2654/1/2654 
f 2656/1/2656 2657/1/2657 2658/1/2658 
f 2658/1/2658 2653/1/2653 2656/1/2656 
f 2540/1/2540 2653/1/2653 2658/1/2658 
f 2658/1/2658 108/1/108 2540/1/2540 
f 2659/1/2659 2649/1/2649 2648/1/2648 
f 2648/1/2648 2660/1/2660 2659/1/2659 
f 2660/1/2660 2444/1/2444 2443/1/2443 
f 2443/1/2443 2659/1/2659 2660/1/2660 
f 2659/1/2659 2443/1/2443 137/1/137 
f 180/1/180 179/1/179 2649/1/2649 
f 2649/1/2649 2659/1/2659 180/1/180 
f 2661/1/2661 2662/1/2662 2655/1/2655 
f 2655/1/2655 2654/1/2654 2661/1/2661 
f 2654/1/2654 2536/1/2536 2535/1/2535 
f 2535/1/2535 2661/1/2661 2654/1/2654 
f 2661/1/2661 2535/1/2535 2436/1/2436 
f 2436/1/2436 2435/1/2435 2661/1/2661 
f 2435/1/2435 2434/1/2434 2662/1/2662 
f 2662/1/2662 2661/1/2661 2435/1/2435 
f 2663/1/2663 103/1/103 100/1/100 
f 100/1/100 2664/1/2664 2663/1/2663 
f 2664/1/2664 2657/1/2657 2665/1/2665 
f 2665/1/2665 2663/1/2663 2664/1/2664 
f 2663/1/2663 2665/1/2665 304/1/304 
f 304/1/304 303/1/303 2663/1/2663 
f 303/1/303 104/1/104 103/1/103 
f 103/1/103 2663/1/2663 303/1/303 
f 2666/1/2666 2665/1/2665 2657/1/2657 
f 2657/1/2657 2656/1/2656 2666/1/2666 
f 2666/1/2666 2656/1/2656 2655/1/2655 
f 2655/1/2655 2667/1/2667 2666/1/2666 
f 2667/1/2667 2668/1/2668 2669/1/2669 
f 2669/1/2669 2666/1/2666 2667/1/2667 
f 2669/1/2669 304/1/304 2665/1/2665 
f 2665/1/2665 2666/1/2666 2669/1/2669 
f 2670/1/2670 99/1/99 96/1/96 
f 96/1/96 109/1/109 2670/1/2670 
f 109/1/109 108/1/108 2658/1/2658 
f 2658/1/2658 2670/1/2670 109/1/109 
f 2670/1/2670 2658/1/2658 2657/1/2657 
f 2664/1/2664 100/1/100 99/1/99 
f 99/1/99 2670/1/2670 2664/1/2664 
f 2671/1/2671 2672/1/2672 2673/1/2673 
f 2673/1/2673 2674/1/2674 2671/1/2671 
f 2674/1/2674 2675/1/2675 2676/1/2676 
f 2676/1/2676 2671/1/2671 2674/1/2674 
f 2671/1/2671 2676/1/2676 2615/1/2615 
f 2615/1/2615 2619/1/2619 2671/1/2671 
f 2619/1/2619 2618/1/2618 2672/1/2672 
f 2672/1/2672 2671/1/2671 2619/1/2619 
f 2677/1/2677 2678/1/2678 2668/1/2668 
f 2668/1/2668 2667/1/2667 2677/1/2677 
f 2667/1/2667 2655/1/2655 2662/1/2662 
f 2677/1/2677 2662/1/2662 2434/1/2434 
f 2441/1/2441 2440/1/2440 2678/1/2678 
f 2678/1/2678 2677/1/2677 2441/1/2441 
f 2679/1/2679 306/1/306 301/1/301 
f 301/1/301 2680/1/2680 2679/1/2679 
f 2680/1/2680 2673/1/2673 2672/1/2672 
f 2672/1/2672 2679/1/2679 2680/1/2680 
f 2679/1/2679 2672/1/2672 2618/1/2618 
f 2618/1/2618 2620/1/2620 2679/1/2679 
f 2620/1/2620 207/1/207 306/1/306 
f 306/1/306 2679/1/2679 2620/1/2620 
f 2681/1/2681 1856/1/1856 1851/1/1851 
f 1851/1/1851 2682/1/2682 2681/1/2681 
f 2682/1/2682 2675/1/2675 2683/1/2683 
f 2683/1/2683 2681/1/2681 2682/1/2682 
f 2681/1/2681 2683/1/2683 2440/1/2440 
f 2440/1/2440 2439/1/2439 2681/1/2681 
f 2439/1/2439 264/1/264 1856/1/1856 
f 1856/1/1856 2681/1/2681 2439/1/2439 
f 2684/1/2684 2683/1/2683 2675/1/2675 
f 2675/1/2675 2674/1/2674 2684/1/2684 
f 2674/1/2674 2673/1/2673 2685/1/2685 
f 2685/1/2685 2684/1/2684 2674/1/2674 
f 2684/1/2684 2685/1/2685 2668/1/2668 
f 2678/1/2678 2440/1/2440 2683/1/2683 
f 2686/1/2686 1850/1/1850 241/1/241 
f 241/1/241 2614/1/2614 2686/1/2686 
f 2614/1/2614 2615/1/2615 2676/1/2676 
f 2676/1/2676 2686/1/2686 2614/1/2614 
f 2686/1/2686 2676/1/2676 2675/1/2675 
f 2675/1/2675 2682/1/2682 2686/1/2686 
f 2682/1/2682 1851/1/1851 1850/1/1850 
f 2687/1/2687 300/1/300 304/1/304 
f 304/1/304 2669/1/2669 2687/1/2687 
f 2669/1/2669 2668/1/2668 2685/1/2685 
f 2685/1/2685 2687/1/2687 2669/1/2669 
f 2687/1/2687 2685/1/2685 2673/1/2673 
f 2673/1/2673 2680/1/2680 2687/1/2687 
f 2680/1/2680 301/1/301 300/1/300 
f 300/1/300 2687/1/2687 2680/1/2680 
f 2688/1/2688 2463/1/2463 270/1/270 
f 270/1/270 327/1/327 2688/1/2688 
f 327/1/327 277/1/277 2689/1/2689 
f 2689/1/2689 2688/1/2688 327/1/327 
f 2690/1/2690 2688/1/2688 2689/1/2689 
f 2689/1/2689 2691/1/2691 2690/1/2690 
f 2688/1/2688 2690/1/2690 2464/1/2464 
f 2464/1/2464 2463/1/2463 2688/1/2688 
f 2625/1/2625 2624/1/2624 2692/1/2692 
f 2692/1/2692 2693/1/2693 2625/1/2625 
f 2693/1/2693 2692/1/2692 2691/1/2691 
f 2691/1/2691 2689/1/2689 2693/1/2693 
f 2693/1/2693 2689/1/2689 277/1/277 
f 277/1/277 276/1/276 2693/1/2693 
f 276/1/276 236/1/236 2625/1/2625 
f 2625/1/2625 2693/1/2693 276/1/276 
f 2694/1/2694 2695/1/2695 2696/1/2696 
f 2696/1/2696 2697/1/2697 2694/1/2694 
f 2697/1/2697 2698/1/2698 2699/1/2699 
f 2699/1/2699 2694/1/2694 2697/1/2697 
f 2694/1/2694 2699/1/2699 2470/1/2470 
f 2470/1/2470 2700/1/2700 2694/1/2694 
f 2700/1/2700 2701/1/2701 2695/1/2695 
f 2695/1/2695 2694/1/2694 2700/1/2700 
f 2702/1/2702 2703/1/2703 2704/1/2704 
f 2704/1/2704 2705/1/2705 2702/1/2702 
f 2705/1/2705 2696/1/2696 2706/1/2706 
f 2706/1/2706 2702/1/2702 2705/1/2705 
f 2702/1/2702 2706/1/2706 1322/1/1322 
f 1322/1/1322 1321/1/1321 2702/1/2702 
f 1321/1/1321 1320/1/1320 2703/1/2703 
f 2707/1/2707 1335/1/1335 1342/1/1342 
f 1342/1/1342 2708/1/2708 2707/1/2707 
f 2708/1/2708 2698/1/2698 2709/1/2709 
f 2709/1/2709 2707/1/2707 2708/1/2708 
f 2707/1/2707 2709/1/2709 2710/1/2710 
f 2710/1/2710 2711/1/2711 2707/1/2707 
f 2711/1/2711 1336/1/1336 1335/1/1335 
f 1335/1/1335 2707/1/2707 2711/1/2711 
f 2712/1/2712 2710/1/2710 2709/1/2709 
f 2709/1/2709 2713/1/2713 2712/1/2712 
f 2713/1/2713 2709/1/2709 2698/1/2698 
f 2698/1/2698 2697/1/2697 2713/1/2713 
f 2713/1/2713 2697/1/2697 2696/1/2696 
f 2696/1/2696 2705/1/2705 2713/1/2713 
f 2705/1/2705 2704/1/2704 2712/1/2712 
f 2712/1/2712 2713/1/2713 2705/1/2705 
f 2714/1/2714 1451/1/1451 1450/1/1450 
f 1450/1/1450 2471/1/2471 2714/1/2714 
f 2471/1/2471 2470/1/2470 2699/1/2699 
f 2699/1/2699 2714/1/2714 2471/1/2471 
f 2714/1/2714 2699/1/2699 2698/1/2698 
f 2698/1/2698 2708/1/2708 2714/1/2714 
f 2708/1/2708 1342/1/1342 1451/1/1451 
f 1451/1/1451 2714/1/2714 2708/1/2708 
f 1456/1/1456 1322/1/1322 2706/1/2706 
f 2706/1/2706 2715/1/2715 1456/1/1456 
f 2706/1/2706 2696/1/2696 2695/1/2695 
f 2695/1/2695 2715/1/2715 2706/1/2706 
f 2715/1/2715 2695/1/2695 2701/1/2701 
f 2701/1/2701 2716/1/2716 2715/1/2715 
f 1457/1/1457 1456/1/1456 2715/1/2715 
f 2717/1/2717 1874/1/1874 1866/1/1866 
f 2718/1/2718 2719/1/2719 2720/1/2720 
f 2720/1/2720 2717/1/2717 2718/1/2718 
f 2717/1/2717 2720/1/2720 2721/1/2721 
f 2721/1/2721 2722/1/2722 2717/1/2717 
f 2717/1/2717 2722/1/2722 1439/1/1439 
f 1439/1/1439 1874/1/1874 2717/1/2717 
f 2723/1/2723 1865/1/1865 1872/1/1872 
f 1872/1/1872 2493/1/2493 2723/1/2723 
f 2493/1/2493 2492/1/2492 2724/1/2724 
f 2724/1/2724 2723/1/2723 2493/1/2493 
f 2723/1/2723 2724/1/2724 2719/1/2719 
f 2719/1/2719 2718/1/2718 2723/1/2723 
f 2718/1/2718 1866/1/1866 1865/1/1865 
f 1865/1/1865 2723/1/2723 2718/1/2718 
f 2725/1/2725 2726/1/2726 2727/1/2727 
f 2727/1/2727 2728/1/2728 2725/1/2725 
f 2728/1/2728 1136/1/1136 1365/1/1365 
f 1365/1/1365 2725/1/2725 2728/1/2728 
f 2725/1/2725 1365/1/1365 1369/1/1369 
f 1369/1/1369 2729/1/2729 2725/1/2725 
f 2729/1/2729 2730/1/2730 2726/1/2726 
f 2726/1/2726 2725/1/2725 2729/1/2729 
f 2731/1/2731 2732/1/2732 1129/1/1129 
f 1129/1/1129 1128/1/1128 2731/1/2731 
f 1128/1/1128 1136/1/1136 2728/1/2728 
f 2728/1/2728 2731/1/2731 1128/1/1128 
f 2731/1/2731 2728/1/2728 2727/1/2727 
f 2727/1/2727 2733/1/2733 2731/1/2731 
f 2733/1/2733 2734/1/2734 2732/1/2732 
f 2732/1/2732 2731/1/2731 2733/1/2733 
f 2735/1/2735 2736/1/2736 2737/1/2737 
f 2737/1/2737 2738/1/2738 2735/1/2735 
f 2738/1/2738 2739/1/2739 2740/1/2740 
f 2740/1/2740 2735/1/2735 2738/1/2738 
f 2735/1/2735 2740/1/2740 2500/1/2500 
f 2500/1/2500 2499/1/2499 2735/1/2735 
f 2499/1/2499 2498/1/2498 2736/1/2736 
f 2741/1/2741 2742/1/2742 2739/1/2739 
f 2739/1/2739 2743/1/2743 2741/1/2741 
f 2743/1/2743 2727/1/2727 2726/1/2726 
f 2726/1/2726 2741/1/2741 2743/1/2743 
f 2741/1/2741 2726/1/2726 2730/1/2730 
f 2730/1/2730 2744/1/2744 2741/1/2741 
f 2744/1/2744 2745/1/2745 2742/1/2742 
f 2742/1/2742 2741/1/2741 2744/1/2744 
f 2746/1/2746 2747/1/2747 2734/1/2734 
f 2734/1/2734 2733/1/2733 2746/1/2746 
f 2733/1/2733 2727/1/2727 2743/1/2743 
f 2743/1/2743 2746/1/2746 2733/1/2733 
f 2746/1/2746 2743/1/2743 2739/1/2739 
f 2739/1/2739 2738/1/2738 2746/1/2746 
f 2738/1/2738 2737/1/2737 2747/1/2747 
f 2748/1/2748 2749/1/2749 2750/1/2750 
f 2750/1/2750 2751/1/2751 2748/1/2748 
f 2751/1/2751 1689/1/1689 1808/1/1808 
f 1808/1/1808 2748/1/2748 2751/1/2751 
f 2748/1/2748 1808/1/1808 1051/1/1051 
f 1051/1/1051 1050/1/1050 2748/1/2748 
f 1050/1/1050 1049/1/1049 2749/1/2749 
f 2749/1/2749 2748/1/2748 1050/1/1050 
f 2517/1/2517 2500/1/2500 2740/1/2740 
f 2740/1/2740 2752/1/2752 2517/1/2517 
f 2740/1/2740 2739/1/2739 2742/1/2742 
f 2742/1/2742 2752/1/2752 2740/1/2740 
f 2752/1/2752 2742/1/2742 2745/1/2745 
f 2745/1/2745 2753/1/2753 2752/1/2752 
f 2517/1/2517 2752/1/2752 2753/1/2753 
f 2753/1/2753 2514/1/2514 2517/1/2517 
f 2754/1/2754 2592/1/2592 2460/1/2460 
f 2460/1/2460 2755/1/2755 2754/1/2754 
f 2755/1/2755 2756/1/2756 2757/1/2757 
f 2757/1/2757 2754/1/2754 2755/1/2755 
f 2754/1/2754 2757/1/2757 2605/1/2605 
f 2605/1/2605 2604/1/2604 2754/1/2754 
f 2604/1/2604 2595/1/2595 2592/1/2592 
f 2592/1/2592 2754/1/2754 2604/1/2604 
f 2758/1/2758 1690/1/1690 1689/1/1689 
f 1689/1/1689 2751/1/2751 2758/1/2758 
f 2751/1/2751 2750/1/2750 2759/1/2759 
f 2759/1/2759 2758/1/2758 2751/1/2751 
f 2758/1/2758 2759/1/2759 1117/1/1117 
f 1116/1/1116 1115/1/1115 1690/1/1690 
f 1690/1/1690 2758/1/2758 1116/1/1116 
f 2760/1/2760 2759/1/2759 2750/1/2750 
f 2750/1/2750 2761/1/2761 2760/1/2760 
f 2761/1/2761 2756/1/2756 2762/1/2762 
f 2762/1/2762 2760/1/2760 2761/1/2761 
f 2760/1/2760 2762/1/2762 2763/1/2763 
f 2763/1/2763 2764/1/2764 2760/1/2760 
f 2764/1/2764 1117/1/1117 2759/1/2759 
f 2759/1/2759 2760/1/2760 2764/1/2764 
f 2765/1/2765 2757/1/2757 2756/1/2756 
f 2756/1/2756 2761/1/2761 2765/1/2765 
f 2761/1/2761 2750/1/2750 2749/1/2749 
f 2749/1/2749 2765/1/2765 2761/1/2761 
f 2765/1/2765 2749/1/2749 1049/1/1049 
f 1049/1/1049 2611/1/2611 2765/1/2765 
f 2611/1/2611 2605/1/2605 2757/1/2757 
f 2757/1/2757 2765/1/2765 2611/1/2611 
f 2766/1/2766 2767/1/2767 2768/1/2768 
f 2768/1/2768 2769/1/2769 2766/1/2766 
f 2769/1/2769 1079/1/1079 1078/1/1078 
f 1078/1/1078 2766/1/2766 2769/1/2769 
f 2766/1/2766 1078/1/1078 1069/1/1069 
f 1069/1/1069 1068/1/1068 2766/1/2766 
f 1068/1/1068 1067/1/1067 2767/1/2767 
f 2767/1/2767 2766/1/2766 1068/1/1068 
f 2770/1/2770 2456/1/2456 2459/1/2459 
f 2459/1/2459 2771/1/2771 2770/1/2770 
f 2771/1/2771 2763/1/2763 2762/1/2762 
f 2770/1/2770 2762/1/2762 2756/1/2756 
f 2756/1/2756 2755/1/2755 2770/1/2770 
f 2755/1/2755 2460/1/2460 2456/1/2456 
f 2456/1/2456 2770/1/2770 2755/1/2755 
f 2772/1/2772 2577/1/2577 2454/1/2454 
f 2454/1/2454 2773/1/2773 2772/1/2772 
f 2773/1/2773 2774/1/2774 2775/1/2775 
f 2775/1/2775 2772/1/2772 2773/1/2773 
f 2772/1/2772 2775/1/2775 2588/1/2588 
f 2588/1/2588 2587/1/2587 2772/1/2772 
f 2587/1/2587 2578/1/2578 2577/1/2577 
f 2577/1/2577 2772/1/2772 2587/1/2587 
f 2776/1/2776 1234/1/1234 1079/1/1079 
f 1079/1/1079 2769/1/2769 2776/1/2776 
f 2769/1/2769 2768/1/2768 2777/1/2777 
f 2777/1/2777 2776/1/2776 2769/1/2769 
f 2776/1/2776 2777/1/2777 2778/1/2778 
f 2778/1/2778 2779/1/2779 2776/1/2776 
f 2779/1/2779 1235/1/1235 1234/1/1234 
f 1234/1/1234 2776/1/2776 2779/1/2779 
f 2780/1/2780 2778/1/2778 2777/1/2777 
f 2777/1/2777 2781/1/2781 2780/1/2780 
f 2781/1/2781 2777/1/2777 2768/1/2768 
f 2768/1/2768 2782/1/2782 2781/1/2781 
f 2782/1/2782 2774/1/2774 2783/1/2783 
f 2783/1/2783 2781/1/2781 2782/1/2782 
f 2783/1/2783 2784/1/2784 2780/1/2780 
f 2780/1/2780 2781/1/2781 2783/1/2783 
f 2785/1/2785 2775/1/2775 2774/1/2774 
f 2774/1/2774 2782/1/2782 2785/1/2785 
f 2782/1/2782 2768/1/2768 2767/1/2767 
f 2767/1/2767 2785/1/2785 2782/1/2782 
f 2785/1/2785 2767/1/2767 1067/1/1067 
f 1067/1/1067 2598/1/2598 2785/1/2785 
f 2598/1/2598 2588/1/2588 2775/1/2775 
f 2775/1/2775 2785/1/2785 2598/1/2598 
f 2786/1/2786 2787/1/2787 2788/1/2788 
f 2788/1/2788 2789/1/2789 2786/1/2786 
f 2789/1/2789 2790/1/2790 2791/1/2791 
f 2791/1/2791 2786/1/2786 2789/1/2789 
f 2786/1/2786 2791/1/2791 2792/1/2792 
f 2792/1/2792 2793/1/2793 2786/1/2786 
f 2786/1/2786 2793/1/2793 2794/1/2794 
f 2794/1/2794 2787/1/2787 2786/1/2786 
f 2795/1/2795 2796/1/2796 2784/1/2784 
f 2784/1/2784 2783/1/2783 2795/1/2795 
f 2783/1/2783 2774/1/2774 2773/1/2773 
f 2773/1/2773 2795/1/2795 2783/1/2783 
f 2795/1/2795 2773/1/2773 2454/1/2454 
f 2454/1/2454 2453/1/2453 2795/1/2795 
f 2453/1/2453 2450/1/2450 2796/1/2796 
f 2797/1/2797 1325/1/1325 1100/1/1100 
f 1100/1/1100 2798/1/2798 2797/1/2797 
f 2798/1/2798 2788/1/2788 2787/1/2787 
f 2787/1/2787 2797/1/2797 2798/1/2798 
f 2787/1/2787 2794/1/2794 2799/1/2799 
f 2799/1/2799 2797/1/2797 2787/1/2787 
f 2797/1/2797 2799/1/2799 1326/1/1326 
f 1326/1/1326 1325/1/1325 2797/1/2797 
f 2800/1/2800 1111/1/1111 1110/1/1110 
f 1110/1/1110 2801/1/2801 2800/1/2800 
f 2801/1/2801 2790/1/2790 2802/1/2802 
f 2802/1/2802 2800/1/2800 2801/1/2801 
f 2800/1/2800 2802/1/2802 2638/1/2638 
f 2638/1/2638 2637/1/2637 2800/1/2800 
f 2637/1/2637 1112/1/1112 1111/1/1111 
f 1111/1/1111 2800/1/2800 2637/1/2637 
f 2803/1/2803 2802/1/2802 2790/1/2790 
f 2790/1/2790 2789/1/2789 2803/1/2803 
f 2789/1/2789 2788/1/2788 2804/1/2804 
f 2804/1/2804 2803/1/2803 2789/1/2789 
f 2803/1/2803 2804/1/2804 2645/1/2645 
f 2645/1/2645 2644/1/2644 2803/1/2803 
f 2644/1/2644 2638/1/2638 2802/1/2802 
f 2805/1/2805 2791/1/2791 2790/1/2790 
f 2790/1/2790 2801/1/2801 2805/1/2805 
f 2801/1/2801 1110/1/1110 1744/1/1744 
f 1744/1/1744 2805/1/2805 2801/1/2801 
f 2805/1/2805 1744/1/1744 1748/1/1748 
f 1748/1/1748 2806/1/2806 2805/1/2805 
f 2806/1/2806 2792/1/2792 2791/1/2791 
f 2791/1/2791 2805/1/2805 2806/1/2806 
f 2807/1/2807 2732/1/2732 2734/1/2734 
f 2734/1/2734 2808/1/2808 2807/1/2807 
f 2808/1/2808 2809/1/2809 2810/1/2810 
f 2810/1/2810 2807/1/2807 2808/1/2808 
f 2807/1/2807 2810/1/2810 1141/1/1141 
f 1141/1/1141 1145/1/1145 2807/1/2807 
f 1145/1/1145 1129/1/1129 2732/1/2732 
f 2732/1/2732 2807/1/2807 1145/1/1145 
f 1099/1/1099 1103/1/1103 2652/1/2652 
f 2652/1/2652 2811/1/2811 1099/1/1099 
f 2652/1/2652 2645/1/2645 2804/1/2804 
f 2804/1/2804 2811/1/2811 2652/1/2652 
f 2811/1/2811 2804/1/2804 2788/1/2788 
f 2788/1/2788 2798/1/2798 2811/1/2811 
f 2798/1/2798 1100/1/1100 1099/1/1099 
f 1099/1/1099 2811/1/2811 2798/1/2798 
f 2812/1/2812 1118/1/1118 1117/1/1117 
f 1117/1/1117 2764/1/2764 2812/1/2812 
f 2764/1/2764 2763/1/2763 2813/1/2813 
f 2813/1/2813 2812/1/2812 2764/1/2764 
f 2812/1/2812 2813/1/2813 2814/1/2814 
f 2814/1/2814 2815/1/2815 2812/1/2812 
f 2815/1/2815 1119/1/1119 1118/1/1118 
f 1118/1/1118 2812/1/2812 2815/1/2815 
f 1142/1/1142 1141/1/1141 2810/1/2810 
f 2810/1/2810 2816/1/2816 1142/1/1142 
f 2817/1/2817 2816/1/2816 2810/1/2810 
f 2810/1/2810 2809/1/2809 2817/1/2817 
f 2816/1/2816 2817/1/2817 2459/1/2459 
f 2459/1/2459 2458/1/2458 2816/1/2816 
f 2816/1/2816 2458/1/2458 1126/1/1126 
f 1126/1/1126 1142/1/1142 2816/1/2816 
f 2818/1/2818 2817/1/2817 2809/1/2809 
f 2809/1/2809 2819/1/2819 2818/1/2818 
f 2819/1/2819 2814/1/2814 2813/1/2813 
f 2813/1/2813 2818/1/2818 2819/1/2819 
f 2818/1/2818 2813/1/2813 2763/1/2763 
f 2763/1/2763 2771/1/2771 2818/1/2818 
f 2771/1/2771 2459/1/2459 2817/1/2817 
f 2817/1/2817 2818/1/2818 2771/1/2771 
f 2820/1/2820 2747/1/2747 2737/1/2737 
f 2737/1/2737 2821/1/2821 2820/1/2820 
f 2820/1/2820 2821/1/2821 2814/1/2814 
f 2820/1/2820 2819/1/2819 2809/1/2809 
f 2809/1/2809 2808/1/2808 2820/1/2820 
f 2808/1/2808 2734/1/2734 2747/1/2747 
f 2747/1/2747 2820/1/2820 2808/1/2808 
f 2822/1/2822 1230/1/1230 1229/1/1229 
f 1256/1/1256 1255/1/1255 2823/1/2823 
f 2823/1/2823 2822/1/2822 1256/1/1256 
f 2823/1/2823 2824/1/2824 2825/1/2825 
f 2825/1/2825 1231/1/1231 1230/1/1230 
f 1230/1/1230 2822/1/2822 2825/1/2825 
f 2815/1/2815 2814/1/2814 2821/1/2821 
f 2821/1/2821 2826/1/2826 2815/1/2815 
f 2821/1/2821 2737/1/2737 2736/1/2736 
f 2736/1/2736 2826/1/2826 2821/1/2821 
f 2826/1/2826 2736/1/2736 2498/1/2498 
f 2826/1/2826 2503/1/2503 1119/1/1119 
f 1119/1/1119 2815/1/2815 2826/1/2826 
f 2827/1/2827 2633/1/2633 2632/1/2632 
f 2632/1/2632 2643/1/2643 2827/1/2827 
f 2643/1/2643 2642/1/2642 2828/1/2828 
f 2828/1/2828 2827/1/2827 2643/1/2643 
f 2827/1/2827 2828/1/2828 2829/1/2829 
f 2829/1/2829 2830/1/2830 2827/1/2827 
f 2830/1/2830 2447/1/2447 2633/1/2633 
f 2633/1/2633 2827/1/2827 2830/1/2830 
f 2831/1/2831 2832/1/2832 2824/1/2824 
f 2824/1/2824 2823/1/2823 2831/1/2831 
f 2823/1/2823 1255/1/1255 1267/1/1267 
f 1267/1/1267 2831/1/2831 2823/1/2823 
f 2831/1/2831 1267/1/1267 1235/1/1235 
f 2779/1/2779 2778/1/2778 2832/1/2832 
f 2833/1/2833 2834/1/2834 2829/1/2829 
f 2829/1/2829 2835/1/2835 2833/1/2833 
f 2835/1/2835 2824/1/2824 2832/1/2832 
f 2832/1/2832 2833/1/2833 2835/1/2835 
f 2833/1/2833 2832/1/2832 2778/1/2778 
f 2780/1/2780 2784/1/2784 2834/1/2834 
f 2834/1/2834 2833/1/2833 2780/1/2780 
f 2836/1/2836 2825/1/2825 2824/1/2824 
f 2824/1/2824 2835/1/2835 2836/1/2836 
f 2835/1/2835 2829/1/2829 2828/1/2828 
f 2828/1/2828 2836/1/2836 2835/1/2835 
f 2836/1/2836 2828/1/2828 2642/1/2642 
f 2642/1/2642 2650/1/2650 2836/1/2836 
f 2650/1/2650 1231/1/1231 2825/1/2825 
f 2825/1/2825 2836/1/2836 2650/1/2650 
f 2837/1/2837 2838/1/2838 2712/1/2712 
f 2712/1/2712 2704/1/2704 2837/1/2837 
f 2837/1/2837 2839/1/2839 2840/1/2840 
f 2840/1/2840 2838/1/2838 2837/1/2837 
f 2838/1/2838 2840/1/2840 2841/1/2841 
f 2841/1/2841 2842/1/2842 2838/1/2838 
f 2838/1/2838 2842/1/2842 2710/1/2710 
f 2710/1/2710 2712/1/2712 2838/1/2838 
f 2843/1/2843 2448/1/2448 2447/1/2447 
f 2447/1/2447 2830/1/2830 2843/1/2843 
f 2830/1/2830 2829/1/2829 2834/1/2834 
f 2834/1/2834 2843/1/2843 2830/1/2830 
f 2843/1/2843 2834/1/2834 2784/1/2784 
f 2784/1/2784 2796/1/2796 2843/1/2843 
f 2796/1/2796 2450/1/2450 2448/1/2448 
f 2448/1/2448 2843/1/2843 2796/1/2796 
f 1333/1/1333 1330/1/1330 2844/1/2844 
f 2844/1/2844 2845/1/2845 1333/1/1333 
f 2845/1/2845 2844/1/2844 2839/1/2839 
f 2839/1/2839 2837/1/2837 2845/1/2845 
f 2837/1/2837 2704/1/2704 2703/1/2703 
f 2703/1/2703 2845/1/2845 2837/1/2837 
f 1333/1/1333 2845/1/2845 2703/1/2703 
f 2703/1/2703 1320/1/1320 1333/1/1333 
f 2846/1/2846 2847/1/2847 1750/1/1750 
f 1750/1/1750 1345/1/1345 2846/1/2846 
f 2847/1/2847 2846/1/2846 2841/1/2841 
f 2841/1/2841 2848/1/2848 2847/1/2847 
f 2847/1/2847 2848/1/2848 2792/1/2792 
f 2792/1/2792 2806/1/2806 2847/1/2847 
f 2806/1/2806 1748/1/1748 1750/1/1750 
f 1750/1/1750 2847/1/2847 2806/1/2806 
f 2849/1/2849 2793/1/2793 2792/1/2792 
f 2792/1/2792 2848/1/2848 2849/1/2849 
f 2848/1/2848 2841/1/2841 2840/1/2840 
f 2840/1/2840 2849/1/2849 2848/1/2848 
f 2849/1/2849 2840/1/2840 2839/1/2839 
f 2839/1/2839 2850/1/2850 2849/1/2849 
f 2850/1/2850 2794/1/2794 2793/1/2793 
f 2793/1/2793 2849/1/2849 2850/1/2850 
f 2711/1/2711 2710/1/2710 2842/1/2842 
f 2842/1/2842 2851/1/2851 2711/1/2711 
f 2842/1/2842 2841/1/2841 2846/1/2846 
f 2846/1/2846 2851/1/2851 2842/1/2842 
f 2851/1/2851 2846/1/2846 1345/1/1345 
f 1345/1/1345 1344/1/1344 2851/1/2851 
f 1344/1/1344 1336/1/1336 2711/1/2711 
f 2711/1/2711 2851/1/2851 1344/1/1344 
f 2852/1/2852 2853/1/2853 2854/1/2854 
f 2854/1/2854 2855/1/2855 2852/1/2852 
f 2855/1/2855 1372/1/1372 1371/1/1371 
f 1371/1/1371 2852/1/2852 2855/1/2855 
f 2852/1/2852 1371/1/1371 1353/1/1353 
f 1353/1/1353 1349/1/1349 2852/1/2852 
f 1349/1/1349 1352/1/1352 2853/1/2853 
f 2853/1/2853 2852/1/2852 1349/1/1349 
f 2856/1/2856 1378/1/1378 1372/1/1372 
f 1372/1/1372 2855/1/2855 2856/1/2856 
f 2855/1/2855 2854/1/2854 2857/1/2857 
f 2857/1/2857 2856/1/2856 2855/1/2855 
f 2856/1/2856 2857/1/2857 2730/1/2730 
f 2730/1/2730 2729/1/2729 2856/1/2856 
f 2729/1/2729 1369/1/1369 1378/1/1378 
f 1378/1/1378 2856/1/2856 2729/1/2729 
f 2858/1/2858 2799/1/2799 2794/1/2794 
f 2794/1/2794 2850/1/2850 2858/1/2858 
f 2850/1/2850 2839/1/2839 2844/1/2844 
f 2844/1/2844 2858/1/2858 2850/1/2850 
f 2858/1/2858 2844/1/2844 1330/1/1330 
f 1330/1/1330 1329/1/1329 2858/1/2858 
f 1329/1/1329 1326/1/1326 2799/1/2799 
f 2799/1/2799 2858/1/2858 1329/1/1329 
f 2859/1/2859 2515/1/2515 2514/1/2514 
f 2514/1/2514 2753/1/2753 2859/1/2859 
f 2753/1/2753 2745/1/2745 2860/1/2860 
f 2860/1/2860 2859/1/2859 2753/1/2753 
f 2859/1/2859 2860/1/2860 2861/1/2861 
f 2861/1/2861 2862/1/2862 2859/1/2859 
f 2862/1/2862 2495/1/2495 2515/1/2515 
f 2515/1/2515 2859/1/2859 2862/1/2862 
f 2863/1/2863 2864/1/2864 2861/1/2861 
f 2861/1/2861 2865/1/2865 2863/1/2863 
f 2865/1/2865 2854/1/2854 2853/1/2853 
f 2853/1/2853 2863/1/2863 2865/1/2865 
f 2863/1/2863 2853/1/2853 1352/1/1352 
f 1352/1/1352 2866/1/2866 2863/1/2863 
f 2866/1/2866 2867/1/2867 2864/1/2864 
f 2864/1/2864 2863/1/2863 2866/1/2866 
f 2868/1/2868 2857/1/2857 2854/1/2854 
f 2854/1/2854 2865/1/2865 2868/1/2868 
f 2865/1/2865 2861/1/2861 2860/1/2860 
f 2860/1/2860 2868/1/2868 2865/1/2865 
f 2868/1/2868 2860/1/2860 2745/1/2745 
f 2745/1/2745 2744/1/2744 2868/1/2868 
f 2744/1/2744 2730/1/2730 2857/1/2857 
f 2857/1/2857 2868/1/2868 2744/1/2744 
f 2869/1/2869 2870/1/2870 2871/1/2871 
f 2871/1/2871 2872/1/2872 2869/1/2869 
f 2872/1/2872 2873/1/2873 2874/1/2874 
f 2874/1/2874 2869/1/2869 2872/1/2872 
f 2869/1/2869 2874/1/2874 2875/1/2875 
f 2875/1/2875 2876/1/2876 2869/1/2869 
f 2876/1/2876 2877/1/2877 2870/1/2870 
f 2870/1/2870 2869/1/2869 2876/1/2876 
f 2878/1/2878 2491/1/2491 2495/1/2495 
f 2495/1/2495 2862/1/2862 2878/1/2878 
f 2862/1/2862 2861/1/2861 2864/1/2864 
f 2864/1/2864 2878/1/2878 2862/1/2862 
f 2878/1/2878 2864/1/2864 2867/1/2867 
f 2867/1/2867 2879/1/2879 2878/1/2878 
f 2879/1/2879 2492/1/2492 2491/1/2491 
f 2491/1/2491 2878/1/2878 2879/1/2879 
f 2880/1/2880 2881/1/2881 2877/1/2877 
f 2877/1/2877 2876/1/2876 2880/1/2880 
f 2876/1/2876 2875/1/2875 2882/1/2882 
f 2882/1/2882 2880/1/2880 2876/1/2876 
f 2880/1/2880 2882/1/2882 1435/1/1435 
f 1435/1/1435 2511/1/2511 2880/1/2880 
f 2511/1/2511 2508/1/2508 2881/1/2881 
f 2881/1/2881 2880/1/2880 2511/1/2511 
f 2883/1/2883 2722/1/2722 2721/1/2721 
f 2721/1/2721 2884/1/2884 2883/1/2883 
f 2884/1/2884 2873/1/2873 2885/1/2885 
f 2885/1/2885 2883/1/2883 2884/1/2884 
f 2883/1/2883 2885/1/2885 1441/1/1441 
f 1441/1/1441 1440/1/1440 2883/1/2883 
f 1440/1/1440 1439/1/1439 2722/1/2722 
f 2722/1/2722 2883/1/2883 1440/1/1440 
f 2886/1/2886 2887/1/2887 2305/1/2305 
f 2305/1/2305 2304/1/2304 2886/1/2886 
f 2304/1/2304 1441/1/1441 2885/1/2885 
f 2885/1/2885 2886/1/2886 2304/1/2304 
f 2886/1/2886 2885/1/2885 2873/1/2873 
f 2873/1/2873 2872/1/2872 2886/1/2886 
f 2872/1/2872 2871/1/2871 2887/1/2887 
f 2887/1/2887 2886/1/2886 2872/1/2872 
f 2888/1/2888 1453/1/1453 1457/1/1457 
f 1457/1/1457 2889/1/2889 2888/1/2888 
f 2889/1/2889 2890/1/2890 2891/1/2891 
f 2891/1/2891 2888/1/2888 2889/1/2889 
f 2888/1/2888 2891/1/2891 1475/1/1475 
f 1475/1/1475 1474/1/1474 2888/1/2888 
f 1474/1/1474 1454/1/1454 1453/1/1453 
f 2892/1/2892 2893/1/2893 2894/1/2894 
f 2894/1/2894 2895/1/2895 2892/1/2892 
f 2895/1/2895 2896/1/2896 2897/1/2897 
f 2897/1/2897 2892/1/2892 2895/1/2895 
f 2892/1/2892 2897/1/2897 2394/1/2394 
f 2394/1/2394 2393/1/2393 2892/1/2892 
f 2393/1/2393 2392/1/2392 2893/1/2893 
f 2893/1/2893 2892/1/2892 2393/1/2393 
f 2898/1/2898 2899/1/2899 2716/1/2716 
f 2716/1/2716 2701/1/2701 2898/1/2898 
f 2898/1/2898 2896/1/2896 2900/1/2900 
f 2900/1/2900 2899/1/2899 2898/1/2898 
f 2899/1/2899 2900/1/2900 2890/1/2890 
f 2890/1/2890 2889/1/2889 2899/1/2899 
f 2889/1/2889 1457/1/1457 2716/1/2716 
f 2901/1/2901 2902/1/2902 2410/1/2410 
f 2410/1/2410 2414/1/2414 2901/1/2901 
f 2414/1/2414 1475/1/1475 2891/1/2891 
f 2891/1/2891 2901/1/2901 2414/1/2414 
f 2901/1/2901 2891/1/2891 2890/1/2890 
f 2890/1/2890 2903/1/2903 2901/1/2901 
f 2903/1/2903 2904/1/2904 2902/1/2902 
f 2902/1/2902 2901/1/2901 2903/1/2903 
f 2905/1/2905 2906/1/2906 2904/1/2904 
f 2904/1/2904 2903/1/2903 2905/1/2905 
f 2903/1/2903 2890/1/2890 2900/1/2900 
f 2900/1/2900 2905/1/2905 2903/1/2903 
f 2905/1/2905 2900/1/2900 2896/1/2896 
f 2896/1/2896 2895/1/2895 2905/1/2905 
f 2895/1/2895 2894/1/2894 2906/1/2906 
f 2906/1/2906 2905/1/2905 2895/1/2895 
f 2907/1/2907 2469/1/2469 2394/1/2394 
f 2394/1/2394 2897/1/2897 2907/1/2907 
f 2907/1/2907 2897/1/2897 2896/1/2896 
f 2896/1/2896 2898/1/2898 2907/1/2907 
f 2907/1/2907 2898/1/2898 2701/1/2701 
f 2700/1/2700 2470/1/2470 2469/1/2469 
f 2908/1/2908 2909/1/2909 2910/1/2910 
f 2910/1/2910 2911/1/2911 2908/1/2908 
f 2911/1/2911 2912/1/2912 2913/1/2913 
f 2913/1/2913 2908/1/2908 2911/1/2911 
f 2908/1/2908 2913/1/2913 2378/1/2378 
f 2378/1/2378 2377/1/2377 2908/1/2908 
f 2377/1/2377 1668/1/1668 2909/1/2909 
f 2909/1/2909 2908/1/2908 2377/1/2377 
f 2914/1/2914 2915/1/2915 2916/1/2916 
f 2916/1/2916 2917/1/2917 2914/1/2914 
f 2917/1/2917 2918/1/2918 2919/1/2919 
f 2919/1/2919 2914/1/2914 2917/1/2917 
f 2914/1/2914 2919/1/2919 2912/1/2912 
f 2911/1/2911 2910/1/2910 2915/1/2915 
f 2915/1/2915 2914/1/2914 2911/1/2911 
f 2920/1/2920 2913/1/2913 2912/1/2912 
f 2912/1/2912 2921/1/2921 2920/1/2920 
f 2921/1/2921 2398/1/2398 2397/1/2397 
f 2397/1/2397 2920/1/2920 2921/1/2921 
f 2920/1/2920 2397/1/2397 2386/1/2386 
f 2386/1/2386 2389/1/2389 2920/1/2920 
f 2389/1/2389 2378/1/2378 2913/1/2913 
f 2913/1/2913 2920/1/2920 2389/1/2389 
f 2922/1/2922 2923/1/2923 2924/1/2924 
f 2924/1/2924 2925/1/2925 2922/1/2922 
f 2922/1/2922 2925/1/2925 2287/1/2287 
f 2287/1/2287 2286/1/2286 2922/1/2922 
f 2922/1/2922 2286/1/2286 1539/1/1539 
f 2926/1/2926 2927/1/2927 2923/1/2923 
f 2923/1/2923 2922/1/2922 2926/1/2926 
f 2928/1/2928 2929/1/2929 2918/1/2918 
f 2918/1/2918 2917/1/2917 2928/1/2928 
f 2917/1/2917 2916/1/2916 2930/1/2930 
f 2930/1/2930 2928/1/2928 2917/1/2917 
f 2928/1/2928 2930/1/2930 1642/1/1642 
f 1642/1/1642 2405/1/2405 2928/1/2928 
f 2405/1/2405 2404/1/2404 2929/1/2929 
f 2931/1/2931 2932/1/2932 2933/1/2933 
f 2933/1/2933 2934/1/2934 2931/1/2931 
f 2934/1/2934 2924/1/2924 2923/1/2923 
f 2923/1/2923 2931/1/2931 2934/1/2934 
f 2931/1/2931 2923/1/2923 2927/1/2927 
f 2927/1/2927 2935/1/2935 2931/1/2931 
f 2935/1/2935 2936/1/2936 2932/1/2932 
f 2932/1/2932 2931/1/2931 2935/1/2935 
f 2925/1/2925 2924/1/2924 2937/1/2937 
f 2937/1/2937 2938/1/2938 2925/1/2925 
f 2937/1/2937 2506/1/2506 2505/1/2505 
f 2505/1/2505 2938/1/2938 2937/1/2937 
f 2505/1/2505 2296/1/2296 2299/1/2299 
f 2299/1/2299 2938/1/2938 2505/1/2505 
f 2299/1/2299 2287/1/2287 2925/1/2925 
f 2925/1/2925 2938/1/2938 2299/1/2299 
f 2939/1/2939 2940/1/2940 2941/1/2941 
f 2941/1/2941 2942/1/2942 2939/1/2939 
f 2942/1/2942 1537/1/1537 1547/1/1547 
f 1547/1/1547 2939/1/2939 2942/1/2942 
f 1547/1/1547 1546/1/1546 1639/1/1639 
f 1639/1/1639 2939/1/2939 1547/1/1547 
f 1639/1/1639 1638/1/1638 2940/1/2940 
f 2940/1/2940 2939/1/2939 1639/1/1639 
f 2943/1/2943 1538/1/1538 1537/1/1537 
f 1537/1/1537 2942/1/2942 2943/1/2943 
f 2942/1/2942 2941/1/2941 2944/1/2944 
f 2943/1/2943 2944/1/2944 2927/1/2927 
f 2926/1/2926 1539/1/1539 1538/1/1538 
f 2945/1/2945 2933/1/2933 2932/1/2932 
f 2932/1/2932 2946/1/2946 2945/1/2945 
f 2946/1/2946 2932/1/2932 2936/1/2936 
f 2936/1/2936 2947/1/2947 2946/1/2946 
f 2947/1/2947 2484/1/2484 2487/1/2487 
f 2946/1/2946 2487/1/2487 2489/1/2489 
f 2489/1/2489 2945/1/2945 2946/1/2946 
f 2948/1/2948 2949/1/2949 2950/1/2950 
f 2950/1/2950 2951/1/2951 2948/1/2948 
f 2951/1/2951 2952/1/2952 2953/1/2953 
f 2953/1/2953 2948/1/2948 2951/1/2951 
f 2948/1/2948 2953/1/2953 2954/1/2954 
f 2954/1/2954 2955/1/2955 2948/1/2948 
f 2955/1/2955 2477/1/2477 2949/1/2949 
f 2949/1/2949 2948/1/2948 2955/1/2955 
f 2956/1/2956 2957/1/2957 2952/1/2952 
f 2952/1/2952 2951/1/2951 2956/1/2956 
f 2951/1/2951 2950/1/2950 2958/1/2958 
f 2958/1/2958 2956/1/2956 2951/1/2951 
f 2956/1/2956 2958/1/2958 1636/1/1636 
f 1636/1/1636 1647/1/1647 2956/1/2956 
f 1647/1/1647 1644/1/1644 2957/1/2957 
f 2957/1/2957 2956/1/2956 1647/1/1647 
f 2959/1/2959 2909/1/2909 1668/1/1668 
f 1668/1/1668 1667/1/1667 2959/1/2959 
f 1667/1/1667 1658/1/1658 2960/1/2960 
f 2960/1/2960 2959/1/2959 1667/1/1667 
f 2959/1/2959 2960/1/2960 2954/1/2954 
f 2954/1/2954 2961/1/2961 2959/1/2959 
f 2961/1/2961 2910/1/2910 2909/1/2909 
f 2962/1/2962 2915/1/2915 2910/1/2910 
f 2910/1/2910 2961/1/2961 2962/1/2962 
f 2961/1/2961 2954/1/2954 2953/1/2953 
f 2953/1/2953 2962/1/2962 2961/1/2961 
f 2962/1/2962 2953/1/2953 2952/1/2952 
f 2952/1/2952 2963/1/2963 2962/1/2962 
f 2963/1/2963 2916/1/2916 2915/1/2915 
f 2915/1/2915 2962/1/2962 2963/1/2963 
f 2960/1/2960 2964/1/2964 2955/1/2955 
f 2955/1/2955 2954/1/2954 2960/1/2960 
f 2960/1/2960 1658/1/1658 1657/1/1657 
f 1657/1/1657 2964/1/2964 2960/1/2960 
f 2964/1/2964 1657/1/1657 1656/1/1656 
f 1656/1/1656 2473/1/2473 2964/1/2964 
f 2964/1/2964 2473/1/2473 2477/1/2477 
f 2477/1/2477 2955/1/2955 2964/1/2964 
f 2965/1/2965 2966/1/2966 2967/1/2967 
f 2967/1/2967 2968/1/2968 2965/1/2965 
f 2968/1/2968 2967/1/2967 2969/1/2969 
f 2969/1/2969 2970/1/2970 2968/1/2968 
f 2968/1/2968 2970/1/2970 2933/1/2933 
f 2933/1/2933 2945/1/2945 2968/1/2968 
f 2945/1/2945 2489/1/2489 2965/1/2965 
f 2965/1/2965 2968/1/2968 2945/1/2945 
f 2971/1/2971 2930/1/2930 2916/1/2916 
f 2916/1/2916 2963/1/2963 2971/1/2971 
f 2963/1/2963 2952/1/2952 2957/1/2957 
f 2957/1/2957 2971/1/2971 2963/1/2963 
f 2971/1/2971 2957/1/2957 1644/1/1644 
f 1644/1/1644 1643/1/1643 2971/1/2971 
f 1643/1/1643 1642/1/1642 2930/1/2930 
f 2930/1/2930 2971/1/2971 1643/1/1643 
f 2934/1/2934 2933/1/2933 2970/1/2970 
f 2970/1/2970 2972/1/2972 2934/1/2934 
f 2970/1/2970 2969/1/2969 2973/1/2973 
f 2973/1/2973 2972/1/2972 2970/1/2970 
f 2972/1/2972 2973/1/2973 2506/1/2506 
f 2506/1/2506 2937/1/2937 2972/1/2972 
f 2972/1/2972 2937/1/2937 2924/1/2924 
f 2924/1/2924 2934/1/2934 2972/1/2972 
f 2974/1/2974 2887/1/2887 2871/1/2871 
f 2871/1/2871 2975/1/2975 2974/1/2974 
f 2975/1/2975 2966/1/2966 2976/1/2976 
f 2976/1/2976 2974/1/2974 2975/1/2975 
f 2974/1/2974 2976/1/2976 2314/1/2314 
f 2314/1/2314 2313/1/2313 2974/1/2974 
f 2313/1/2313 2305/1/2305 2887/1/2887 
f 2887/1/2887 2974/1/2974 2313/1/2313 
f 2977/1/2977 2870/1/2870 2877/1/2877 
f 2877/1/2877 2978/1/2978 2977/1/2977 
f 2978/1/2978 2969/1/2969 2967/1/2967 
f 2967/1/2967 2977/1/2977 2978/1/2978 
f 2977/1/2977 2967/1/2967 2966/1/2966 
f 2966/1/2966 2975/1/2975 2977/1/2977 
f 2975/1/2975 2871/1/2871 2870/1/2870 
f 2870/1/2870 2977/1/2977 2975/1/2975 
f 2979/1/2979 2488/1/2488 2310/1/2310 
f 2310/1/2310 2320/1/2320 2979/1/2979 
f 2320/1/2320 2314/1/2314 2976/1/2976 
f 2976/1/2976 2979/1/2979 2320/1/2320 
f 2979/1/2979 2976/1/2976 2966/1/2966 
f 2966/1/2966 2965/1/2965 2979/1/2979 
f 2489/1/2489 2488/1/2488 2979/1/2979 
f 2979/1/2979 2965/1/2965 2489/1/2489 
f 2980/1/2980 2929/1/2929 2404/1/2404 
f 2404/1/2404 2981/1/2981 2980/1/2980 
f 2981/1/2981 2982/1/2982 2983/1/2983 
f 2983/1/2983 2980/1/2980 2981/1/2981 
f 2980/1/2980 2983/1/2983 2984/1/2984 
f 2984/1/2984 2985/1/2985 2980/1/2980 
f 2985/1/2985 2918/1/2918 2929/1/2929 
f 2929/1/2929 2980/1/2980 2985/1/2985 
f 2986/1/2986 2973/1/2973 2969/1/2969 
f 2969/1/2969 2978/1/2978 2986/1/2986 
f 2978/1/2978 2877/1/2877 2881/1/2881 
f 2881/1/2881 2986/1/2986 2978/1/2978 
f 2986/1/2986 2881/1/2881 2508/1/2508 
f 2508/1/2508 2507/1/2507 2986/1/2986 
f 2507/1/2507 2506/1/2506 2973/1/2973 
f 2973/1/2973 2986/1/2986 2507/1/2507 
f 2987/1/2987 2919/1/2919 2918/1/2918 
f 2918/1/2918 2985/1/2985 2987/1/2987 
f 2985/1/2985 2984/1/2984 2988/1/2988 
f 2988/1/2988 2987/1/2987 2985/1/2985 
f 2987/1/2987 2988/1/2988 2398/1/2398 
f 2398/1/2398 2921/1/2921 2987/1/2987 
f 2921/1/2921 2912/1/2912 2919/1/2919 
f 2919/1/2919 2987/1/2987 2921/1/2921 
f 2989/1/2989 2902/1/2902 2904/1/2904 
f 2904/1/2904 2990/1/2990 2989/1/2989 
f 2990/1/2990 2982/1/2982 2991/1/2991 
f 2991/1/2991 2989/1/2989 2990/1/2990 
f 2989/1/2989 2991/1/2991 2412/1/2412 
f 2412/1/2412 2411/1/2411 2989/1/2989 
f 2411/1/2411 2410/1/2410 2902/1/2902 
f 2902/1/2902 2989/1/2989 2411/1/2411 
f 2992/1/2992 2906/1/2906 2894/1/2894 
f 2894/1/2894 2993/1/2993 2992/1/2992 
f 2993/1/2993 2984/1/2984 2983/1/2983 
f 2983/1/2983 2992/1/2992 2993/1/2993 
f 2992/1/2992 2983/1/2983 2982/1/2982 
f 2982/1/2982 2990/1/2990 2992/1/2992 
f 2990/1/2990 2904/1/2904 2906/1/2906 
f 2906/1/2906 2992/1/2992 2990/1/2990 
f 2994/1/2994 2407/1/2407 2412/1/2412 
f 2412/1/2412 2991/1/2991 2994/1/2994 
f 2994/1/2994 2991/1/2991 2982/1/2982 
f 2982/1/2982 2981/1/2981 2994/1/2994 
f 2981/1/2981 2404/1/2404 2402/1/2402 
f 2402/1/2402 2994/1/2994 2981/1/2981 
f 2402/1/2402 2403/1/2403 2407/1/2407 
f 2407/1/2407 2994/1/2994 2402/1/2402 
f 2995/1/2995 2988/1/2988 2984/1/2984 
f 2984/1/2984 2993/1/2993 2995/1/2995 
f 2993/1/2993 2894/1/2894 2893/1/2893 
f 2893/1/2893 2995/1/2995 2993/1/2993 
f 2995/1/2995 2893/1/2893 2392/1/2392 
f 2392/1/2392 2399/1/2399 2995/1/2995 
f 2399/1/2399 2398/1/2398 2988/1/2988 
f 2988/1/2988 2995/1/2995 2399/1/2399 
f 2996/1/2996 2997/1/2997 2998/1/2998 
f 2998/1/2998 2999/1/2999 2996/1/2996 
f 2999/1/2999 3000/1/3000 3001/1/3001 
f 3001/1/3001 2996/1/2996 2999/1/2999 
f 2996/1/2996 3001/1/3001 168/1/168 
f 168/1/168 167/1/167 2996/1/2996 
f 167/1/167 162/1/162 2997/1/2997 
f 2997/1/2997 2996/1/2996 167/1/167 
f 3002/1/3002 3003/1/3003 3000/1/3000 
f 3000/1/3000 2999/1/2999 3002/1/3002 
f 2999/1/2999 2998/1/2998 3004/1/3004 
f 3004/1/3004 3002/1/3002 2999/1/2999 
f 3004/1/3004 2648/1/2648 2647/1/2647 
f 2647/1/2647 3002/1/3002 3004/1/3004 
f 3003/1/3003 3002/1/3002 2647/1/2647 
f 2647/1/2647 2466/1/2466 3003/1/3003 
f 3005/1/3005 2574/1/2574 2573/1/2573 
f 2573/1/2573 3006/1/3006 3005/1/3005 
f 3006/1/3006 2998/1/2998 2997/1/2997 
f 2997/1/2997 3005/1/3005 3006/1/3006 
f 3005/1/3005 2997/1/2997 162/1/162 
f 162/1/162 161/1/161 3005/1/3005 
f 161/1/161 160/1/160 2574/1/2574 
f 2574/1/2574 3005/1/3005 161/1/161 
f 3004/1/3004 3007/1/3007 2660/1/2660 
f 2660/1/2660 2648/1/2648 3004/1/3004 
f 3007/1/3007 3004/1/3004 2998/1/2998 
f 2998/1/2998 3006/1/3006 3007/1/3007 
f 3006/1/3006 2573/1/2573 2580/1/2580 
f 3007/1/3007 2580/1/2580 2444/1/2444 
f 2444/1/2444 2660/1/2660 3007/1/3007 
f 3008/1/3008 3003/1/3003 2466/1/2466 
f 2466/1/2466 2465/1/2465 3008/1/3008 
f 2465/1/2465 2464/1/2464 3009/1/3009 
f 3008/1/3008 3009/1/3009 3010/1/3010 
f 3010/1/3010 3011/1/3011 3008/1/3008 
f 3011/1/3011 3000/1/3000 3003/1/3003 
f 3003/1/3003 3008/1/3008 3011/1/3011 
f 3012/1/3012 3013/1/3013 3014/1/3014 
f 3014/1/3014 3015/1/3015 3012/1/3012 
f 3015/1/3015 2691/1/2691 2692/1/2692 
f 2692/1/2692 3012/1/3012 3015/1/3015 
f 3012/1/3012 2692/1/2692 2624/1/2624 
f 2624/1/2624 2629/1/2629 3012/1/3012 
f 2629/1/2629 2628/1/2628 3013/1/3013 
f 3013/1/3013 3012/1/3012 2629/1/2629 
f 317/1/317 172/1/172 3016/1/3016 
f 3016/1/3016 3017/1/3017 317/1/317 
f 3016/1/3016 3010/1/3010 3018/1/3018 
f 3018/1/3018 3017/1/3017 3016/1/3016 
f 3017/1/3017 3018/1/3018 3014/1/3014 
f 3014/1/3014 3019/1/3019 3017/1/3017 
f 3017/1/3017 3019/1/3019 318/1/318 
f 318/1/318 317/1/317 3017/1/3017 
f 3020/1/3020 3001/1/3001 3000/1/3000 
f 3000/1/3000 3011/1/3011 3020/1/3020 
f 3011/1/3011 3010/1/3010 3016/1/3016 
f 3016/1/3016 3020/1/3020 3011/1/3011 
f 3020/1/3020 3016/1/3016 172/1/172 
f 172/1/172 171/1/171 3020/1/3020 
f 171/1/171 168/1/168 3001/1/3001 
f 3001/1/3001 3020/1/3020 171/1/171 
f 3021/1/3021 2690/1/2690 2691/1/2691 
f 2691/1/2691 3015/1/3015 3021/1/3021 
f 3015/1/3015 3014/1/3014 3018/1/3018 
f 3018/1/3018 3021/1/3021 3015/1/3015 
f 3021/1/3021 3018/1/3018 3010/1/3010 
f 3009/1/3009 2464/1/2464 2690/1/2690 
f 2690/1/2690 3021/1/3021 3009/1/3009 
f 324/1/324 318/1/318 3019/1/3019 
f 3019/1/3019 3022/1/3022 324/1/324 
f 3019/1/3019 3014/1/3014 3013/1/3013 
f 3013/1/3013 3022/1/3022 3019/1/3019 
f 3022/1/3022 3013/1/3013 2628/1/2628 
f 2628/1/2628 2635/1/2635 3022/1/3022 
f 324/1/324 3022/1/3022 2635/1/2635 
f 2635/1/2635 223/1/223 324/1/324 
f 3023/1/3023 2874/1/2874 2873/1/2873 
f 2873/1/2873 2884/1/2884 3023/1/3023 
f 3023/1/3023 2884/1/2884 2721/1/2721 
f 2721/1/2721 3024/1/3024 3023/1/3023 
f 3024/1/3024 3025/1/3025 3026/1/3026 
f 3026/1/3026 3023/1/3023 3024/1/3024 
f 3026/1/3026 2875/1/2875 2874/1/2874 
f 2874/1/2874 3023/1/3023 3026/1/3026 
f 3027/1/3027 2879/1/2879 2867/1/2867 
f 2867/1/2867 3028/1/3028 3027/1/3027 
f 3027/1/3027 3028/1/3028 3029/1/3029 
f 3029/1/3029 3030/1/3030 3027/1/3027 
f 3030/1/3030 2719/1/2719 2724/1/2724 
f 2724/1/2724 3027/1/3027 3030/1/3030 
f 3027/1/3027 2724/1/2724 2492/1/2492 
f 2492/1/2492 2879/1/2879 3027/1/3027 
f 1432/1/1432 1431/1/1431 3031/1/3031 
f 3031/1/3031 3032/1/3032 1432/1/1432 
f 3031/1/3031 3025/1/3025 3033/1/3033 
f 3033/1/3033 3032/1/3032 3031/1/3031 
f 3032/1/3032 3033/1/3033 3029/1/3029 
f 3029/1/3029 3034/1/3034 3032/1/3032 
f 3034/1/3034 1357/1/1357 1432/1/1432 
f 1432/1/1432 3032/1/3032 3034/1/3034 
f 3035/1/3035 2882/1/2882 2875/1/2875 
f 2875/1/2875 3026/1/3026 3035/1/3035 
f 3035/1/3035 3026/1/3026 3025/1/3025 
f 3025/1/3025 3031/1/3031 3035/1/3035 
f 3035/1/3035 3031/1/3031 1431/1/1431 
f 1436/1/1436 1435/1/1435 2882/1/2882 
f 3036/1/3036 2720/1/2720 2719/1/2719 
f 2719/1/2719 3030/1/3030 3036/1/3036 
f 3030/1/3030 3029/1/3029 3033/1/3033 
f 3033/1/3033 3036/1/3036 3030/1/3030 
f 3036/1/3036 3033/1/3033 3025/1/3025 
f 3025/1/3025 3024/1/3024 3036/1/3036 
f 3024/1/3024 2721/1/2721 2720/1/2720 
f 2720/1/2720 3036/1/3036 3024/1/3024 
f 3037/1/3037 3034/1/3034 3029/1/3029 
f 3029/1/3029 3028/1/3028 3037/1/3037 
f 3028/1/3028 2867/1/2867 2866/1/2866 
f 2866/1/2866 3037/1/3037 3028/1/3028 
f 3037/1/3037 2866/1/2866 1352/1/1352 
f 3034/1/3034 3037/1/3037 1351/1/1351 
f 1351/1/1351 1357/1/1357 3034/1/3034 
f 3038/1/3038 2949/1/2949 2477/1/2477 
f 2477/1/2477 2476/1/2476 3038/1/3038 
f 2476/1/2476 2475/1/2475 3039/1/3039 
f 3039/1/3039 3038/1/3038 2476/1/2476 
f 3038/1/3038 3039/1/3039 3040/1/3040 
f 3040/1/3040 3041/1/3041 3038/1/3038 
f 3041/1/3041 2950/1/2950 2949/1/2949 
f 2949/1/2949 3038/1/3038 3041/1/3041 
f 3042/1/3042 2958/1/2958 2950/1/2950 
f 2950/1/2950 3041/1/3041 3042/1/3042 
f 3041/1/3041 3040/1/3040 3043/1/3043 
f 3043/1/3043 3042/1/3042 3041/1/3041 
f 3043/1/3043 1638/1/1638 1637/1/1637 
f 1637/1/1637 3042/1/3042 3043/1/3043 
f 1637/1/1637 1636/1/1636 2958/1/2958 
f 2958/1/2958 3042/1/3042 1637/1/1637 
f 3044/1/3044 2940/1/2940 1638/1/1638 
f 1638/1/1638 3043/1/3043 3044/1/3044 
f 3043/1/3043 3040/1/3040 3045/1/3045 
f 3045/1/3045 3044/1/3044 3043/1/3043 
f 3044/1/3044 3045/1/3045 3046/1/3046 
f 3046/1/3046 3047/1/3047 3044/1/3044 
f 3047/1/3047 2941/1/2941 2940/1/2940 
f 2940/1/2940 3044/1/3044 3047/1/3047 
f 3048/1/3048 2479/1/2479 2481/1/2481 
f 2481/1/2481 3049/1/3049 3048/1/3048 
f 3049/1/3049 3046/1/3046 3045/1/3045 
f 3045/1/3045 3048/1/3048 3049/1/3049 
f 3048/1/3048 3045/1/3045 3040/1/3040 
f 3040/1/3040 3039/1/3039 3048/1/3048 
f 3039/1/3039 2475/1/2475 2479/1/2479 
f 2479/1/2479 3048/1/3048 3039/1/3039 
f 3050/1/3050 2485/1/2485 2484/1/2484 
f 2484/1/2484 2947/1/2947 3050/1/3050 
f 2947/1/2947 2936/1/2936 3051/1/3051 
f 3051/1/3051 3050/1/3050 2947/1/2947 
f 3050/1/3050 3051/1/3051 3046/1/3046 
f 3046/1/3046 3049/1/3049 3050/1/3050 
f 3049/1/3049 2481/1/2481 2485/1/2485 
f 2485/1/2485 3050/1/3050 3049/1/3049 
f 3052/1/3052 2944/1/2944 2941/1/2941 
f 2941/1/2941 3047/1/3047 3052/1/3052 
f 3047/1/3047 3046/1/3046 3051/1/3051 
f 3051/1/3051 3052/1/3052 3047/1/3047 
f 3052/1/3052 3051/1/3051 2936/1/2936 
f 2936/1/2936 2935/1/2935 3052/1/3052 
f 2935/1/2935 2927/1/2927 2944/1/2944 
f 2944/1/2944 3052/1/3052 2935/1/2935 
f 3053/1/3053 2356/1/2356 2349/1/2349 
f 3054/1/3054 3055/1/3055 3056/1/3056 
f 3053/1/3053 3056/1/3056 2363/1/2363 
f 2363/1/2363 2375/1/2375 3053/1/3053 
f 2375/1/2375 2357/1/2357 2356/1/2356 
f 2356/1/2356 3053/1/3053 2375/1/2375 
f 3057/1/3057 3058/1/3058 3059/1/3059 
f 3059/1/3059 3060/1/3060 3057/1/3057 
f 3060/1/3060 2165/1/2165 2364/1/2364 
f 2364/1/2364 3057/1/3057 3060/1/3060 
f 2364/1/2364 2363/1/2363 3056/1/3056 
f 3056/1/3056 3057/1/3057 2364/1/2364 
f 3057/1/3057 3056/1/3056 3055/1/3055 
f 3055/1/3055 3058/1/3058 3057/1/3057 
f 3061/1/3061 3062/1/3062 3063/1/3063 
f 3063/1/3063 3064/1/3064 3061/1/3061 
f 3064/1/3064 2167/1/2167 2166/1/2166 
f 2166/1/2166 3061/1/3061 3064/1/3064 
f 3061/1/3061 2166/1/2166 2165/1/2165 
f 2165/1/2165 3060/1/3060 3061/1/3061 
f 3060/1/3060 3059/1/3059 3062/1/3062 
f 3062/1/3062 3061/1/3061 3060/1/3060 
f 3065/1/3065 3066/1/3066 3064/1/3064 
f 3064/1/3064 3063/1/3063 3065/1/3065 
f 3065/1/3065 3067/1/3067 3068/1/3068 
f 3068/1/3068 3066/1/3066 3065/1/3065 
f 3066/1/3066 3068/1/3068 2171/1/2171 
f 2171/1/2171 2169/1/2169 3066/1/3066 
f 3064/1/3064 3066/1/3066 2169/1/2169 
f 2169/1/2169 2167/1/2167 3064/1/3064 
f 3069/1/3069 3068/1/3068 3067/1/3067 
f 3067/1/3067 3070/1/3070 3069/1/3069 
f 3070/1/3070 3071/1/3071 3072/1/3072 
f 3072/1/3072 3069/1/3069 3070/1/3070 
f 3069/1/3069 3072/1/3072 2175/1/2175 
f 2175/1/2175 2174/1/2174 3069/1/3069 
f 2174/1/2174 2171/1/2171 3068/1/3068 
f 3068/1/3068 3069/1/3069 2174/1/2174 
f 3073/1/3073 3074/1/3074 3075/1/3075 
f 3075/1/3075 3076/1/3076 3073/1/3073 
f 3076/1/3076 2179/1/2179 2178/1/2178 
f 2178/1/2178 3073/1/3073 3076/1/3076 
f 3073/1/3073 2178/1/2178 2175/1/2175 
f 2175/1/2175 3072/1/3072 3073/1/3073 
f 3072/1/3072 3071/1/3071 3074/1/3074 
f 3074/1/3074 3073/1/3073 3072/1/3072 
f 3076/1/3076 3075/1/3075 3077/1/3077 
f 3077/1/3077 3078/1/3078 3076/1/3076 
f 3077/1/3077 3079/1/3079 3080/1/3080 
f 3080/1/3080 3078/1/3078 3077/1/3077 
f 2182/1/2182 3078/1/3078 3080/1/3080 
f 3080/1/3080 2183/1/2183 2182/1/2182 
f 3078/1/3078 2182/1/2182 2179/1/2179 
f 2179/1/2179 3076/1/3076 3078/1/3078 
f 3081/1/3081 2330/1/2330 2327/1/2327 
f 2327/1/2327 3082/1/3082 3081/1/3081 
f 3082/1/3082 3083/1/3083 3084/1/3084 
f 3084/1/3084 3081/1/3081 3082/1/3082 
f 3081/1/3081 3084/1/3084 2341/1/2341 
f 2341/1/2341 2340/1/2340 3081/1/3081 
f 2340/1/2340 2331/1/2331 2330/1/2330 
f 2330/1/2330 3081/1/3081 2340/1/2340 
f 3085/1/3085 3080/1/3080 3079/1/3079 
f 3079/1/3079 3086/1/3086 3085/1/3085 
f 3082/1/3082 3085/1/3085 3086/1/3086 
f 3086/1/3086 3083/1/3083 3082/1/3082 
f 3082/1/3082 2327/1/2327 2326/1/2326 
f 2326/1/2326 3085/1/3085 3082/1/3082 
f 2326/1/2326 2183/1/2183 3080/1/3080 
f 3080/1/3080 3085/1/3085 2326/1/2326 
f 3087/1/3087 3054/1/3054 2349/1/2349 
f 2349/1/2349 2348/1/2348 3087/1/3087 
f 2348/1/2348 2341/1/2341 3084/1/3084 
f 3087/1/3087 3084/1/3084 3083/1/3083 
f 3088/1/3088 3055/1/3055 3054/1/3054 
f 3089/1/3089 3090/1/3090 3091/1/3091 
f 3091/1/3091 3092/1/3092 3089/1/3089 
f 3092/1/3092 3059/1/3059 3058/1/3058 
f 3058/1/3058 3089/1/3089 3092/1/3092 
f 3058/1/3058 3055/1/3055 3093/1/3093 
f 3089/1/3089 3093/1/3093 3094/1/3094 
f 3094/1/3094 3090/1/3090 3089/1/3089 
f 3095/1/3095 3092/1/3092 3091/1/3091 
f 3091/1/3091 3096/1/3096 3095/1/3095 
f 3096/1/3096 3097/1/3097 3098/1/3098 
f 3098/1/3098 3095/1/3095 3096/1/3096 
f 3095/1/3095 3098/1/3098 3063/1/3063 
f 3063/1/3063 3062/1/3062 3095/1/3095 
f 3095/1/3095 3062/1/3062 3059/1/3059 
f 3059/1/3059 3092/1/3092 3095/1/3095 
f 3099/1/3099 3098/1/3098 3097/1/3097 
f 3097/1/3097 3100/1/3100 3099/1/3099 
f 3100/1/3100 3101/1/3101 3102/1/3102 
f 3102/1/3102 3099/1/3099 3100/1/3100 
f 3099/1/3099 3102/1/3102 3067/1/3067 
f 3067/1/3067 3065/1/3065 3099/1/3099 
f 3065/1/3065 3063/1/3063 3098/1/3098 
f 3098/1/3098 3099/1/3099 3065/1/3065 
f 3103/1/3103 3102/1/3102 3101/1/3101 
f 3101/1/3101 3104/1/3104 3103/1/3103 
f 3105/1/3105 3103/1/3103 3104/1/3104 
f 3104/1/3104 3106/1/3106 3105/1/3105 
f 3105/1/3105 3071/1/3071 3070/1/3070 
f 3070/1/3070 3103/1/3103 3105/1/3105 
f 3070/1/3070 3067/1/3067 3102/1/3102 
f 3102/1/3102 3103/1/3103 3070/1/3070 
f 3107/1/3107 3108/1/3108 3109/1/3109 
f 3109/1/3109 3110/1/3110 3107/1/3107 
f 3110/1/3110 3075/1/3075 3074/1/3074 
f 3074/1/3074 3107/1/3107 3110/1/3110 
f 3107/1/3107 3074/1/3074 3071/1/3071 
f 3071/1/3071 3105/1/3105 3107/1/3107 
f 3105/1/3105 3106/1/3106 3108/1/3108 
f 3108/1/3108 3107/1/3107 3105/1/3105 
f 3111/1/3111 3096/1/3096 3091/1/3091 
f 3091/1/3091 3112/1/3112 3111/1/3111 
f 3112/1/3112 3113/1/3113 3114/1/3114 
f 3114/1/3114 3111/1/3111 3112/1/3112 
f 3111/1/3111 3114/1/3114 3115/1/3115 
f 3115/1/3115 3116/1/3116 3111/1/3111 
f 3096/1/3096 3111/1/3111 3116/1/3116 
f 3116/1/3116 3097/1/3097 3096/1/3096 
f 3117/1/3117 3116/1/3116 3115/1/3115 
f 3115/1/3115 3118/1/3118 3117/1/3117 
f 3117/1/3117 3118/1/3118 3119/1/3119 
f 3119/1/3119 3120/1/3120 3117/1/3117 
f 3117/1/3117 3120/1/3120 3101/1/3101 
f 3101/1/3101 3100/1/3100 3117/1/3117 
f 3100/1/3100 3097/1/3097 3116/1/3116 
f 3116/1/3116 3117/1/3117 3100/1/3100 
f 3121/1/3121 3122/1/3122 3123/1/3123 
f 3123/1/3123 3124/1/3124 3121/1/3121 
f 3124/1/3124 3079/1/3079 3077/1/3077 
f 3077/1/3077 3121/1/3121 3124/1/3124 
f 3121/1/3121 3077/1/3077 3075/1/3075 
f 3075/1/3075 3110/1/3110 3121/1/3121 
f 3110/1/3110 3109/1/3109 3122/1/3122 
f 3122/1/3122 3121/1/3121 3110/1/3110 
f 3125/1/3125 3120/1/3120 3119/1/3119 
f 3119/1/3119 3126/1/3126 3125/1/3125 
f 3125/1/3125 3126/1/3126 3127/1/3127 
f 3127/1/3127 3128/1/3128 3125/1/3125 
f 3125/1/3125 3128/1/3128 3106/1/3106 
f 3106/1/3106 3104/1/3104 3125/1/3125 
f 3104/1/3104 3101/1/3101 3120/1/3120 
f 3120/1/3120 3125/1/3125 3104/1/3104 
f 3129/1/3129 3114/1/3114 3113/1/3113 
f 3113/1/3113 3130/1/3130 3129/1/3129 
f 3130/1/3130 3127/1/3127 3126/1/3126 
f 3126/1/3126 3129/1/3129 3130/1/3130 
f 3129/1/3129 3126/1/3126 3119/1/3119 
f 3119/1/3119 3118/1/3118 3129/1/3129 
f 3118/1/3118 3115/1/3115 3114/1/3114 
f 3114/1/3114 3129/1/3129 3118/1/3118 
f 3131/1/3131 3132/1/3132 3133/1/3133 
f 3133/1/3133 3134/1/3134 3131/1/3131 
f 3134/1/3134 3135/1/3135 3136/1/3136 
f 3136/1/3136 3131/1/3131 3134/1/3134 
f 3131/1/3131 3136/1/3136 3127/1/3127 
f 3127/1/3127 3130/1/3130 3131/1/3131 
f 3130/1/3130 3113/1/3113 3132/1/3132 
f 3132/1/3132 3131/1/3131 3130/1/3130 
f 3137/1/3137 3108/1/3108 3106/1/3106 
f 3106/1/3106 3128/1/3128 3137/1/3137 
f 3128/1/3128 3127/1/3127 3136/1/3136 
f 3136/1/3136 3137/1/3137 3128/1/3128 
f 3137/1/3137 3136/1/3136 3135/1/3135 
f 3135/1/3135 3138/1/3138 3137/1/3137 
f 3138/1/3138 3109/1/3109 3108/1/3108 
f 3108/1/3108 3137/1/3137 3138/1/3138 
f 3139/1/3139 3140/1/3140 3141/1/3141 
f 3141/1/3141 3142/1/3142 3139/1/3139 
f 3142/1/3142 3094/1/3094 3093/1/3093 
f 3139/1/3139 3093/1/3093 3055/1/3055 
f 3088/1/3088 3083/1/3083 3140/1/3140 
f 3140/1/3140 3139/1/3139 3088/1/3088 
f 3090/1/3090 3094/1/3094 3143/1/3143 
f 3143/1/3143 3144/1/3144 3090/1/3090 
f 3143/1/3143 3133/1/3133 3132/1/3132 
f 3132/1/3132 3144/1/3144 3143/1/3143 
f 3144/1/3144 3132/1/3132 3113/1/3113 
f 3113/1/3113 3112/1/3112 3144/1/3144 
f 3112/1/3112 3091/1/3091 3090/1/3090 
f 3090/1/3090 3144/1/3144 3112/1/3112 
f 3145/1/3145 3141/1/3141 3140/1/3140 
f 3140/1/3140 3083/1/3083 3086/1/3086 
f 3086/1/3086 3079/1/3079 3124/1/3124 
f 3124/1/3124 3123/1/3123 3145/1/3145 
f 3146/1/3146 3147/1/3147 3148/1/3148 
f 3148/1/3148 3149/1/3149 3146/1/3146 
f 3149/1/3149 3133/1/3133 3150/1/3150 
f 3150/1/3150 3146/1/3146 3149/1/3149 
f 3146/1/3146 3150/1/3150 3141/1/3141 
f 3141/1/3141 3145/1/3145 3146/1/3146 
f 3145/1/3145 3123/1/3123 3147/1/3147 
f 3147/1/3147 3146/1/3146 3145/1/3145 
f 3150/1/3150 3133/1/3133 3143/1/3143 
f 3151/1/3151 3143/1/3143 3094/1/3094 
f 3094/1/3094 3142/1/3142 3151/1/3151 
f 3142/1/3142 3141/1/3141 3150/1/3150 
f 3150/1/3150 3151/1/3151 3142/1/3142 
f 3152/1/3152 3153/1/3153 3135/1/3135 
f 3135/1/3135 3134/1/3134 3152/1/3152 
f 3134/1/3134 3133/1/3133 3149/1/3149 
f 3149/1/3149 3152/1/3152 3134/1/3134 
f 3149/1/3149 3148/1/3148 3153/1/3153 
f 3153/1/3153 3152/1/3152 3149/1/3149 
f 3154/1/3154 3122/1/3122 3109/1/3109 
f 3109/1/3109 3138/1/3138 3154/1/3154 
f 3138/1/3138 3135/1/3135 3153/1/3153 
f 3153/1/3153 3154/1/3154 3138/1/3138 
f 3154/1/3154 3153/1/3153 3148/1/3148 
f 3148/1/3148 3147/1/3147 3154/1/3154 
f 3147/1/3147 3123/1/3123 3122/1/3122 
f 3122/1/3122 3154/1/3154 3147/1/3147 
f 3155/1/3155 3156/1/3156 3157/1/3157 
f 3157/1/3157 3158/1/3158 3155/1/3155 
f 3157/1/3157 9/1/9 2431/1/2431 
f 2431/1/2431 3158/1/3158 3157/1/3157 
f 3158/1/3158 2431/1/2431 2428/1/2428 
f 3158/1/3158 3159/1/3159 3160/1/3160 
f 3160/1/3160 3155/1/3155 3158/1/3158 
f 3161/1/3161 3162/1/3162 3163/1/3163 
f 3164/1/3164 3/1/3 2/1/2 
f 3161/1/3161 2/1/2 9/1/9 
f 9/1/9 3157/1/3157 3161/1/3161 
f 3161/1/3161 3157/1/3157 3156/1/3156 
f 3156/1/3156 3162/1/3162 3161/1/3161 
f 3165/1/3165 3166/1/3166 3167/1/3167 
f 3167/1/3167 3168/1/3168 3165/1/3165 
f 3168/1/3168 3169/1/3169 3170/1/3170 
f 3170/1/3170 3165/1/3165 3168/1/3168 
f 3165/1/3165 3170/1/3170 3163/1/3163 
f 3163/1/3163 3162/1/3162 3165/1/3165 
f 3162/1/3162 3156/1/3156 3166/1/3166 
f 3166/1/3166 3165/1/3165 3162/1/3162 
f 3171/1/3171 3172/1/3172 3173/1/3173 
f 3173/1/3173 3174/1/3174 3171/1/3171 
f 3174/1/3174 3173/1/3173 23/1/23 
f 3174/1/3174 22/1/22 3/1/3 
f 3/1/3 3164/1/3164 3174/1/3174 
f 3164/1/3164 3163/1/3163 3171/1/3171 
f 3171/1/3171 3174/1/3174 3164/1/3164 
f 3175/1/3175 3176/1/3176 3172/1/3172 
f 3172/1/3172 3171/1/3171 3175/1/3175 
f 3175/1/3175 3171/1/3171 3163/1/3163 
f 3170/1/3170 3169/1/3169 3177/1/3177 
f 3177/1/3177 3178/1/3178 3176/1/3176 
f 3176/1/3176 3175/1/3175 3177/1/3177 
f 3179/1/3179 3180/1/3180 3178/1/3178 
f 3178/1/3178 3177/1/3177 3179/1/3179 
f 3181/1/3181 3182/1/3182 32/1/32 
f 32/1/32 36/1/36 3181/1/3181 
f 36/1/36 23/1/23 3173/1/3173 
f 3173/1/3173 3181/1/3181 36/1/36 
f 3181/1/3181 3173/1/3173 3172/1/3172 
f 3172/1/3172 3183/1/3183 3181/1/3181 
f 3183/1/3183 3184/1/3184 3182/1/3182 
f 3182/1/3182 3181/1/3181 3183/1/3183 
f 3185/1/3185 3186/1/3186 3184/1/3184 
f 3184/1/3184 3183/1/3183 3185/1/3185 
f 3183/1/3183 3172/1/3172 3176/1/3176 
f 3176/1/3176 3185/1/3185 3183/1/3183 
f 3185/1/3185 3176/1/3176 3178/1/3178 
f 3178/1/3178 3187/1/3187 3185/1/3185 
f 3187/1/3187 3188/1/3188 3186/1/3186 
f 3186/1/3186 3185/1/3185 3187/1/3187 
f 3187/1/3187 3178/1/3178 3180/1/3180 
f 3180/1/3180 3189/1/3189 3187/1/3187 
f 3189/1/3189 3190/1/3190 3188/1/3188 
f 3188/1/3188 3187/1/3187 3189/1/3189 
f 3191/1/3191 3192/1/3192 34/1/34 
f 34/1/34 33/1/33 3191/1/3191 
f 33/1/33 32/1/32 3182/1/3182 
f 3182/1/3182 3191/1/3191 33/1/33 
f 3191/1/3191 3182/1/3182 3184/1/3184 
f 3184/1/3184 3193/1/3193 3191/1/3191 
f 3193/1/3193 3194/1/3194 3192/1/3192 
f 3192/1/3192 3191/1/3191 3193/1/3193 
f 3195/1/3195 3196/1/3196 3194/1/3194 
f 3194/1/3194 3193/1/3193 3195/1/3195 
f 3193/1/3193 3184/1/3184 3186/1/3186 
f 3186/1/3186 3195/1/3195 3193/1/3193 
f 3195/1/3195 3186/1/3186 3188/1/3188 
f 3188/1/3188 3197/1/3197 3195/1/3195 
f 3197/1/3197 3198/1/3198 3196/1/3196 
f 3196/1/3196 3195/1/3195 3197/1/3197 
f 3197/1/3197 3188/1/3188 3190/1/3190 
f 3190/1/3190 3199/1/3199 3197/1/3197 
f 3199/1/3199 3200/1/3200 3198/1/3198 
f 3198/1/3198 3197/1/3197 3199/1/3199 
f 3201/1/3201 3202/1/3202 3203/1/3203 
f 3203/1/3203 3204/1/3204 3201/1/3201 
f 3201/1/3201 3204/1/3204 3205/1/3205 
f 3205/1/3205 3206/1/3206 3201/1/3201 
f 3206/1/3206 1765/1/1765 1761/1/1761 
f 1761/1/1761 3201/1/3201 3206/1/3206 
f 3201/1/3201 1761/1/1761 1764/1/1764 
f 1764/1/1764 3202/1/3202 3201/1/3201 
f 3207/1/3207 3208/1/3208 3209/1/3209 
f 3209/1/3209 3210/1/3210 3207/1/3207 
f 3210/1/3210 3211/1/3211 3212/1/3212 
f 3212/1/3212 3207/1/3207 3210/1/3210 
f 3207/1/3207 3212/1/3212 3205/1/3205 
f 3205/1/3205 3204/1/3204 3207/1/3207 
f 3204/1/3204 3203/1/3203 3208/1/3208 
f 3208/1/3208 3207/1/3207 3204/1/3204 
f 3213/1/3213 3203/1/3203 3202/1/3202 
f 3202/1/3202 3214/1/3214 3213/1/3213 
f 3202/1/3202 1764/1/1764 2542/1/2542 
f 2542/1/2542 3214/1/3214 3202/1/3202 
f 3215/1/3215 3214/1/3214 2542/1/2542 
f 2542/1/2542 2531/1/2531 3215/1/3215 
f 3214/1/3214 3215/1/3215 3216/1/3216 
f 3216/1/3216 3213/1/3213 3214/1/3214 
f 3217/1/3217 3218/1/3218 3219/1/3219 
f 3219/1/3219 3220/1/3220 3217/1/3217 
f 3220/1/3220 2231/1/2231 2233/1/2233 
f 2233/1/2233 3217/1/3217 3220/1/3220 
f 3217/1/3217 2233/1/2233 1765/1/1765 
f 1765/1/1765 3206/1/3206 3217/1/3217 
f 3206/1/3206 3205/1/3205 3218/1/3218 
f 3218/1/3218 3217/1/3217 3206/1/3206 
f 3221/1/3221 3222/1/3222 3223/1/3223 
f 3223/1/3223 3224/1/3224 3221/1/3221 
f 3221/1/3221 3224/1/3224 1775/1/1775 
f 1775/1/1775 2232/1/2232 3221/1/3221 
f 3221/1/3221 2232/1/2232 2231/1/2231 
f 2231/1/2231 3220/1/3220 3221/1/3221 
f 3220/1/3220 3219/1/3219 3222/1/3222 
f 3222/1/3222 3221/1/3221 3220/1/3220 
f 3225/1/3225 3219/1/3219 3218/1/3218 
f 3218/1/3218 3226/1/3226 3225/1/3225 
f 3226/1/3226 3218/1/3218 3205/1/3205 
f 3205/1/3205 3212/1/3212 3226/1/3226 
f 3226/1/3226 3212/1/3212 3211/1/3211 
f 3211/1/3211 3227/1/3227 3226/1/3226 
f 3226/1/3226 3227/1/3227 3228/1/3228 
f 3228/1/3228 3225/1/3225 3226/1/3226 
f 3229/1/3229 3230/1/3230 3231/1/3231 
f 3231/1/3231 3232/1/3232 3229/1/3229 
f 3232/1/3232 3231/1/3231 1768/1/1768 
f 1768/1/1768 1767/1/1767 3232/1/3232 
f 1767/1/1767 1775/1/1775 3224/1/3224 
f 3224/1/3224 3232/1/3232 1767/1/1767 
f 3232/1/3232 3224/1/3224 3223/1/3223 
f 3223/1/3223 3229/1/3229 3232/1/3232 
f 3233/1/3233 3223/1/3223 3222/1/3222 
f 3222/1/3222 3234/1/3234 3233/1/3233 
f 3234/1/3234 3222/1/3222 3219/1/3219 
f 3219/1/3219 3225/1/3225 3234/1/3234 
f 3225/1/3225 3228/1/3228 3235/1/3235 
f 3235/1/3235 3234/1/3234 3225/1/3225 
f 3234/1/3234 3235/1/3235 3236/1/3236 
f 3236/1/3236 3233/1/3233 3234/1/3234 
f 3237/1/3237 3238/1/3238 3230/1/3230 
f 3230/1/3230 3229/1/3229 3237/1/3237 
f 3229/1/3229 3223/1/3223 3233/1/3233 
f 3233/1/3233 3237/1/3237 3229/1/3229 
f 3233/1/3233 3236/1/3236 3239/1/3239 
f 3239/1/3239 3237/1/3237 3233/1/3233 
f 3239/1/3239 3240/1/3240 3238/1/3238 
f 3238/1/3238 3237/1/3237 3239/1/3239 
f 3241/1/3241 3242/1/3242 3240/1/3240 
f 3240/1/3240 3239/1/3239 3241/1/3241 
f 3243/1/3243 3244/1/3244 1785/1/1785 
f 1784/1/1784 1768/1/1768 3231/1/3231 
f 3231/1/3231 3243/1/3243 1784/1/1784 
f 3243/1/3243 3231/1/3231 3230/1/3230 
f 3230/1/3230 3245/1/3245 3243/1/3243 
f 3245/1/3245 3246/1/3246 3244/1/3244 
f 3244/1/3244 3243/1/3243 3245/1/3245 
f 3247/1/3247 3248/1/3248 3246/1/3246 
f 3246/1/3246 3245/1/3245 3247/1/3247 
f 3245/1/3245 3230/1/3230 3238/1/3238 
f 3238/1/3238 3247/1/3247 3245/1/3245 
f 3247/1/3247 3238/1/3238 3240/1/3240 
f 3240/1/3240 3249/1/3249 3247/1/3247 
f 3249/1/3249 3250/1/3250 3248/1/3248 
f 3249/1/3249 3240/1/3240 3242/1/3242 
f 3242/1/3242 3251/1/3251 3249/1/3249 
f 3251/1/3251 3252/1/3252 3250/1/3250 
f 3253/1/3253 3254/1/3254 3255/1/3255 
f 3255/1/3255 3256/1/3256 3253/1/3253 
f 3256/1/3256 3255/1/3255 1758/1/1758 
f 1758/1/1758 2041/1/2041 3256/1/3256 
f 2041/1/2041 2040/1/2040 3257/1/3257 
f 3257/1/3257 3256/1/3256 2041/1/2041 
f 3256/1/3256 3257/1/3257 3258/1/3258 
f 3258/1/3258 3253/1/3253 3256/1/3256 
f 3259/1/3259 3257/1/3257 2040/1/2040 
f 2040/1/2040 2227/1/2227 3259/1/3259 
f 2227/1/2227 1785/1/1785 3244/1/3244 
f 3244/1/3244 3259/1/3259 2227/1/2227 
f 3259/1/3259 3244/1/3244 3246/1/3246 
f 3246/1/3246 3260/1/3260 3259/1/3259 
f 3260/1/3260 3258/1/3258 3257/1/3257 
f 3257/1/3257 3259/1/3259 3260/1/3260 
f 3261/1/3261 3262/1/3262 3258/1/3258 
f 3258/1/3258 3260/1/3260 3261/1/3261 
f 3260/1/3260 3246/1/3246 3248/1/3248 
f 3248/1/3248 3261/1/3261 3260/1/3260 
f 3261/1/3261 3248/1/3248 3250/1/3250 
f 3250/1/3250 3263/1/3263 3261/1/3261 
f 3263/1/3263 3264/1/3264 3262/1/3262 
f 3262/1/3262 3261/1/3261 3263/1/3263 
f 3263/1/3263 3250/1/3250 3252/1/3252 
f 3252/1/3252 3265/1/3265 3263/1/3263 
f 3265/1/3265 3266/1/3266 3264/1/3264 
f 3264/1/3264 3263/1/3263 3265/1/3265 
f 3267/1/3267 3268/1/3268 3269/1/3269 
f 3269/1/3269 3270/1/3270 3267/1/3267 
f 1759/1/1759 3267/1/3267 3270/1/3270 
f 3270/1/3270 1760/1/1760 1759/1/1759 
f 1759/1/1759 1758/1/1758 3255/1/3255 
f 3255/1/3255 3267/1/3267 1759/1/1759 
f 3267/1/3267 3255/1/3255 3254/1/3254 
f 3254/1/3254 3268/1/3268 3267/1/3267 
f 3271/1/3271 3272/1/3272 3254/1/3254 
f 3254/1/3254 3253/1/3253 3271/1/3271 
f 3253/1/3253 3258/1/3258 3262/1/3262 
f 3262/1/3262 3271/1/3271 3253/1/3253 
f 3271/1/3271 3262/1/3262 3264/1/3264 
f 3264/1/3264 3273/1/3273 3271/1/3271 
f 3273/1/3273 3274/1/3274 3272/1/3272 
f 3272/1/3272 3271/1/3271 3273/1/3273 
f 3275/1/3275 3269/1/3269 3268/1/3268 
f 3268/1/3268 3276/1/3276 3275/1/3275 
f 3268/1/3268 3254/1/3254 3272/1/3272 
f 3272/1/3272 3276/1/3276 3268/1/3268 
f 3276/1/3276 3272/1/3272 3274/1/3274 
f 3274/1/3274 3277/1/3277 3276/1/3276 
f 3276/1/3276 3277/1/3277 3278/1/3278 
f 3278/1/3278 3275/1/3275 3276/1/3276 
f 3279/1/3279 2547/1/2547 2546/1/2546 
f 2546/1/2546 3280/1/3280 3279/1/3279 
f 3280/1/3280 2546/1/2546 1760/1/1760 
f 1760/1/1760 3270/1/3270 3280/1/3280 
f 3270/1/3270 3269/1/3269 3281/1/3281 
f 3281/1/3281 3280/1/3280 3270/1/3270 
f 3280/1/3280 3281/1/3281 3282/1/3282 
f 3282/1/3282 3279/1/3279 3280/1/3280 
f 3283/1/3283 3282/1/3282 3281/1/3281 
f 3281/1/3281 3284/1/3284 3283/1/3283 
f 3284/1/3284 3281/1/3281 3269/1/3269 
f 3269/1/3269 3275/1/3275 3284/1/3284 
f 3275/1/3275 3278/1/3278 3285/1/3285 
f 3285/1/3285 3284/1/3284 3275/1/3275 
f 3284/1/3284 3285/1/3285 3286/1/3286 
f 3286/1/3286 3283/1/3283 3284/1/3284 
f 3287/1/3287 3288/1/3288 3289/1/3289 
f 3289/1/3289 3290/1/3290 3287/1/3287 
f 3290/1/3290 2553/1/2553 2552/1/2552 
f 2552/1/2552 3287/1/3287 3290/1/3290 
f 3287/1/3287 2552/1/2552 2547/1/2547 
f 2547/1/2547 3279/1/3279 3287/1/3287 
f 3279/1/3279 3282/1/3282 3288/1/3288 
f 3288/1/3288 3287/1/3287 3279/1/3279 
f 3291/1/3291 3285/1/3285 3278/1/3278 
f 3278/1/3278 3292/1/3292 3291/1/3291 
f 3293/1/3293 3286/1/3286 3285/1/3285 
f 3285/1/3285 3291/1/3291 3293/1/3293 
f 3294/1/3294 3295/1/3295 42/1/42 
f 42/1/42 41/1/41 3294/1/3294 
f 41/1/41 40/1/40 3296/1/3296 
f 3296/1/3296 3294/1/3294 41/1/41 
f 3297/1/3297 3294/1/3294 3296/1/3296 
f 3296/1/3296 3298/1/3298 3297/1/3297 
f 3297/1/3297 3299/1/3299 3295/1/3295 
f 3295/1/3295 3294/1/3294 3297/1/3297 
f 3300/1/3300 2420/1/2420 3301/1/3301 
f 3301/1/3301 3302/1/3302 3300/1/3300 
f 3302/1/3302 3301/1/3301 3303/1/3303 
f 3303/1/3303 3304/1/3304 3302/1/3302 
f 3305/1/3305 3303/1/3303 3301/1/3301 
f 3301/1/3301 3306/1/3306 3305/1/3305 
f 3306/1/3306 3301/1/3301 2420/1/2420 
f 2420/1/2420 3307/1/3307 3306/1/3306 
f 3307/1/3307 3308/1/3308 3309/1/3309 
f 3309/1/3309 3306/1/3306 3307/1/3307 
f 3306/1/3306 3309/1/3309 3310/1/3310 
f 3310/1/3310 3305/1/3305 3306/1/3306 
f 3311/1/3311 3312/1/3312 3313/1/3313 
f 3304/1/3304 3303/1/3303 3312/1/3312 
f 3314/1/3314 3309/1/3309 3308/1/3308 
f 3308/1/3308 3315/1/3315 3314/1/3314 
f 3315/1/3315 3299/1/3299 3297/1/3297 
f 3297/1/3297 3314/1/3314 3315/1/3315 
f 3314/1/3314 3297/1/3297 3298/1/3298 
f 3298/1/3298 3316/1/3316 3314/1/3314 
f 3316/1/3316 3310/1/3310 3309/1/3309 
f 3309/1/3309 3314/1/3314 3316/1/3316 
f 3317/1/3317 3318/1/3318 64/1/64 
f 64/1/64 63/1/63 3317/1/3317 
f 63/1/63 42/1/42 3295/1/3295 
f 3295/1/3295 3317/1/3317 63/1/63 
f 3317/1/3317 3295/1/3295 3299/1/3299 
f 3299/1/3299 3319/1/3319 3317/1/3317 
f 3319/1/3319 3320/1/3320 3318/1/3318 
f 3318/1/3318 3317/1/3317 3319/1/3319 
f 3321/1/3321 3320/1/3320 3319/1/3319 
f 3322/1/3322 3319/1/3319 3299/1/3299 
f 3299/1/3299 3315/1/3315 3322/1/3322 
f 3315/1/3315 3308/1/3308 3323/1/3323 
f 3323/1/3323 3322/1/3322 3315/1/3315 
f 3322/1/3322 3323/1/3323 3324/1/3324 
f 3324/1/3324 3321/1/3321 3322/1/3322 
f 3325/1/3325 3323/1/3323 3308/1/3308 
f 3308/1/3308 3307/1/3307 3325/1/3325 
f 3307/1/3307 2420/1/2420 2419/1/2419 
f 2419/1/2419 3325/1/3325 3307/1/3307 
f 3325/1/3325 2419/1/2419 2418/1/2418 
f 2418/1/2418 3326/1/3326 3325/1/3325 
f 3326/1/3326 3324/1/3324 3323/1/3323 
f 3323/1/3323 3325/1/3325 3326/1/3326 
f 3327/1/3327 3328/1/3328 678/1/678 
f 678/1/678 677/1/677 3327/1/3327 
f 677/1/677 64/1/64 3318/1/3318 
f 3318/1/3318 3327/1/3327 677/1/677 
f 3327/1/3327 3318/1/3318 3320/1/3320 
f 3320/1/3320 3329/1/3329 3327/1/3327 
f 3327/1/3327 3329/1/3329 3330/1/3330 
f 3330/1/3330 3328/1/3328 3327/1/3327 
f 3331/1/3331 3330/1/3330 3329/1/3329 
f 3329/1/3329 3332/1/3332 3331/1/3331 
f 3332/1/3332 3329/1/3329 3320/1/3320 
f 3321/1/3321 3324/1/3324 3333/1/3333 
f 3333/1/3333 3332/1/3332 3321/1/3321 
f 3332/1/3332 3333/1/3333 3334/1/3334 
f 3334/1/3334 3331/1/3331 3332/1/3332 
f 3335/1/3335 3336/1/3336 3337/1/3337 
f 3337/1/3337 3338/1/3338 3335/1/3335 
f 683/1/683 3335/1/3335 3338/1/3338 
f 3338/1/3338 684/1/684 683/1/683 
f 683/1/683 678/1/678 3328/1/3328 
f 3328/1/3328 3330/1/3330 3336/1/3336 
f 3336/1/3336 3335/1/3335 3328/1/3328 
f 3339/1/3339 3333/1/3333 3324/1/3324 
f 3324/1/3324 3326/1/3326 3339/1/3339 
f 3326/1/3326 2418/1/2418 2423/1/2423 
f 2423/1/2423 3339/1/3339 3326/1/3326 
f 3339/1/3339 2423/1/2423 2425/1/2425 
f 2425/1/2425 3340/1/3340 3339/1/3339 
f 3340/1/3340 3334/1/3334 3333/1/3333 
f 3333/1/3333 3339/1/3339 3340/1/3340 
f 3341/1/3341 2425/1/2425 2424/1/2424 
f 3342/1/3342 3343/1/3343 3341/1/3341 
f 3344/1/3344 3167/1/3167 3166/1/3166 
f 3166/1/3166 3345/1/3345 3344/1/3344 
f 3345/1/3345 3166/1/3166 3156/1/3156 
f 3156/1/3156 3155/1/3155 3345/1/3345 
f 3155/1/3155 3160/1/3160 3346/1/3346 
f 3346/1/3346 3345/1/3345 3155/1/3155 
f 3345/1/3345 3346/1/3346 3347/1/3347 
f 3347/1/3347 3344/1/3344 3345/1/3345 
f 3348/1/3348 3349/1/3349 3350/1/3350 
f 3350/1/3350 3351/1/3351 3348/1/3348 
f 3348/1/3348 3351/1/3351 3334/1/3334 
f 3334/1/3334 3340/1/3340 3348/1/3348 
f 3340/1/3340 2425/1/2425 3341/1/3341 
f 3341/1/3341 3348/1/3348 3340/1/3340 
f 3348/1/3348 3341/1/3341 3343/1/3343 
f 3352/1/3352 3353/1/3353 3354/1/3354 
f 3354/1/3354 3355/1/3355 3352/1/3352 
f 2427/1/2427 3352/1/3352 3355/1/3355 
f 3355/1/3355 2428/1/2428 2427/1/2427 
f 3352/1/3352 2427/1/2427 684/1/684 
f 684/1/684 3338/1/3338 3352/1/3352 
f 3338/1/3338 3337/1/3337 3353/1/3353 
f 3353/1/3353 3352/1/3352 3338/1/3338 
f 3356/1/3356 3351/1/3351 3350/1/3350 
f 3350/1/3350 3357/1/3357 3356/1/3356 
f 3357/1/3357 3337/1/3337 3336/1/3336 
f 3336/1/3336 3356/1/3356 3357/1/3357 
f 3356/1/3356 3336/1/3336 3330/1/3330 
f 3330/1/3330 3331/1/3331 3356/1/3356 
f 3331/1/3331 3334/1/3334 3351/1/3351 
f 3351/1/3351 3356/1/3356 3331/1/3331 
f 3358/1/3358 3354/1/3354 3353/1/3353 
f 3353/1/3353 3359/1/3359 3358/1/3358 
f 3359/1/3359 3353/1/3353 3337/1/3337 
f 3337/1/3337 3357/1/3357 3359/1/3359 
f 3357/1/3357 3350/1/3350 3360/1/3360 
f 3360/1/3360 3359/1/3359 3357/1/3357 
f 3360/1/3360 3361/1/3361 3358/1/3358 
f 3358/1/3358 3359/1/3359 3360/1/3360 
f 3360/1/3360 3350/1/3350 3349/1/3349 
f 3349/1/3349 3362/1/3362 3360/1/3360 
f 3349/1/3349 3343/1/3343 3363/1/3363 
f 3362/1/3362 3364/1/3364 3361/1/3361 
f 3361/1/3361 3360/1/3360 3362/1/3362 
f 3365/1/3365 3366/1/3366 3367/1/3367 
f 3367/1/3367 3368/1/3368 3365/1/3365 
f 3368/1/3368 3354/1/3354 3358/1/3358 
f 3358/1/3358 3365/1/3365 3368/1/3368 
f 3365/1/3365 3358/1/3358 3361/1/3361 
f 3361/1/3361 3369/1/3369 3365/1/3365 
f 3369/1/3369 3370/1/3370 3366/1/3366 
f 3366/1/3366 3365/1/3365 3369/1/3369 
f 3371/1/3371 3369/1/3369 3361/1/3361 
f 3361/1/3361 3364/1/3364 3371/1/3371 
f 3372/1/3372 3370/1/3370 3369/1/3369 
f 3369/1/3369 3371/1/3371 3372/1/3372 
f 3373/1/3373 3374/1/3374 3160/1/3160 
f 3159/1/3159 2428/1/2428 3355/1/3355 
f 3355/1/3355 3373/1/3373 3159/1/3159 
f 3373/1/3373 3355/1/3355 3354/1/3354 
f 3354/1/3354 3368/1/3368 3373/1/3373 
f 3368/1/3368 3367/1/3367 3374/1/3374 
f 3374/1/3374 3373/1/3373 3368/1/3368 
f 3375/1/3375 3376/1/3376 3377/1/3377 
f 3377/1/3377 3378/1/3378 3375/1/3375 
f 3378/1/3378 3347/1/3347 3346/1/3346 
f 3346/1/3346 3375/1/3375 3378/1/3378 
f 3375/1/3375 3346/1/3346 3160/1/3160 
f 3160/1/3160 3374/1/3374 3375/1/3375 
f 3374/1/3374 3367/1/3367 3376/1/3376 
f 3379/1/3379 3366/1/3366 3370/1/3370 
f 3370/1/3370 3380/1/3380 3379/1/3379 
f 3380/1/3380 3377/1/3377 3376/1/3376 
f 3376/1/3376 3379/1/3379 3380/1/3380 
f 3376/1/3376 3367/1/3367 3366/1/3366 
f 3366/1/3366 3379/1/3379 3376/1/3376 
f 3380/1/3380 3370/1/3370 3372/1/3372 
f 3372/1/3372 3381/1/3381 3380/1/3380 
f 3382/1/3382 2527/1/2527 2544/1/2544 
f 2544/1/2544 3383/1/3383 3382/1/3382 
f 2544/1/2544 34/1/34 3192/1/3192 
f 3192/1/3192 3383/1/3383 2544/1/2544 
f 3383/1/3383 3192/1/3192 3194/1/3194 
f 3194/1/3194 3384/1/3384 3383/1/3383 
f 3382/1/3382 3383/1/3383 3384/1/3384 
f 3384/1/3384 3385/1/3385 3382/1/3382 
f 3386/1/3386 3387/1/3387 3385/1/3385 
f 3385/1/3385 3384/1/3384 3386/1/3386 
f 3384/1/3384 3194/1/3194 3196/1/3196 
f 3196/1/3196 3386/1/3386 3384/1/3384 
f 3386/1/3386 3196/1/3196 3198/1/3198 
f 3198/1/3198 3388/1/3388 3386/1/3386 
f 3388/1/3388 3389/1/3389 3387/1/3387 
f 3387/1/3387 3386/1/3386 3388/1/3388 
f 3390/1/3390 3391/1/3391 3382/1/3382 
f 3382/1/3382 3385/1/3385 3390/1/3390 
f 3390/1/3390 3216/1/3216 3215/1/3215 
f 3215/1/3215 3391/1/3391 3390/1/3390 
f 3215/1/3215 2531/1/2531 2528/1/2528 
f 2528/1/2528 3391/1/3391 3215/1/3215 
f 3391/1/3391 2528/1/2528 2527/1/2527 
f 2527/1/2527 3382/1/3382 3391/1/3391 
f 3388/1/3388 3198/1/3198 3200/1/3200 
f 3200/1/3200 3392/1/3392 3388/1/3388 
f 3392/1/3392 3393/1/3393 3389/1/3389 
f 3389/1/3389 3388/1/3388 3392/1/3392 
f 3394/1/3394 3395/1/3395 3396/1/3396 
f 3396/1/3396 3397/1/3397 3394/1/3394 
f 3398/1/3398 3396/1/3396 3395/1/3395 
f 3395/1/3395 3399/1/3399 3398/1/3398 
f 3399/1/3399 3389/1/3389 3393/1/3393 
f 3393/1/3393 3398/1/3398 3399/1/3399 
f 3400/1/3400 3401/1/3401 3298/1/3298 
f 3298/1/3298 3296/1/3296 3400/1/3400 
f 3296/1/3296 40/1/40 2521/1/2521 
f 2521/1/2521 3400/1/3400 3296/1/3296 
f 3400/1/3400 2521/1/2521 2520/1/2520 
f 2520/1/2520 3402/1/3402 3400/1/3400 
f 3402/1/3402 3403/1/3403 3401/1/3401 
f 3401/1/3401 3400/1/3400 3402/1/3402 
f 3394/1/3394 3209/1/3209 3208/1/3208 
f 3208/1/3208 3404/1/3404 3394/1/3394 
f 3404/1/3404 3208/1/3208 3203/1/3203 
f 3203/1/3203 3213/1/3213 3404/1/3404 
f 3213/1/3213 3216/1/3216 3405/1/3405 
f 3405/1/3405 3404/1/3404 3213/1/3213 
f 3404/1/3404 3405/1/3405 3395/1/3395 
f 3395/1/3395 3394/1/3394 3404/1/3404 
f 3399/1/3399 3395/1/3395 3405/1/3405 
f 3405/1/3405 3406/1/3406 3399/1/3399 
f 3406/1/3406 3405/1/3405 3216/1/3216 
f 3216/1/3216 3390/1/3390 3406/1/3406 
f 3390/1/3390 3385/1/3385 3387/1/3387 
f 3387/1/3387 3406/1/3406 3390/1/3390 
f 3406/1/3406 3387/1/3387 3389/1/3389 
f 3389/1/3389 3399/1/3399 3406/1/3406 
f 3402/1/3402 2520/1/2520 2559/1/2559 
f 2559/1/2559 3407/1/3407 3402/1/3402 
f 3407/1/3407 2559/1/2559 2553/1/2553 
f 2553/1/2553 3290/1/3290 3407/1/3407 
f 3290/1/3290 3289/1/3289 3408/1/3408 
f 3408/1/3408 3407/1/3407 3290/1/3290 
f 3407/1/3407 3408/1/3408 3403/1/3403 
f 3403/1/3403 3402/1/3402 3407/1/3407 
f 3409/1/3409 3410/1/3410 3411/1/3411 
f 3411/1/3411 3412/1/3412 3409/1/3409 
f 3412/1/3412 3411/1/3411 3310/1/3310 
f 3310/1/3310 3316/1/3316 3412/1/3412 
f 3316/1/3316 3298/1/3298 3401/1/3401 
f 3401/1/3401 3412/1/3412 3316/1/3316 
f 3412/1/3412 3401/1/3401 3403/1/3403 
f 3403/1/3403 3409/1/3409 3412/1/3412 
f 3413/1/3413 3411/1/3411 3410/1/3410 
f 3410/1/3410 3414/1/3414 3413/1/3413 
f 3414/1/3414 3313/1/3313 3312/1/3312 
f 3312/1/3312 3413/1/3413 3414/1/3414 
f 3413/1/3413 3312/1/3312 3303/1/3303 
f 3303/1/3303 3305/1/3305 3413/1/3413 
f 3305/1/3305 3310/1/3310 3411/1/3411 
f 3411/1/3411 3413/1/3413 3305/1/3305 
f 3415/1/3415 3416/1/3416 3417/1/3417 
f 3418/1/3418 3417/1/3417 3313/1/3313 
f 3313/1/3313 3414/1/3414 3418/1/3418 
f 3414/1/3414 3410/1/3410 3419/1/3419 
f 3419/1/3419 3418/1/3418 3414/1/3414 
f 3418/1/3418 3419/1/3419 3420/1/3420 
f 3420/1/3420 3415/1/3415 3418/1/3418 
f 3415/1/3415 3420/1/3420 3421/1/3421 
f 3421/1/3421 3422/1/3422 3415/1/3415 
f 3422/1/3422 3421/1/3421 3286/1/3286 
f 3286/1/3286 3293/1/3293 3422/1/3422 
f 3293/1/3293 3423/1/3423 3424/1/3424 
f 3424/1/3424 3422/1/3422 3293/1/3293 
f 3422/1/3422 3424/1/3424 3416/1/3416 
f 3425/1/3425 3419/1/3419 3410/1/3410 
f 3410/1/3410 3409/1/3409 3425/1/3425 
f 3409/1/3409 3403/1/3403 3408/1/3408 
f 3408/1/3408 3425/1/3425 3409/1/3409 
f 3425/1/3425 3408/1/3408 3289/1/3289 
f 3289/1/3289 3426/1/3426 3425/1/3425 
f 3426/1/3426 3420/1/3420 3419/1/3419 
f 3419/1/3419 3425/1/3425 3426/1/3426 
f 3427/1/3427 3421/1/3421 3420/1/3420 
f 3420/1/3420 3426/1/3426 3427/1/3427 
f 3426/1/3426 3289/1/3289 3288/1/3288 
f 3288/1/3288 3427/1/3427 3426/1/3426 
f 3427/1/3427 3288/1/3288 3282/1/3282 
f 3282/1/3282 3283/1/3283 3427/1/3427 
f 3283/1/3283 3286/1/3286 3421/1/3421 
f 3421/1/3421 3427/1/3427 3283/1/3283 
f 20/1/20 21/1/21 16/1/16 
f 85/1/85 80/1/80 83/1/83 
f 84/1/84 91/1/91 90/1/90 
f 19/1/19 94/1/94 97/1/97 
f 76/1/76 101/1/101 102/1/102 
f 81/1/81 102/1/102 105/1/105 
f 121/1/121 122/1/122 119/1/119 
f 127/1/127 128/1/128 125/1/125 
f 136/1/136 134/1/134 133/1/133 
f 137/1/137 138/1/138 134/1/134 
f 136/1/136 175/1/175 180/1/180 
f 213/1/213 1820/1/1820 211/1/211 
f 211/1/211 1820/1/1820 214/1/214 
f 212/1/212 211/1/211 217/1/217 
f 183/1/183 182/1/182 266/1/266 
f 267/1/267 266/1/266 182/1/182 
f 295/1/295 296/1/296 293/1/293 
f 315/1/315 313/1/313 215/1/215 
f 268/1/268 326/1/326 325/1/325 
f 363/1/363 362/1/362 366/1/366 
f 347/1/347 370/1/370 368/1/368 
f 383/1/383 386/1/386 387/1/387 
f 400/1/400 399/1/399 402/1/402 
f 389/1/389 410/1/410 387/1/387 
f 423/1/423 424/1/424 421/1/421 
f 449/1/449 450/1/450 447/1/447 
f 428/1/428 427/1/427 452/1/452 
f 473/1/473 476/1/476 477/1/477 
f 482/1/482 483/1/483 478/1/478 
f 488/1/488 496/1/496 490/1/490 
f 509/1/509 510/1/510 487/1/487 
f 481/1/481 510/1/510 509/1/509 
f 480/1/480 496/1/496 510/1/510 
f 487/1/487 510/1/510 496/1/496 
f 517/1/517 518/1/518 515/1/515 
f 520/1/520 515/1/515 518/1/518 
f 519/1/519 524/1/524 523/1/523 
f 524/1/524 526/1/526 453/1/453 
f 422/1/422 529/1/529 485/1/485 
f 533/1/533 538/1/538 537/1/537 
f 549/1/549 544/1/544 543/1/543 
f 559/1/559 560/1/560 553/1/553 
f 554/1/554 553/1/553 560/1/560 
f 518/1/518 573/1/573 576/1/576 
f 581/1/581 582/1/582 579/1/579 
f 525/1/525 579/1/579 582/1/582 
f 580/1/580 579/1/579 576/1/576 
f 580/1/580 584/1/584 583/1/583 
f 581/1/581 588/1/588 587/1/587 
f 582/1/582 587/1/587 532/1/532 
f 547/1/547 588/1/588 589/1/589 
f 592/1/592 589/1/589 590/1/590 
f 548/1/548 589/1/589 592/1/592 
f 600/1/600 597/1/597 598/1/598 
f 608/1/608 607/1/607 614/1/614 
f 599/1/599 616/1/616 615/1/615 
f 569/1/569 568/1/568 615/1/615 
f 606/1/606 622/1/622 616/1/616 
f 619/1/619 629/1/629 628/1/628 
f 627/1/627 628/1/628 604/1/604 
f 624/1/624 629/1/629 630/1/630 
f 618/1/618 630/1/630 629/1/629 
f 611/1/611 610/1/610 630/1/630 
f 625/1/625 630/1/630 610/1/610 
f 655/1/655 656/1/656 654/1/654 
f 185/1/185 654/1/654 656/1/656 
f 268/1/268 662/1/662 661/1/661 
f 663/1/663 662/1/662 665/1/665 
f 267/1/267 665/1/665 662/1/662 
f 186/1/186 656/1/656 665/1/665 
f 666/1/666 665/1/665 656/1/656 
f 673/1/673 681/1/681 689/1/689 
f 752/1/752 751/1/751 758/1/758 
f 798/1/798 801/1/801 483/1/483 
f 474/1/474 477/1/477 801/1/801 
f 483/1/483 801/1/801 477/1/477 
f 474/1/474 800/1/800 807/1/807 
f 812/1/812 813/1/813 810/1/810 
f 815/1/815 810/1/810 813/1/813 
f 816/1/816 817/1/817 810/1/810 
f 811/1/811 810/1/810 817/1/817 
f 821/1/821 818/1/818 819/1/819 
f 879/1/879 882/1/882 783/1/783 
f 883/1/883 881/1/881 887/1/887 
f 880/1/880 889/1/889 887/1/887 
f 858/1/858 895/1/895 894/1/894 
f 891/1/891 894/1/894 895/1/895 
f 862/1/862 861/1/861 894/1/894 
f 895/1/895 896/1/896 897/1/897 
f 897/1/897 901/1/901 900/1/900 
f 903/1/903 898/1/898 901/1/901 
f 908/1/908 909/1/909 904/1/904 
f 900/1/900 904/1/904 909/1/909 
f 926/1/926 925/1/925 932/1/932 
f 935/1/935 936/1/936 929/1/929 
f 936/1/936 937/1/937 416/1/416 
f 416/1/416 937/1/937 938/1/938 
f 360/1/360 944/1/944 943/1/943 
f 871/1/871 870/1/870 946/1/946 
f 968/1/968 969/1/969 967/1/967 
f 899/1/899 959/1/959 969/1/969 
f 967/1/967 969/1/969 959/1/959 
f 974/1/974 964/1/964 555/1/555 
f 545/1/545 966/1/966 975/1/975 
f 973/1/973 975/1/975 966/1/966 
f 954/1/954 991/1/991 990/1/990 
f 993/1/993 990/1/990 991/1/991 
f 992/1/992 991/1/991 994/1/994 
f 962/1/962 994/1/994 991/1/991 
f 948/1/948 947/1/947 994/1/994 
f 995/1/995 994/1/994 947/1/947 
f 993/1/993 996/1/996 1001/1/1001 
f 218/1/218 1054/1/1054 1053/1/1053 
f 1056/1/1056 1053/1/1053 1054/1/1054 
f 212/1/212 1053/1/1053 1058/1/1058 
f 1086/1/1086 1084/1/1084 1083/1/1083 
f 1094/1/1094 1089/1/1089 1092/1/1092 
f 1095/1/1095 1096/1/1096 1089/1/1089 
f 1090/1/1090 1089/1/1089 1096/1/1096 
f 1126/1/1126 1127/1/1127 1122/1/1122 
f 1130/1/1130 1133/1/1133 1128/1/1128 
f 1134/1/1134 1135/1/1135 1133/1/1133 
f 1124/1/1124 1138/1/1138 1137/1/1137 
f 1141/1/1141 1142/1/1142 1137/1/1137 
f 1139/1/1139 1144/1/1144 1143/1/1143 
f 1131/1/1131 1130/1/1130 1143/1/1143 
f 1140/1/1140 1143/1/1143 1145/1/1145 
f 883/1/883 1147/1/1147 1146/1/1146 
f 1150/1/1150 1151/1/1151 1149/1/1149 
f 1154/1/1154 1155/1/1155 1152/1/1152 
f 1138/1/1138 1152/1/1152 1155/1/1155 
f 1150/1/1150 1152/1/1152 1138/1/1138 
f 1148/1/1148 1153/1/1153 1152/1/1152 
f 1157/1/1157 1156/1/1156 1155/1/1155 
f 1144/1/1144 1156/1/1156 1159/1/1159 
f 1165/1/1165 1164/1/1164 1163/1/1163 
f 574/1/574 1166/1/1166 585/1/585 
f 1175/1/1175 1176/1/1176 1174/1/1174 
f 1180/1/1180 1181/1/1181 1182/1/1182 
f 1182/1/1182 1183/1/1183 1169/1/1169 
f 621/1/621 1183/1/1183 1182/1/1182 
f 1154/1/1154 1173/1/1173 1184/1/1184 
f 1177/1/1177 1185/1/1185 1184/1/1184 
f 1157/1/1157 1184/1/1184 1185/1/1185 
f 1193/1/1193 1195/1/1195 1200/1/1200 
f 1237/1/1237 1240/1/1240 1239/1/1239 
f 1244/1/1244 1241/1/1241 1242/1/1242 
f 1241/1/1241 1244/1/1244 1229/1/1229 
f 1247/1/1247 1248/1/1248 1245/1/1245 
f 1243/1/1243 1242/1/1242 1245/1/1245 
f 1246/1/1246 1245/1/1245 1242/1/1242 
f 1243/1/1243 1252/1/1252 1251/1/1251 
f 1258/1/1258 1260/1/1260 1253/1/1253 
f 1259/1/1259 1258/1/1258 1257/1/1257 
f 1240/1/1240 1258/1/1258 1259/1/1259 
f 1260/1/1260 1258/1/1258 1240/1/1240 
f 1262/1/1262 1261/1/1261 1259/1/1259 
f 1086/1/1086 1261/1/1261 845/1/845 
f 1255/1/1255 1254/1/1254 1266/1/1266 
f 1267/1/1267 1266/1/1266 1236/1/1236 
f 1247/1/1247 1275/1/1275 1274/1/1274 
f 1246/1/1246 1278/1/1278 1275/1/1275 
f 1283/1/1283 1277/1/1277 1276/1/1276 
f 1298/1/1298 1299/1/1299 1297/1/1297 
f 1302/1/1302 1303/1/1303 1293/1/1293 
f 1298/1/1298 1301/1/1301 1312/1/1312 
f 1315/1/1315 1316/1/1316 1299/1/1299 
f 1319/1/1319 1318/1/1318 1305/1/1305 
f 1336/1/1336 1344/1/1344 1343/1/1343 
f 1354/1/1354 1350/1/1350 1349/1/1349 
f 1375/1/1375 1370/1/1370 1373/1/1373 
f 1371/1/1371 1370/1/1370 1359/1/1359 
f 1131/1/1131 1159/1/1159 1388/1/1388 
f 1134/1/1134 1391/1/1391 1393/1/1393 
f 1398/1/1398 1397/1/1397 1185/1/1185 
f 1389/1/1389 1397/1/1397 1400/1/1400 
f 1403/1/1403 1404/1/1404 1401/1/1401 
f 1390/1/1390 1400/1/1400 1401/1/1401 
f 1406/1/1406 1408/1/1408 1383/1/1383 
f 1406/1/1406 1405/1/1405 1399/1/1399 
f 1408/1/1408 1406/1/1406 577/1/577 
f 1402/1/1402 1410/1/1410 1409/1/1409 
f 1383/1/1383 1382/1/1382 1410/1/1410 
f 1381/1/1381 1395/1/1395 1412/1/1412 
f 1404/1/1404 1414/1/1414 1392/1/1392 
f 1377/1/1377 1414/1/1414 1413/1/1413 
f 1367/1/1367 1392/1/1392 1414/1/1414 
f 1416/1/1416 1415/1/1415 1386/1/1386 
f 1355/1/1355 1363/1/1363 1420/1/1420 
f 1421/1/1421 1419/1/1419 1423/1/1423 
f 1429/1/1429 1432/1/1432 1357/1/1357 
f 1467/1/1467 1464/1/1464 1465/1/1465 
f 1468/1/1468 1469/1/1469 1464/1/1464 
f 1466/1/1466 1465/1/1465 1472/1/1472 
f 1472/1/1472 1474/1/1474 1475/1/1475 
f 1385/1/1385 1493/1/1493 1492/1/1492 
f 1490/1/1490 1492/1/1492 1493/1/1493 
f 1416/1/1416 1492/1/1492 1481/1/1481 
f 1505/1/1505 1506/1/1506 1503/1/1503 
f 1498/1/1498 1526/1/1526 1525/1/1525 
f 1518/1/1518 1525/1/1525 1526/1/1526 
f 1564/1/1564 1567/1/1567 1563/1/1563 
f 823/1/823 1567/1/1567 1566/1/1566 
f 816/1/816 1566/1/1566 1568/1/1568 
f 1569/1/1569 1568/1/1568 1566/1/1566 
f 1560/1/1560 1572/1/1572 1570/1/1570 
f 1408/1/1408 1570/1/1570 1572/1/1572 
f 517/1/517 516/1/516 1570/1/1570 
f 1571/1/1571 1570/1/1570 516/1/516 
f 1572/1/1572 1573/1/1573 1384/1/1384 
f 1577/1/1577 1574/1/1574 1575/1/1575 
f 507/1/507 1574/1/1574 1577/1/1577 
f 1553/1/1553 1561/1/1561 1578/1/1578 
f 1579/1/1579 1578/1/1578 1561/1/1561 
f 1549/1/1549 1578/1/1578 1581/1/1581 
f 492/1/492 503/1/503 1585/1/1585 
f 1577/1/1577 1585/1/1585 503/1/503 
f 493/1/493 1585/1/1585 1583/1/1583 
f 1565/1/1565 1588/1/1588 1587/1/1587 
f 1579/1/1579 1589/1/1589 1586/1/1586 
f 820/1/820 1592/1/1592 1591/1/1591 
f 1563/1/1563 1591/1/1591 1594/1/1594 
f 1600/1/1600 1598/1/1598 1597/1/1597 
f 830/1/830 1471/1/1471 1598/1/1598 
f 1604/1/1604 1601/1/1601 1602/1/1602 
f 1599/1/1599 1601/1/1601 1605/1/1605 
f 1593/1/1593 1592/1/1592 1605/1/1605 
f 1610/1/1610 1611/1/1611 1608/1/1608 
f 1610/1/1610 1609/1/1609 1596/1/1596 
f 1468/1/1468 1476/1/1476 1610/1/1610 
f 1674/1/1674 1673/1/1673 1676/1/1676 
f 1681/1/1681 1682/1/1682 1679/1/1679 
f 1694/1/1694 1691/1/1691 1692/1/1692 
f 1706/1/1706 1703/1/1703 1704/1/1704 
f 1705/1/1705 1711/1/1711 1707/1/1707 
f 1718/1/1718 1715/1/1715 1716/1/1716 
f 1221/1/1221 1715/1/1715 1718/1/1718 
f 1514/1/1514 1513/1/1513 1725/1/1725 
f 1720/1/1720 1727/1/1727 1725/1/1725 
f 1717/1/1717 1716/1/1716 1741/1/1741 
f 1771/1/1771 1780/1/1780 1779/1/1779 
f 129/1/129 128/1/128 1779/1/1779 
f 1768/1/1768 1784/1/1784 1783/1/1783 
f 1786/1/1786 1783/1/1783 1784/1/1784 
f 1799/1/1799 1796/1/1796 1797/1/1797 
f 1798/1/1798 1811/1/1811 1810/1/1810 
f 1799/1/1799 1810/1/1810 1058/1/1058 
f 1816/1/1816 1817/1/1817 1814/1/1814 
f 1812/1/1812 1819/1/1819 1818/1/1818 
f 1826/1/1826 1825/1/1825 1104/1/1104 
f 1730/1/1730 1858/1/1858 1861/1/1861 
f 1860/1/1860 1859/1/1859 1862/1/1862 
f 1863/1/1863 1862/1/1862 1726/1/1726 
f 1911/1/1911 1912/1/1912 1909/1/1909 
f 1910/1/1910 1909/1/1909 1916/1/1916 
f 1920/1/1920 1918/1/1918 1912/1/1912 
f 1919/1/1919 1918/1/1918 1742/1/1742 
f 1121/1/1121 1924/1/1924 1926/1/1926 
f 1684/1/1684 1683/1/1683 1926/1/1926 
f 1936/1/1936 1934/1/1934 1931/1/1931 
f 1937/1/1937 1940/1/1940 1916/1/1916 
f 1917/1/1917 1916/1/1916 1940/1/1940 
f 1939/1/1939 1945/1/1945 1943/1/1943 
f 1953/1/1953 1952/1/1952 1871/1/1871 
f 1957/1/1957 1958/1/1958 1955/1/1955 
f 1960/1/1960 1955/1/1955 1958/1/1958 
f 1987/1/1987 1988/1/1988 1985/1/1985 
f 1990/1/1990 1985/1/1985 1988/1/1988 
f 1677/1/1677 1682/1/1682 1985/1/1985 
f 2029/1/2029 2030/1/2030 2027/1/2027 
f 1951/1/1951 2032/1/2032 2035/1/2035 
f 1990/1/1990 2058/1/2058 1678/1/1678 
f 1984/1/1984 1983/1/1983 2058/1/2058 
f 1845/1/1845 2064/1/2064 2063/1/2063 
f 1908/1/1908 2107/1/2107 2108/1/2108 
f 2109/1/2109 2108/1/2108 2012/1/2012 
f 2111/1/2111 2110/1/2110 2106/1/2106 
f 2126/1/2126 2121/1/2121 2124/1/2124 
f 1105/1/1105 1830/1/1830 2121/1/2121 
f 2125/1/2125 2128/1/2128 2127/1/2127 
f 2135/1/2135 2134/1/2134 2124/1/2124 
f 2141/1/2141 2136/1/2136 2139/1/2139 
f 1338/1/1338 1348/1/1348 2136/1/2136 
f 2143/1/2143 2142/1/2142 2141/1/2141 
f 1447/1/1447 2151/1/2151 2154/1/2154 
f 1959/1/1959 2161/1/2161 2159/1/2159 
f 1972/1/1972 2181/1/2181 2184/1/2184 
f 1875/1/1875 2190/1/2190 2191/1/2191 
f 1953/1/1953 2198/1/2198 2036/1/2036 
f 2205/1/2205 2204/1/2204 1883/1/1883 
f 2208/1/2208 2209/1/2209 1922/1/1922 
f 1922/1/1922 2209/1/2209 2001/1/2001 
f 2211/1/2211 2210/1/2210 2207/1/2207 
f 2037/1/2037 2200/1/2200 2215/1/2215 
f 1882/1/1882 1888/1/1888 2216/1/2216 
f 1942/1/1942 2150/1/2150 2217/1/2217 
f 1917/1/1917 2220/1/2220 2221/1/2221 
f 2222/1/2222 2221/1/2221 2220/1/2220 
f 2222/1/2222 2223/1/2223 2130/1/2130 
f 1785/1/1785 2227/1/2227 2226/1/2226 
f 2043/1/2043 2228/1/2228 2226/1/2226 
f 2111/1/2111 2243/1/2243 1797/1/1797 
f 1701/1/1701 1817/1/1817 2246/1/2246 
f 309/1/309 2062/1/2062 2247/1/2247 
f 2067/1/2067 2066/1/2066 2247/1/2247 
f 314/1/314 2247/1/2247 2066/1/2066 
f 1844/1/1844 2249/1/2249 2064/1/2064 
f 2123/1/2123 2251/1/2251 2250/1/2250 
f 2256/1/2256 2253/1/2253 2254/1/2254 
f 832/1/832 831/1/831 2253/1/2253 
f 2273/1/2273 2274/1/2274 2272/1/2272 
f 819/1/819 2274/1/2274 2273/1/2273 
f 2267/1/2267 2272/1/2272 2274/1/2274 
f 2273/1/2273 2275/1/2275 1606/1/1606 
f 1606/1/1606 2275/1/2275 2254/1/2254 
f 1488/1/1488 1562/1/1562 2285/1/2285 
f 1552/1/1552 2285/1/2285 1562/1/1562 
f 2286/1/2286 2289/1/2289 1540/1/1540 
f 2288/1/2288 2289/1/2289 2286/1/2286 
f 2342/1/2342 2347/1/2347 2344/1/2344 
f 2345/1/2345 2352/1/2352 2351/1/2351 
f 2356/1/2356 2355/1/2355 2350/1/2350 
f 2413/1/2413 1478/1/1478 1466/1/1466 
f 1608/1/1608 1611/1/1611 2415/1/2415 
f 1479/1/1479 2408/1/2408 2415/1/2415 
f 2428/1/2428 2429/1/2429 2426/1/2426 
f 2434/1/2434 2435/1/2435 2432/1/2432 
f 2443/1/2443 2442/1/2442 138/1/138 
f 2450/1/2450 2453/1/2453 2452/1/2452 
f 159/1/159 2568/1/2568 2570/1/2570 
f 2573/1/2573 2574/1/2574 2571/1/2571 
f 2572/1/2572 2581/1/2581 2580/1/2580 
f 2639/1/2639 2636/1/2636 2637/1/2637 
f 2638/1/2638 2644/1/2644 2640/1/2640 
f 2645/1/2645 2652/1/2652 2651/1/2651 
f 137/1/137 180/1/180 2659/1/2659 
f 2657/1/2657 2664/1/2664 2670/1/2670 
f 2662/1/2662 2677/1/2677 2667/1/2667 
f 2434/1/2434 2441/1/2441 2677/1/2677 
f 2668/1/2668 2678/1/2678 2684/1/2684 
f 2683/1/2683 2684/1/2684 2678/1/2678 
f 1850/1/1850 2686/1/2686 2682/1/2682 
f 2703/1/2703 2702/1/2702 1321/1/1321 
f 2715/1/2715 2716/1/2716 1457/1/1457 
f 1866/1/1866 2718/1/2718 2717/1/2717 
f 2736/1/2736 2735/1/2735 2499/1/2499 
f 2747/1/2747 2746/1/2746 2738/1/2738 
f 1117/1/1117 1116/1/1116 2758/1/2758 
f 2762/1/2762 2770/1/2770 2771/1/2771 
f 2796/1/2796 2795/1/2795 2453/1/2453 
f 2802/1/2802 2803/1/2803 2644/1/2644 
f 2814/1/2814 2819/1/2819 2820/1/2820 
f 1229/1/1229 1256/1/1256 2822/1/2822 
f 2825/1/2825 2822/1/2822 2823/1/2823 
f 2498/1/2498 2503/1/2503 2826/1/2826 
f 1235/1/1235 2779/1/2779 2831/1/2831 
f 2832/1/2832 2831/1/2831 2779/1/2779 
f 2778/1/2778 2780/1/2780 2833/1/2833 
f 1453/1/1453 2888/1/2888 1474/1/1474 
f 2716/1/2716 2899/1/2899 2889/1/2889 
f 2701/1/2701 2700/1/2700 2907/1/2907 
f 2469/1/2469 2907/1/2907 2700/1/2700 
f 2912/1/2912 2911/1/2911 2914/1/2914 
f 1539/1/1539 2926/1/2926 2922/1/2922 
f 2929/1/2929 2928/1/2928 2405/1/2405 
f 2944/1/2944 2943/1/2943 2942/1/2942 
f 2927/1/2927 2926/1/2926 2943/1/2943 
f 1538/1/1538 2943/1/2943 2926/1/2926 
f 2487/1/2487 2946/1/2946 2947/1/2947 
f 2909/1/2909 2959/1/2959 2961/1/2961 
f 2580/1/2580 3007/1/3007 3006/1/3006 
f 3009/1/3009 3008/1/3008 2465/1/2465 
f 3010/1/3010 3009/1/3009 3021/1/3021 
f 1431/1/1431 1436/1/1436 3035/1/3035 
f 2882/1/2882 3035/1/3035 1436/1/1436 
f 1352/1/1352 1351/1/1351 3037/1/3037 
f 2349/1/2349 3054/1/3054 3053/1/3053 
f 3056/1/3056 3053/1/3053 3054/1/3054 
f 3084/1/3084 3087/1/3087 2348/1/2348 
f 3083/1/3083 3088/1/3088 3087/1/3087 
f 3054/1/3054 3087/1/3087 3088/1/3088 
f 3093/1/3093 3089/1/3089 3058/1/3058 
f 3093/1/3093 3139/1/3139 3142/1/3142 
f 3055/1/3055 3088/1/3088 3139/1/3139 
f 3140/1/3140 3428/1/3428 3145/1/3145 
f 3086/1/3086 3428/1/3428 3140/1/3140 
f 3124/1/3124 3428/1/3428 3086/1/3086 
f 3145/1/3145 3428/1/3428 3124/1/3124 
f 3143/1/3143 3151/1/3151 3150/1/3150 
f 2428/1/2428 3159/1/3159 3158/1/3158 
f 3163/1/3163 3164/1/3164 3161/1/3161 
f 2/1/2 3161/1/3161 3164/1/3164 
f 23/1/23 22/1/22 3174/1/3174 
f 3163/1/3163 3170/1/3170 3175/1/3175 
f 3177/1/3177 3175/1/3175 3170/1/3170 
f 1785/1/1785 1784/1/1784 3243/1/3243 
f 3248/1/3248 3247/1/3247 3249/1/3249 
f 3250/1/3250 3249/1/3249 3251/1/3251 
f 3312/1/3312 3311/1/3311 3304/1/3304 
f 3319/1/3319 3322/1/3322 3321/1/3321 
f 3320/1/3320 3321/1/3321 3332/1/3332 
f 2424/1/2424 3429/1/3429 3341/1/3341 
f 3341/1/3341 3429/1/3429 3342/1/3342 
f 3343/1/3343 3349/1/3349 3348/1/3348 
f 3363/1/3363 3362/1/3362 3349/1/3349 
f 3160/1/3160 3159/1/3159 3373/1/3373 
f 3376/1/3376 3375/1/3375 3374/1/3374 
f 3417/1/3417 3418/1/3418 3415/1/3415 
f 3416/1/3416 3415/1/3415 3422/1/3422 
# 6786 faces

