# 3ds Max Wavefront OBJ Exporter v0.99 - (c)2007 guruware
# File Created: 19.10.2024 23:27:44

mtllib Helicoptero.mtl

#
# object Bone03_mesh
#

v  0.0084 0.3697 2.8667
v  0.1131 0.4329 3.0193
v  0.1131 0.3697 2.8667
v  0.0084 0.4329 3.0193
v  0.1131 0.3697 3.1718
v  0.0084 0.2172 2.8036
v  0.1131 0.2172 2.8036
v  0.0084 0.0647 2.8667
v  0.1131 0.0647 2.8667
v  0.0084 0.0015 3.0193
v  0.1131 0.0015 3.0193
v  0.0084 0.0647 3.1718
v  0.1131 0.0647 3.1718
v  0.0084 0.2172 3.2350
v  0.1131 0.2172 3.2350
v  0.0084 0.3697 3.1718
v  -0.5001 1.5882 -2.4453
v  -0.4662 1.9704 -2.4290
v  -0.3015 2.0922 -3.3114
v  -0.3734 2.1027 -3.0468
v  -0.3447 2.2298 -3.0468
v  -0.6242 2.1122 -2.3148
v  -0.5955 2.3950 -2.3148
v  -0.7180 2.1540 -1.4844
v  -0.7030 2.4935 -1.4942
v  -0.7528 2.3215 -0.6540
v  -0.7423 2.5622 -0.6531
v  -0.7020 2.3145 -0.2022
v  -0.7125 2.5902 0.0273
v  -0.5105 2.2030 -0.0749
v  -0.4464 2.4533 0.1115
v  -0.5105 2.1905 0.6144
v  -0.3921 2.3239 0.8826
v  -0.2769 2.1346 1.8195
v  0.0542 2.1710 1.8987
v  0.0542 1.9299 2.4670
v  -0.4549 2.0244 1.6651
v  -0.6095 2.0293 -0.5336
v  -0.7198 2.1433 -0.6034
v  -0.5680 1.9705 -1.4741
v  -0.5398 2.7777 -0.6317
v  -0.5237 2.7586 -0.0386
v  -0.4678 2.6716 -1.4962
v  -0.3936 2.5209 -2.3148
v  -0.2319 2.3325 -3.0854
v  -0.1875 2.2361 -3.3114
v  -0.1065 2.3370 -3.2378
v  -0.1746 2.5451 -2.3646
v  -0.1850 2.7223 -1.4876
v  -0.2057 2.8190 -0.4935
v  -0.3507 2.7837 0.0969
v  0.0542 2.8026 0.1599
v  0.0542 2.8442 -0.4823
v  0.0542 2.7373 -1.4846
v  0.0542 2.5429 -2.4290
v  0.0542 2.3514 -3.2378
v  -0.2763 1.6981 -3.3114
v  -0.4385 1.3765 -2.4453
v  -0.3393 1.8971 -3.3114
v  -0.5752 0.5945 -0.5459
v  -0.5937 0.9926 -1.4804
v  -0.4821 0.8981 -1.5051
v  -0.3532 1.2744 -2.4290
v  -0.1366 1.2370 -2.4290
v  -0.1338 1.6125 -3.3114
v  0.0540 1.2239 -2.4290
v  0.0542 1.5772 -3.3114
v  -0.7001 0.8390 -0.5650
v  -0.5961 0.5398 0.3765
v  -0.3545 0.4509 0.3765
v  -0.5937 0.5405 0.5372
v  -0.4747 0.4813 1.3110
v  -0.6043 0.5413 1.3115
v  -0.6024 0.5413 1.3855
v  -0.2678 0.4524 1.3117
v  0.0542 0.4393 1.3117
v  -0.2666 0.5455 -0.5459
v  0.0542 0.4332 0.3765
v  0.0540 0.5245 -0.5459
v  -0.7503 0.7213 0.5334
v  -0.6037 0.5430 0.5334
v  -0.7567 0.6799 1.3855
v  -0.6390 0.5587 1.3855
v  -0.6092 0.5616 2.2470
v  -0.4501 0.4931 2.2469
v  -0.2678 0.4619 2.2469
v  0.0542 0.4447 2.2469
v  0.0542 0.4704 2.9564
v  -0.2185 0.4739 2.9441
v  -0.4251 0.5060 2.9338
v  -0.5658 0.5633 2.8761
v  -0.7260 0.6752 2.2685
v  -0.6812 0.6615 2.8187
v  -0.7604 1.0477 2.2227
v  -0.3769 0.5914 3.6952
v  -0.4724 0.6406 3.6341
v  -0.6100 1.8995 1.3855
v  -0.7669 1.3787 1.3855
v  -0.6151 1.8788 1.5815
v  -0.7939 1.2752 1.3855
v  -0.1887 0.5414 3.5002
v  -0.1738 0.5751 3.7780
v  -0.3513 0.7207 3.9821
v  -0.5315 0.6975 3.5857
v  -0.7143 0.9409 2.7612
v  -0.6195 1.6828 2.2470
v  -0.5978 2.0113 0.5010
v  -0.5659 0.8559 3.5679
v  -0.6578 1.1419 2.7777
v  -0.4921 1.8805 2.3365
v  -0.2429 1.9224 2.4334
v  0.0542 0.5397 3.5148
v  0.0542 0.5751 3.7991
v  -0.1820 0.7305 4.0615
v  -0.3513 0.8304 3.9875
v  -0.5380 0.9768 3.5043
v  -0.5222 1.2159 3.0259
v  -0.3863 1.2475 3.1640
v  -0.1104 1.2648 3.2629
v  0.0542 1.2657 3.2796
v  0.0542 1.1625 3.5202
v  -0.1893 1.1574 3.5079
v  -0.3804 1.1245 3.4647
v  -0.5047 1.0549 3.4612
v  -0.3477 0.9806 3.7745
v  -0.1820 0.8304 4.0735
v  0.0542 0.7305 4.0903
v  -0.1445 1.0058 3.8400
v  0.0542 0.8304 4.1076
v  0.0542 1.0210 3.8611
v  0.7107 0.5413 1.3855
v  0.7474 0.5587 1.3855
v  0.7175 0.5616 2.2470
v  0.8650 0.6799 1.3855
v  0.8343 0.6752 2.2685
v  0.8687 1.0477 2.2227
v  0.7895 0.6615 2.8187
v  0.8227 0.9409 2.7612
v  0.6399 0.6975 3.5857
v  0.6742 0.8559 3.5679
v  0.4596 0.7207 3.9821
v  0.4596 0.8304 3.9875
v  0.2903 0.7305 4.0615
v  0.2903 0.8304 4.0735
v  0.9022 1.2752 1.3855
v  0.5807 0.6406 3.6341
v  0.6741 0.5633 2.8761
v  0.5335 0.5060 2.9338
v  0.4852 0.5914 3.6952
v  0.2821 0.5751 3.7780
v  0.2970 0.5414 3.5002
v  0.8752 1.3787 1.3855
v  0.7234 1.8788 1.5815
v  0.7278 1.6828 2.2470
v  0.7662 1.1419 2.7777
v  0.6463 0.9768 3.5043
v  0.4560 0.9806 3.7745
v  0.2529 1.0058 3.8400
v  0.7183 1.8995 1.3855
v  0.5633 2.0244 1.6651
v  0.6004 1.8805 2.3365
v  0.6305 1.2159 3.0259
v  0.6130 1.0549 3.4612
v  0.4887 1.1245 3.4647
v  0.2976 1.1574 3.5079
v  0.5547 2.4533 0.1115
v  0.5004 2.3239 0.8826
v  0.6188 2.1905 0.6144
v  0.3852 2.1346 1.8195
v  0.3513 1.9224 2.4334
v  0.4946 1.2475 3.1640
v  0.2187 1.2648 3.2629
v  0.3051 2.3827 1.1913
v  0.0542 2.3830 1.2571
v  0.6188 2.2030 -0.0749
v  0.8208 2.5902 0.0273
v  0.8103 2.3145 -0.2022
v  0.8506 2.5622 -0.6531
v  0.6320 2.7586 -0.0386
v  0.6481 2.7777 -0.6317
v  0.3140 2.8190 -0.4935
v  0.2934 2.7223 -1.4876
v  0.8612 2.3215 -0.6540
v  0.8113 2.4935 -1.4942
v  0.5761 2.6716 -1.4962
v  0.2829 2.5451 -2.3646
v  0.4590 2.7837 0.0969
v  0.7062 2.0113 0.5010
v  0.7178 2.0293 -0.5336
v  0.8282 2.1433 -0.6034
v  0.8264 2.1540 -1.4844
v  0.7038 2.3950 -2.3148
v  0.5019 2.5209 -2.3148
v  0.2148 2.3370 -3.2378
v  0.7325 2.1122 -2.3148
v  0.4530 2.2298 -3.0468
v  0.3402 2.3325 -3.0854
v  0.4818 2.1027 -3.0468
v  0.6763 1.9705 -1.4741
v  0.5745 1.9704 -2.4290
v  0.4099 2.0922 -3.3114
v  0.2958 2.2361 -3.3114
v  0.9056 1.4104 -0.5587
v  0.7675 1.4742 -1.4931
v  0.6085 1.5882 -2.4453
v  0.4476 1.8971 -3.3114
v  0.8084 0.8390 -0.5650
v  0.7021 0.9926 -1.4804
v  0.5468 1.3765 -2.4453
v  0.3846 1.6981 -3.3114
v  0.6834 0.5945 -0.5459
v  0.5903 0.8981 -1.5051
v  0.4615 1.2744 -2.4290
v  0.2448 1.2370 -2.4290
v  0.2421 1.6125 -3.3114
v  0.9167 1.3727 0.3442
v  0.8563 0.7311 0.3505
v  0.7044 0.5398 0.3765
v  0.4628 0.4509 0.3765
v  0.3748 0.5455 -0.5459
v  0.7513 1.8995 0.5334
v  0.9143 1.3562 0.5334
v  0.8586 0.7213 0.5334
v  0.3762 0.4524 1.3117
v  0.3762 0.4619 2.2469
v  0.5831 0.4813 1.3110
v  0.7021 0.5405 0.5372
v  0.7120 0.5430 0.5334
v  0.7127 0.5413 1.3115
v  0.5584 0.4931 2.2469
v  0.3268 0.4739 2.9441
v  -0.2196 1.9517 -5.0518
v  -0.1867 1.8450 -5.0365
v  -0.2496 1.9196 -4.4668
v  -0.2118 1.8019 -4.4668
v  -0.0991 1.7773 -5.0365
v  -0.1161 1.7276 -4.4643
v  0.0542 1.7494 -5.0365
v  0.0542 1.6970 -4.4668
v  -0.2352 2.0024 -5.0335
v  -0.0691 1.9639 -6.5406
v  -0.0245 1.9142 -6.5406
v  0.0542 1.8937 -6.5529
v  -0.2647 1.9748 -4.4834
v  0.0542 2.3426 -7.2137
v  0.0176 2.3356 -7.2137
v  0.0542 2.3438 -6.5327
v  -0.0026 2.3354 -6.5327
v  -0.0010 2.2865 -7.2129
v  -0.0343 2.2767 -6.5406
v  -0.0272 2.2166 -7.2153
v  -0.0789 2.1931 -6.5406
v  -0.0359 2.1217 -7.2153
v  -0.0937 2.0797 -6.5406
v  -0.0214 2.0249 -7.2153
v  0.0048 1.9833 -7.2129
v  0.0542 1.9662 -7.2229
v  0.0243 2.0465 -7.3228
v  0.0542 2.0361 -7.3228
v  -0.2061 2.1567 -5.0518
v  -0.1184 2.2704 -5.0518
v  -0.0561 2.3502 -5.0512
v  0.0542 2.3616 -5.0512
v  -0.1372 2.2692 -4.4643
v  -0.0691 2.3568 -4.4635
v  0.0542 2.3693 -4.4635
v  0.0542 2.1065 -7.3613
v  0.0064 2.0718 -7.3228
v  0.0542 2.1452 -7.3613
v  -0.0035 2.1306 -7.3228
v  0.0542 2.1963 -7.3613
v  0.0024 2.1882 -7.3228
v  0.0173 2.2307 -7.3228
v  0.0330 2.2605 -7.3230
v  0.0542 2.2647 -7.3230
v  0.0590 3.7629 -0.0869
v  0.0556 3.6152 -0.2181
v  -0.0531 3.7629 -0.0840
v  -0.1878 3.6152 -0.2117
v  -0.0473 3.7629 0.1403
v  -0.1750 3.6152 0.2749
v  0.0649 3.7629 0.1374
v  0.0683 3.6152 0.2686
v  0.1770 3.7629 0.1344
v  0.3116 3.6152 0.2622
v  0.1711 3.7629 -0.0898
v  0.2989 3.6152 -0.2245
v  -1.6294 0.8118 -0.8469
v  -1.2204 0.9892 -0.7289
v  -1.5308 0.7975 -1.0523
v  -1.2164 0.7975 -1.0523
v  -0.6364 0.9892 -0.6690
v  -0.5746 0.7975 -1.0729
v  -0.6727 1.1587 -0.2902
v  -1.2164 1.1170 -0.2902
v  -1.6307 1.0619 -0.2902
v  -0.6727 1.1970 0.1640
v  -1.2164 1.1553 0.1640
v  -1.6307 1.1019 0.1640
v  -0.6727 0.9600 0.4479
v  -1.2164 0.9600 0.4158
v  -1.6258 0.9543 0.3372
v  -1.2164 0.7177 0.4122
v  -1.2164 0.5645 0.0961
v  -0.6727 0.7177 0.4444
v  -0.6727 0.5645 0.0961
v  -1.2164 0.5552 -0.3076
v  -0.6727 0.5552 -0.3076
v  -1.2204 0.6106 -0.7076
v  -0.6364 0.6106 -0.6477
v  -1.2164 0.7554 -1.0523
v  -0.5746 0.7554 -1.0729
v  -1.6258 0.7236 0.3336
v  -1.6475 0.6160 0.0961
v  -1.6475 0.6273 -0.3076
v  -1.6294 0.7591 -0.8256
v  -1.5308 0.7554 -1.0523
v  1.3247 0.7975 -1.0523
v  1.3287 0.9892 -0.7289
v  1.6391 0.7975 -1.0523
v  1.7378 0.8118 -0.8469
v  1.3247 1.1170 -0.2902
v  1.7390 1.0619 -0.2902
v  1.3247 1.1553 0.1640
v  1.7390 1.1019 0.1640
v  1.3247 0.9600 0.4158
v  1.7341 0.9543 0.3372
v  0.6829 0.7975 -1.0729
v  0.7447 0.9892 -0.6690
v  0.7810 1.1587 -0.2902
v  0.7810 1.1970 0.1640
v  0.7810 0.9600 0.4479
v  0.6829 0.7554 -1.0729
v  1.3247 0.7554 -1.0523
v  0.7447 0.6106 -0.6477
v  1.3287 0.6106 -0.7076
v  0.7810 0.5552 -0.3076
v  1.3247 0.5552 -0.3076
v  0.7810 0.5645 0.0961
v  1.3247 0.5645 0.0961
v  0.7810 0.7177 0.4444
v  1.3247 0.7177 0.4122
v  1.6391 0.7554 -1.0523
v  1.7378 0.7591 -0.8256
v  1.7558 0.6273 -0.3076
v  1.7558 0.6160 0.0961
v  1.7341 0.7236 0.3336
v  1.3902 0.3697 -0.4303
v  1.3902 0.2172 -0.4935
v  1.3902 0.2172 -0.2778
v  1.3902 0.0647 -0.4303
v  1.3902 0.0015 -0.2778
v  1.3902 0.3697 -0.1252
v  1.3902 0.4329 -0.2778
v  1.3902 0.2172 -0.0621
v  1.3902 0.0647 -0.1252
v  0.6834 0.5940 -0.5454
v  0.3748 0.5451 -0.5454
v  0.5903 0.8976 -1.5046
v  0.3167 0.8607 -1.5040
v  0.0542 0.5241 -0.5454
v  0.0542 0.8449 -1.5040
v  0.0542 1.2235 -2.4285
v  0.2448 1.2366 -2.4285
v  0.4615 1.2740 -2.4285
v  -0.4915 1.2084 0.4057
v  -0.3319 1.2070 0.3897
v  0.0752 1.2100 0.3940
v  -0.1934 1.9216 0.4099
v  0.0540 1.9231 0.4122
v  -0.5075 1.9228 0.4095
v  1.4995 0.2380 -0.3334
v  1.4995 0.1752 -0.4176
v  1.4995 0.2380 -0.2384
v  1.4995 0.1752 -0.1542
v  1.4995 0.0693 -0.3571
v  1.4995 0.0693 -0.2147
v  -1.6249 2.1694 -4.6123
v  -1.6244 1.8988 -4.3786
v  -1.5870 2.1694 -4.6123
v  -1.5944 1.8988 -4.3786
v  -1.6388 1.6006 -4.6669
v  -1.5800 1.6006 -4.6669
v  -1.6166 2.4502 -5.2028
v  -1.6321 2.4689 -4.8722
v  -1.6023 2.4502 -5.2028
v  -1.5868 2.4689 -4.8722
v  -1.6166 1.6687 -5.0092
v  -1.6166 2.0158 -5.0935
v  -1.6023 1.6687 -5.0092
v  -1.6023 2.0158 -5.0935
v  -1.6391 1.6343 -4.8259
v  -1.5798 1.6343 -4.8259
v  -1.6391 1.9804 -4.8340
v  -1.5868 1.9804 -4.8340
v  0.2804 2.3509 -2.6460
v  0.8361 2.3509 -2.6460
v  0.2804 2.2099 -2.5645
v  0.8845 2.2099 -2.5645
v  0.2804 2.1213 -2.3176
v  0.9498 2.1213 -2.3176
v  0.2804 2.1515 -2.0671
v  1.0187 2.1515 -2.0671
v  0.2804 2.3037 -1.9531
v  1.0464 2.3037 -1.9531
v  0.2804 2.4412 -2.0375
v  1.0187 2.4412 -2.0375
v  0.2804 2.5117 -2.2847
v  0.8465 2.5117 -2.2847
v  0.2804 2.4741 -2.5353
v  0.7607 2.4741 -2.5353
v  0.4832 0.6058 4.1026
v  0.4685 0.5790 3.9314
v  0.4685 0.6126 3.9290
v  0.4739 0.5460 3.5195
v  0.4739 0.5881 3.5166
v  0.5161 0.5460 3.5195
v  0.5161 0.5881 3.5166
v  0.5021 0.5790 3.9314
v  0.5021 0.6126 3.9290
v  0.4874 0.6058 4.1026
v  1.6883 1.6006 -4.6669
v  1.7471 1.6006 -4.6669
v  1.7028 1.8988 -4.3786
v  1.7327 1.8988 -4.3786
v  1.6953 2.1694 -4.6123
v  1.7332 2.1694 -4.6123
v  1.6951 2.4689 -4.8722
v  1.7404 2.4689 -4.8722
v  1.7106 2.4502 -5.2028
v  1.7249 2.4502 -5.2028
v  1.7106 2.0158 -5.0935
v  1.7249 2.0158 -5.0935
v  1.7106 1.6687 -5.0092
v  1.7249 1.6687 -5.0092
v  1.6881 1.6343 -4.8259
v  1.7474 1.6343 -4.8259
v  1.7474 1.9804 -4.8340
v  1.6951 1.9804 -4.8340
v  -0.1367 1.3421 -7.8550
v  -0.1367 1.3409 -7.1972
v  -0.1367 1.4655 -7.8615
v  -0.1367 2.0707 -7.3541
v  -0.1367 2.0707 -6.9735
v  -0.1367 3.7830 -7.9164
v  -0.1367 3.7579 -7.4735
v  -0.1367 1.8649 -6.5024
v  -0.1367 2.1004 -6.3519
v  -0.1367 3.7103 -7.3310
v  -0.0700 1.8649 -6.5024
v  -0.0700 2.1004 -6.3519
v  -0.0700 3.7103 -7.3310
v  -0.0700 3.7579 -7.4735
v  -0.0700 3.7830 -7.9164
v  -0.0700 2.0707 -7.3541
v  -0.0700 1.4683 -7.8603
v  -0.0700 1.3421 -7.8550
v  -0.0700 1.3409 -7.1972
v  -0.0700 2.0707 -6.9735
v  -0.3531 1.3617 -2.3970
v  -0.4820 0.8976 -1.5046
v  -0.4820 0.9854 -1.4730
v  -0.5751 0.5940 -0.5454
v  -0.5751 0.6818 -0.5139
v  -0.2665 0.5451 -0.5454
v  -0.2665 0.6328 -0.5139
v  0.0542 0.6118 -0.5139
v  0.3748 0.6328 -0.5139
v  0.6834 0.6818 -0.5139
v  0.5903 0.9854 -1.4730
v  0.4615 1.3617 -2.3970
v  0.2448 1.3243 -2.3970
v  0.0542 1.3112 -2.3970
v  -0.1365 1.2366 -2.4285
v  -0.1365 1.3243 -2.3970
v  -0.3531 1.2740 -2.4285
v  -0.7480 0.7311 0.3505
v  -0.8084 1.3727 0.3442
v  -0.8060 1.3562 0.5334
v  -0.6430 1.8995 0.5334
v  -0.7973 1.4104 -0.5587
v  0.6237 2.0059 -6.9831
v  0.4551 2.0541 -6.9674
v  0.6237 2.1566 -7.0926
v  0.4551 2.1566 -7.0420
v  0.6237 2.3074 -6.9831
v  0.4551 2.2592 -6.9674
v  0.6237 2.2498 -6.8059
v  0.4551 2.2200 -6.8469
v  0.6237 2.0635 -6.8059
v  0.4551 2.0933 -6.8469
v  0.6237 2.1566 -6.9341
v  0.1263 2.1566 -7.0420
v  0.1263 2.0541 -6.9674
v  0.1263 2.0933 -6.8469
v  0.1263 2.2200 -6.8469
v  0.1263 2.2592 -6.9674
v  -0.0180 0.2816 3.3743
v  0.1334 0.2816 3.3743
v  -0.0180 0.3788 3.2973
v  0.1334 0.3788 3.2973
v  -0.0111 0.5707 3.2859
v  0.1265 0.5707 3.2859
v  -0.0111 0.5707 3.1567
v  0.1265 0.5707 3.1567
v  -0.0180 0.3751 3.1595
v  0.1334 0.3751 3.1595
v  -0.0180 0.2694 3.2421
v  0.1334 0.2694 3.2421
v  0.1352 0.2842 3.3907
v  -0.0180 0.2842 3.3907
v  0.1352 0.1990 3.4005
v  -0.0180 0.1990 3.4005
v  0.1352 0.2370 2.9097
v  -0.0180 0.2370 2.9097
v  0.1352 0.1536 2.9210
v  -0.0180 0.1536 2.9210
v  0.1131 0.2172 3.0193
v  0.0084 0.2172 3.0193
v  1.5537 0.6920 -0.2183
v  1.4995 0.6920 -0.2183
v  1.5537 0.2380 -0.2384
v  1.5537 0.2380 -0.3334
v  1.5537 0.6920 -0.3535
v  1.4995 0.6920 -0.3535
v  1.5537 0.0693 -0.2147
v  1.5537 0.0693 -0.3571
v  1.3782 0.6214 -0.2183
v  1.3241 0.6214 -0.2183
v  1.3782 0.1516 -0.2370
v  1.3241 0.1516 -0.2370
v  1.3782 0.1516 -0.3349
v  1.3241 0.1516 -0.3349
v  1.3782 0.6214 -0.3535
v  1.3241 0.6214 -0.3535
v  0.0710 1.8250 -5.4053
v  0.0375 1.8250 -5.4053
v  0.0710 1.3771 -5.7014
v  0.0375 1.3771 -5.7014
v  0.0710 1.3944 -5.7562
v  0.0375 1.3944 -5.7562
v  0.0710 1.8989 -5.5099
v  0.0375 1.8989 -5.5099
v  -0.9381 2.3037 -1.9531
v  -0.9104 2.1515 -2.0671
v  -0.1721 2.3037 -1.9531
v  -0.1721 2.1515 -2.0671
v  -0.8415 2.1213 -2.3176
v  -0.1721 2.1213 -2.3176
v  -0.7762 2.2099 -2.5645
v  -0.1721 2.2099 -2.5645
v  -0.7278 2.3509 -2.6460
v  -0.1721 2.3509 -2.6460
v  -0.6524 2.4741 -2.5353
v  -0.1721 2.4741 -2.5353
v  -0.7382 2.5117 -2.2847
v  -0.1721 2.5117 -2.2847
v  -0.9104 2.4412 -2.0375
v  -0.1721 2.4412 -2.0375
v  -0.3656 0.5881 3.5166
v  -0.3601 0.6126 3.9290
v  -0.3656 0.5460 3.5195
v  -0.3601 0.5790 3.9314
v  -0.3748 0.6100 4.1023
v  -0.3791 0.6100 4.1023
v  -0.3938 0.6126 3.9290
v  -0.3938 0.5790 3.9314
v  -0.4078 0.5881 3.5166
v  -0.4078 0.5460 3.5195
v  -0.3791 0.6058 4.1026
v  0.0542 1.8806 1.3812
v  0.0542 1.3599 1.3812
v  0.0542 1.2564 1.3812
v  0.0542 0.6610 1.3812
v  0.0542 0.5399 1.3812
v  0.0542 0.5224 1.3812
v  0.0542 0.5224 1.3072
v  0.0542 0.5229 0.5310
v  0.0542 0.7024 0.5290
v  0.0542 1.3374 0.5290
v  0.0542 1.8806 0.5290
v  -0.2330 2.1443 -4.4726
v  -1.6082 1.9154 -4.4682
v  -1.6065 1.9840 -4.7048
v  -1.6076 1.9475 -5.0481
v  -1.6161 1.9982 -4.8301
v  -0.1968 2.3827 1.1913
v  -0.3012 2.7148 0.5828
v  -0.2173 0.5371 2.9363
v  -0.1875 0.6046 3.4924
v  0.0542 0.6030 3.5070
v  0.0542 0.5336 2.9486
v  0.0542 2.7677 0.6605
v  -0.6591 1.4742 -1.4931
v  -0.2084 0.9488 -1.4730
v  0.0542 0.9169 -1.4730
v  0.3167 0.9488 -1.4730
v  0.4832 0.6100 4.1023
v  -1.3904 0.0015 -0.2778
v  -1.3904 0.2172 -0.2778
v  -1.3904 0.0647 -0.4303
v  -1.3904 0.2172 -0.4935
v  -1.3904 0.3697 -0.4303
v  -1.3904 0.2172 -0.0621
v  -1.3904 0.0647 -0.1252
v  -1.3904 0.3697 -0.1252
v  -1.3904 0.4329 -0.2778
v  -1.2857 0.3697 -0.4303
v  -1.2857 0.2172 -0.2778
v  -1.2857 0.2172 -0.4935
v  -1.2857 0.0647 -0.4303
v  -1.2857 0.0015 -0.2778
v  -1.2857 0.3697 -0.1252
v  -1.2857 0.4329 -0.2778
v  -1.2857 0.2172 -0.0621
v  -1.2857 0.0647 -0.1252
v  1.4950 0.0015 -0.2778
v  1.4950 0.0647 -0.4303
v  1.4950 0.2172 -0.2778
v  1.4950 0.2172 -0.4935
v  1.4950 0.3697 -0.4303
v  1.4950 0.2172 -0.0621
v  1.4950 0.0647 -0.1252
v  1.4950 0.3697 -0.1252
v  1.4950 0.4329 -0.2778
v  -0.8415 2.3106 -2.3174
v  -0.3587 0.6303 3.4455
v  -0.3587 0.6020 3.3974
v  -0.4146 0.6020 3.3974
v  -0.4146 0.6303 3.4455
v  -1.7093 0.8920 -0.4480
v  -1.7093 0.7350 -0.4471
v  -1.7501 0.7128 -0.2408
v  -1.7501 0.7131 0.0703
v  -1.7373 0.7696 0.1813
v  -1.7373 0.9058 0.1834
v  -1.7402 0.9731 0.0812
v  -1.7402 0.9485 -0.2306
v  0.9498 2.3106 -2.3174
v  0.4671 0.6020 3.3974
v  0.4671 0.6303 3.4455
v  0.5229 0.6303 3.4455
v  0.5229 0.6020 3.3974
v  1.8176 0.7350 -0.4471
v  1.8176 0.8920 -0.4480
v  1.8485 0.9485 -0.2306
v  1.8485 0.9731 0.0812
v  1.8456 0.9058 0.1834
v  1.8456 0.7696 0.1813
v  1.8584 0.7131 0.0703
v  1.8584 0.7128 -0.2408
v  -0.5028 3.7157 -0.4550
v  -0.5028 3.4944 -0.4550
v  -0.0581 3.7157 -0.0449
v  -0.0581 3.4944 -0.0449
v  -0.2823 3.7157 -0.6373
v  -0.2823 3.4944 -0.6373
v  0.0133 3.7157 -0.1092
v  0.0133 3.4944 -0.1092
v  0.6347 3.7157 0.5015
v  0.6347 3.4944 0.5015
v  0.1900 3.7157 0.0914
v  0.1900 3.4944 0.0914
v  0.4142 3.7157 0.6839
v  0.4142 3.4944 0.6839
v  0.1186 3.7157 0.1558
v  0.1186 3.4944 0.1558
v  -0.3869 3.7157 0.6070
v  -0.3869 3.4944 0.6070
v  0.0232 3.7157 0.1624
v  0.0232 3.4944 0.1624
v  -0.5692 3.7157 0.3865
v  -0.5692 3.4944 0.3865
v  -0.0411 3.7157 0.0910
v  -0.0411 3.4944 0.0910
v  0.5237 3.7157 -0.5610
v  0.5237 3.4944 -0.5610
v  0.1136 3.7157 -0.1164
v  0.1136 3.4944 -0.1164
v  0.7060 3.7157 -0.3405
v  0.7060 3.4944 -0.3405
v  0.1779 3.7157 -0.0450
v  0.1779 3.4944 -0.0450
v  -0.1444 3.0106 -0.1706
v  -0.1339 3.0106 0.2316
v  -0.1045 2.7723 -0.1327
v  -0.0960 2.7723 0.1917
v  0.2578 3.0106 -0.1811
v  0.0567 3.0106 -0.1759
v  0.2199 2.7723 -0.1412
v  0.0577 2.7723 -0.1370
v  0.2683 3.0106 0.2211
v  0.2284 2.7723 0.1832
v  0.0672 3.0106 0.2263
v  0.0662 2.7723 0.1875
v  1.1531 1.8366 1.3050
v  1.1531 1.8366 1.3678
v  1.1531 1.6611 1.3364
v  0.9894 1.7431 1.3678
v  0.9894 1.7431 1.3050
v  0.9442 1.7867 1.3364
v  0.3730 1.9748 -4.4834
v  0.3580 1.9196 -4.4668
v  1.7165 1.9154 -4.4682
v  1.7244 1.9982 -4.8301
v  1.7159 1.9475 -5.0481
v  0.3279 1.9517 -5.0518
v  0.3435 2.0024 -5.0335
v  0.4458 1.8366 1.3050
v  0.4458 1.7739 1.3364
v  0.4458 1.8366 1.3678
v  0.5055 1.3052 1.3050
v  0.4785 1.3450 1.3364
v  0.5055 1.3052 1.3678
v  0.1389 0.8020 0.5334
v  0.1389 0.5335 0.5334
v  0.1389 0.7608 0.8980
v  0.1389 0.5335 0.8980
v  0.6990 0.8020 0.5334
v  0.6990 0.5335 0.5334
v  0.6990 0.7608 0.8980
v  0.6990 0.5335 0.8980
v  -0.2084 0.8607 -1.5040
v  -0.3268 2.0683 -2.4165
v  -0.4541 2.0683 -1.4867
v  -0.5164 1.9842 -0.5297
v  0.0540 2.0560 -2.4194
v  0.0540 2.0256 -1.4661
v  -0.1557 2.0433 -2.4241
v  -0.2019 2.0256 -1.4714
v  -0.2412 1.9836 -0.5322
v  0.0658 1.9836 -0.5217
v  0.5995 1.2084 0.4057
v  0.4399 1.2070 0.3897
v  0.3014 1.9216 0.4099
v  0.6155 1.9228 0.4095
v  0.4348 2.0683 -2.4165
v  0.5622 2.0683 -1.4867
v  0.6245 1.9842 -0.5297
v  0.2638 2.0433 -2.4241
v  0.3100 2.0256 -1.4714
v  0.3492 1.9836 -0.5322
v  -1.4492 0.0693 -0.2147
v  -1.3950 0.0693 -0.2147
v  -1.4492 0.1752 -0.1542
v  -1.3950 0.1752 -0.1542
v  -1.4492 0.2380 -0.2384
v  -1.3950 0.2380 -0.2384
v  -1.4492 0.0693 -0.3571
v  -1.4492 0.1752 -0.4176
v  -1.4492 0.2380 -0.3334
v  -1.3950 0.0693 -0.3571
v  -1.3950 0.1752 -0.4176
v  -1.3950 0.2380 -0.3334
v  -1.4492 0.6920 -0.2183
v  -1.3950 0.6920 -0.2183
v  -1.4492 0.6920 -0.3535
v  -1.3950 0.6920 -0.3535
v  -1.2737 0.6214 -0.2183
v  -1.2737 0.1516 -0.2370
v  -1.2195 0.6214 -0.2183
v  -1.2195 0.1516 -0.2370
v  -1.2737 0.1516 -0.3349
v  -1.2737 0.6214 -0.3535
v  -1.2195 0.1516 -0.3349
v  -1.2195 0.6214 -0.3535
v  1.5537 0.1752 -0.1542
v  1.5537 0.1752 -0.4176
v  1.7148 1.9840 -4.7048
v  0.2244 1.7276 -4.4643
v  0.2074 1.7773 -5.0365
v  0.1328 1.9142 -6.5406
v  0.1036 1.9833 -7.2129
v  0.0841 2.0465 -7.3228
v  0.1297 2.0249 -7.2153
v  0.1019 2.0718 -7.3228
v  0.1442 2.1217 -7.2153
v  0.1118 2.1306 -7.3228
v  0.1355 2.2166 -7.2153
v  0.1059 2.1882 -7.3228
v  0.1093 2.2865 -7.2129
v  0.0911 2.2307 -7.3228
v  0.0907 2.3356 -7.2137
v  0.1774 1.9639 -6.5406
v  0.2020 2.0797 -6.5406
v  0.1873 2.1931 -6.5406
v  0.1426 2.2767 -6.5406
v  0.1110 2.3354 -6.5327
v  0.0753 2.2605 -7.3230
v  0.1644 2.3502 -5.0512
v  0.2267 2.2704 -5.0518
v  0.3145 2.1567 -5.0518
v  0.1774 2.3568 -4.4635
v  0.2455 2.2692 -4.4643
v  0.3413 2.1443 -4.4726
v  0.3201 1.8019 -4.4668
v  0.2950 1.8450 -5.0365
v  0.4096 2.7148 0.5828
v  0.3257 0.5371 2.9363
v  0.2958 0.6046 3.4924
# 800 vertices

vn 0.0000 0.9239 -0.3827
vn 0.0000 1.0000 0.0000
vn 0.0000 0.7071 0.7071
vn 0.0000 0.3827 -0.9239
vn 0.0000 0.1368 -0.9906
vn 0.0000 -0.1368 -0.9906
vn 0.0000 -0.3827 -0.9239
vn 0.0000 -0.9239 -0.3827
vn 0.0000 -0.9906 -0.1368
vn 0.0000 -0.9906 0.1368
vn 0.0000 -0.7972 0.6037
vn 0.0000 -0.6037 0.7972
vn 0.0000 -0.1368 0.9906
vn 0.0000 0.1368 0.9906
vn 0.0000 0.3827 0.9239
vn 0.0000 0.9239 0.3827
vn -0.9822 0.0047 -0.1880
vn -0.8760 -0.4436 -0.1892
vn -0.9580 0.1367 -0.2520
vn -0.9435 -0.1696 -0.2846
vn -0.8076 0.4694 -0.3570
vn -0.9330 -0.2901 -0.2127
vn -0.8372 0.4898 -0.2433
vn -0.9520 -0.3010 -0.0560
vn -0.8929 0.4347 -0.1173
vn -0.9989 -0.0413 0.0233
vn -0.9232 0.3843 0.0108
vn -0.9009 -0.3417 0.2676
vn -0.8945 -0.0869 0.4385
vn -0.9292 -0.0949 0.3573
vn -0.8604 0.1452 0.4884
vn -0.8321 0.5437 0.1092
vn -0.6781 0.6699 0.3024
vn -0.4639 0.8410 0.2783
vn -0.3278 0.8753 0.3555
vn -0.1041 0.8599 0.4998
vn -0.6654 0.7295 0.1584
vn -0.9600 -0.2540 0.1176
vn -0.9021 -0.4203 0.0976
vn -0.7484 -0.6619 -0.0414
vn -0.4295 0.9004 -0.0689
vn -0.5285 0.8265 0.1941
vn -0.3764 0.9091 -0.1782
vn -0.4129 0.8695 -0.2710
vn -0.5856 0.7269 -0.3586
vn -0.6495 0.6400 -0.4105
vn -0.2515 0.9231 -0.2909
vn -0.1167 0.9699 -0.2138
vn -0.0544 0.9758 -0.2118
vn -0.1055 0.9847 -0.1390
vn -0.1141 0.9933 -0.0154
vn -0.0817 0.9966 0.0042
vn -0.4795 0.7376 0.4754
vn -0.0538 0.9975 0.0465
vn -0.0764 0.9955 0.0554
vn -0.0842 0.9954 -0.0468
vn -0.0558 0.9841 -0.1687
vn -0.0637 0.9729 -0.2223
vn -0.0869 0.9694 -0.2296
vn -0.6013 -0.7015 -0.3826
vn -0.7920 -0.5105 -0.3348
vn -0.9657 -0.1270 -0.2266
vn -0.6292 -0.7629 -0.1488
vn -0.7345 -0.6174 -0.2816
vn -0.6645 -0.6672 -0.3365
vn -0.5310 -0.7464 -0.4012
vn -0.2375 -0.8859 -0.3985
vn -0.2436 -0.8950 -0.3736
vn -0.1174 -0.9178 -0.3792
vn -0.1715 -0.9146 -0.3662
vn -0.8942 -0.4353 -0.1045
vn -0.6234 -0.7808 -0.0417
vn -0.1860 -0.9820 -0.0335
vn -0.3430 -0.9393 -0.0011
vn -0.2968 -0.9549 0.0078
vn -0.4197 -0.9076 0.0032
vn -0.4149 -0.9097 0.0175
vn -0.0823 -0.9966 0.0092
vn -0.0416 -0.9991 0.0059
vn -0.0880 -0.9904 -0.1068
vn -0.0506 -0.9965 -0.0660
vn -0.0651 -0.9930 -0.0983
vn -0.9261 -0.3767 -0.0212
vn -0.5347 -0.8450 -0.0092
vn -0.9083 -0.4174 0.0279
vn -0.5828 -0.8123 0.0229
vn -0.5392 -0.8417 0.0283
vn -0.2849 -0.9582 0.0239
vn -0.0994 -0.9948 0.0200
vn -0.0491 -0.9986 0.0173
vn -0.0335 -0.9991 0.0271
vn -0.1241 -0.9910 0.0498
vn -0.2598 -0.9620 0.0845
vn -0.5683 -0.8176 0.0926
vn -0.8620 -0.5047 0.0466
vn -0.8991 -0.4195 0.1254
vn -0.9907 0.1079 0.0827
vn -0.3355 -0.9189 0.2076
vn -0.6996 -0.6795 0.2211
vn -0.7218 -0.6162 0.3151
vn -0.9416 0.3362 0.0207
vn -0.9613 0.2699 0.0562
vn -0.9060 0.4135 0.0908
vn -0.9858 0.1479 0.0797
vn -0.9946 0.0747 0.0715
vn -0.0857 -0.9884 0.1250
vn -0.1278 -0.9471 0.2943
vn -0.7069 -0.4270 0.5638
vn -0.6015 -0.7069 0.3721
vn -0.9072 -0.3180 0.2755
vn -0.9858 0.0575 0.1578
vn -0.9073 0.3867 0.1653
vn -0.7968 0.5988 0.0807
vn -0.9278 0.3722 -0.0241
vn -0.9386 0.1094 0.3273
vn -0.8916 0.3690 0.2626
vn -0.6793 0.6353 0.3674
vn -0.2920 0.8383 0.4605
vn -0.0140 -0.9923 0.1232
vn -0.0323 -0.9522 0.3038
vn -0.2408 -0.5508 0.7991
vn -0.6535 0.3125 0.6894
vn -0.7909 0.5048 0.3459
vn -0.7072 0.6199 0.3400
vn -0.3798 0.7925 0.4772
vn -0.1175 0.8523 0.5097
vn -0.0573 0.8536 0.5177
vn -0.0409 0.9203 0.3892
vn -0.1437 0.9084 0.3926
vn -0.3657 0.8465 0.3869
vn -0.6338 0.6810 0.3666
vn -0.4392 0.7548 0.4873
vn -0.2631 0.3869 0.8838
vn -0.1172 -0.4299 0.8953
vn -0.1832 0.8413 0.5086
vn -0.1339 0.5421 0.8296
vn -0.0933 0.8749 0.4753
vn 0.4149 -0.9097 0.0175
vn 0.5828 -0.8123 0.0229
vn 0.5392 -0.8417 0.0283
vn 0.9083 -0.4174 0.0279
vn 0.8620 -0.5047 0.0466
vn 0.9963 0.0489 0.0706
vn 0.8991 -0.4195 0.1254
vn 0.9858 0.0575 0.1578
vn 0.9072 -0.3180 0.2755
vn 0.9386 0.1094 0.3273
vn 0.6527 -0.5134 0.5572
vn 0.6535 0.3125 0.6894
vn 0.2408 -0.5508 0.7991
vn 0.2631 0.3869 0.8838
vn 0.1172 -0.4299 0.8953
vn 0.1339 0.5421 0.8296
vn 0.9858 0.1479 0.0797
vn 0.6815 -0.6869 0.2524
vn 0.5683 -0.8176 0.0926
vn 0.2598 -0.9620 0.0845
vn 0.3942 -0.8861 0.2439
vn 0.1278 -0.9471 0.2943
vn 0.0323 -0.9522 0.3038
vn 0.0857 -0.9884 0.1250
vn 0.0140 -0.9923 0.1232
vn 0.9613 0.2699 0.0562
vn 0.9060 0.4135 0.0908
vn 0.9073 0.3867 0.1653
vn 0.8916 0.3690 0.2626
vn 0.7909 0.5048 0.3459
vn 0.4392 0.7548 0.4873
vn 0.1832 0.8413 0.5086
vn 0.0933 0.8749 0.4753
vn 0.9416 0.3362 0.0207
vn 0.7968 0.5988 0.0807
vn 0.6654 0.7295 0.1584
vn 0.6793 0.6353 0.3674
vn 0.7072 0.6199 0.3400
vn 0.6338 0.6810 0.3666
vn 0.3906 0.8343 0.3891
vn 0.1245 0.9096 0.3964
vn 0.1536 0.9161 0.3705
vn 0.0386 0.9229 0.3830
vn 0.8604 0.1452 0.4884
vn 0.7353 0.6253 0.2616
vn 0.8631 0.4951 0.0995
vn 0.5397 0.8004 0.2611
vn 0.1369 0.9408 0.3102
vn 0.2920 0.8383 0.4605
vn 0.4069 0.7668 0.4964
vn 0.2328 0.8609 0.4525
vn 0.2383 0.8973 0.3715
vn 0.1175 0.8523 0.5097
vn 0.1041 0.8599 0.4998
vn 0.3278 0.8753 0.3555
vn 0.4856 0.7751 0.4043
vn 0.0573 0.8536 0.5177
vn 0.0828 0.9462 0.3127
vn 0.9292 -0.0949 0.3573
vn 0.8945 -0.0869 0.4385
vn 0.9009 -0.3417 0.2676
vn 0.9232 0.3843 0.0108
vn 0.5285 0.8265 0.1941
vn 0.4295 0.9004 -0.0689
vn 0.1041 0.9946 -0.0050
vn 0.1055 0.9847 -0.1390
vn 0.0842 0.9954 -0.0468
vn 0.0558 0.9841 -0.1687
vn 0.9989 -0.0413 0.0233
vn 0.8929 0.4347 -0.1173
vn 0.3764 0.9091 -0.1782
vn 0.1071 0.9716 -0.2112
vn 0.0637 0.9729 -0.2223
vn 0.0764 0.9955 0.0554
vn 0.3350 0.8827 0.3294
vn 0.9278 0.3722 -0.0241
vn 0.9794 -0.1790 0.0938
vn 0.9021 -0.4203 0.0976
vn 0.9520 -0.3010 -0.0560
vn 0.8372 0.4898 -0.2433
vn 0.4129 0.8695 -0.2710
vn 0.2515 0.9231 -0.2909
vn 0.0869 0.9694 -0.2296
vn 0.9330 -0.2901 -0.2127
vn 0.8076 0.4694 -0.3570
vn 0.5856 0.7269 -0.3586
vn 0.9435 -0.1696 -0.2846
vn 0.9655 -0.2481 -0.0788
vn 0.9517 -0.2519 -0.1754
vn 0.9580 0.1367 -0.2520
vn 0.6495 0.6400 -0.4105
vn 0.9956 0.0583 -0.0740
vn 0.9894 0.0040 -0.1451
vn 0.9797 -0.0509 -0.1938
vn 0.9657 -0.1270 -0.2266
vn 0.9318 -0.3428 -0.1198
vn 0.8780 -0.4118 -0.2442
vn 0.8198 -0.4725 -0.3235
vn 0.6012 -0.7016 -0.3826
vn 0.6290 -0.7630 -0.1488
vn 0.6642 -0.6675 -0.3366
vn 0.5308 -0.7465 -0.4012
vn 0.2375 -0.8859 -0.3985
vn 0.2436 -0.8950 -0.3736
vn 0.1174 -0.9179 -0.3791
vn 0.1715 -0.9146 -0.3662
vn 0.9943 0.1070 0.0045
vn 0.9409 -0.3342 -0.0547
vn 0.6234 -0.7808 -0.0417
vn 0.1860 -0.9820 -0.0336
vn 0.0880 -0.9904 -0.1068
vn 0.0506 -0.9965 -0.0660
vn 0.0651 -0.9930 -0.0983
vn 0.9313 0.3333 -0.1468
vn 0.9811 0.1680 -0.0962
vn 0.9261 -0.3767 -0.0212
vn 0.0416 -0.9991 0.0059
vn 0.0823 -0.9966 0.0092
vn 0.0491 -0.9986 0.0173
vn 0.0335 -0.9991 0.0271
vn 0.0994 -0.9948 0.0200
vn 0.2968 -0.9549 0.0078
vn 0.3430 -0.9393 -0.0011
vn 0.5347 -0.8450 -0.0092
vn 0.4197 -0.9076 0.0032
vn 0.2849 -0.9582 0.0239
vn 0.1241 -0.9910 0.0498
vn -0.9531 -0.2896 -0.0877
vn -0.8327 -0.5461 -0.0913
vn -0.9513 -0.2996 -0.0724
vn -0.8160 -0.5713 -0.0876
vn -0.4187 -0.9031 -0.0955
vn -0.3869 -0.9170 -0.0966
vn -0.1779 -0.9798 -0.0913
vn -0.1794 -0.9789 -0.0974
vn -0.9903 -0.0994 -0.0966
vn -0.9036 -0.4157 -0.1032
vn -0.5101 -0.8533 -0.1079
vn -0.2366 -0.9665 -0.0992
vn -0.9552 -0.2851 -0.0797
vn -0.9515 -0.2971 -0.0798
vn -0.7263 -0.6805 -0.0974
vn -0.2953 -0.9502 -0.0997
vn -0.1834 -0.9778 -0.1014
vn -0.1751 0.9001 -0.3990
vn -0.6046 0.7536 -0.2579
vn -0.1599 0.9871 -0.0059
vn -0.5838 0.8115 -0.0247
vn -0.9131 0.3663 -0.1793
vn -0.8766 0.4794 -0.0427
vn -0.9524 0.2449 -0.1817
vn -0.9437 0.3244 -0.0654
vn -0.9814 -0.0236 -0.1904
vn -0.9958 -0.0219 -0.0886
vn -0.9021 -0.3537 -0.2472
vn -0.6441 -0.7179 -0.2640
vn -0.3233 -0.8876 -0.3282
vn -0.4870 -0.5965 -0.6380
vn -0.2254 -0.6475 -0.7279
vn -0.9467 0.3134 -0.0744
vn -0.8092 0.5863 -0.0382
vn -0.5064 0.8619 -0.0263
vn -0.1171 0.9930 -0.0129
vn -0.7844 0.6200 -0.0179
vn -0.4822 0.8760 -0.0087
vn -0.1015 0.9948 -0.0040
vn -0.7740 0.6330 -0.0156
vn -0.5933 0.8050 -0.0058
vn -0.0951 0.9954 0.0140
vn -0.4290 -0.2729 -0.8611
vn -0.7540 -0.2186 -0.6194
vn -0.5740 -0.0301 -0.8183
vn -0.8062 -0.0002 -0.5916
vn -0.4989 0.2165 -0.8392
vn -0.8249 0.2148 -0.5229
vn -0.7784 0.3258 -0.5366
vn -0.3838 0.6082 -0.6948
vn -0.1330 0.6609 -0.7386
vn -0.0196 0.6642 -0.7473
vn -0.3024 0.7661 -0.5671
vn -0.5822 0.7661 -0.2723
vn -0.5671 0.7661 0.3024
vn -0.2723 0.7661 0.5822
vn 0.0196 0.6642 0.7473
vn 0.3024 0.7661 0.5671
vn 0.5822 0.7661 0.2723
vn 0.5671 0.7661 -0.3024
vn 0.2723 0.7661 -0.5822
vn -0.2595 0.9180 -0.3000
vn -0.1075 0.9219 -0.3723
vn -0.1706 0.9108 -0.3761
vn 0.0128 0.8752 -0.4836
vn 0.0267 0.8933 -0.4487
vn -0.0139 0.9026 -0.4304
vn -0.0364 0.9653 -0.2585
vn -0.1345 0.9701 -0.2023
vn -0.1280 0.9724 -0.1949
vn -0.0754 0.9828 0.1685
vn -0.0953 0.9527 0.2885
vn -0.1293 0.9001 0.4161
vn -0.0475 0.7781 0.6263
vn -0.0907 0.7768 0.6232
vn -0.1343 0.7522 0.6451
vn -0.0753 -0.8999 0.4295
vn -0.0712 -0.9727 0.2207
vn -0.0129 -0.9077 0.4195
vn 0.0000 -0.9883 0.1522
vn -0.1064 -0.9915 -0.0750
vn 0.0055 -0.9958 -0.0913
vn -0.0949 -0.9700 -0.2237
vn 0.0153 -0.9565 -0.2913
vn 0.0098 -0.9305 -0.3661
vn -0.0104 -0.9461 -0.3237
vn -0.0932 -0.9037 0.4179
vn -0.1088 -0.9534 0.2815
vn -0.1488 -0.9852 -0.0852
vn -0.2592 -0.9515 -0.1657
vn -0.1577 -0.9531 -0.2584
vn -0.0128 0.8752 -0.4836
vn 0.1075 0.9219 -0.3723
vn 0.1706 0.9108 -0.3761
vn 0.2595 0.9180 -0.3000
vn 0.1345 0.9701 -0.2023
vn 0.1280 0.9724 -0.1949
vn 0.1063 0.9711 0.2138
vn 0.1293 0.9001 0.4161
vn 0.1179 0.7695 0.6277
vn 0.1343 0.7522 0.6451
vn 0.0139 0.9026 -0.4304
vn -0.0267 0.8933 -0.4487
vn 0.0364 0.9653 -0.2585
vn 0.0754 0.9828 0.1685
vn 0.0588 0.7663 0.6398
vn 0.0362 0.7896 0.6126
vn 0.0104 -0.9461 -0.3237
vn -0.0098 -0.9305 -0.3661
vn -0.0153 -0.9565 -0.2913
vn 0.0949 -0.9700 -0.2237
vn -0.0055 -0.9958 -0.0913
vn 0.1064 -0.9915 -0.0750
vn 0.0712 -0.9727 0.2207
vn 0.0129 -0.9077 0.4195
vn 0.0753 -0.8999 0.4295
vn 0.1577 -0.9531 -0.2584
vn 0.2592 -0.9515 -0.1657
vn 0.1488 -0.9852 -0.0852
vn 0.1088 -0.9534 0.2815
vn 0.0932 -0.9037 0.4179
vn -1.0000 0.0000 -0.0000
vn 0.1488 -0.9385 -0.3115
vn 0.1125 -0.9424 -0.3149
vn 0.1327 -0.9312 -0.3395
vn 0.0969 -0.9315 -0.3506
vn 0.0594 -0.9468 -0.3162
vn 0.0585 -0.9317 -0.3585
vn 0.0634 -0.9236 -0.3782
vn 0.0921 -0.9202 -0.3805
vn 0.1400 -0.9119 -0.3858
vn -0.0537 0.3324 -0.9416
vn -0.0013 0.5693 -0.8222
vn 0.0415 0.8310 -0.5548
vn 0.0608 0.8134 -0.5785
vn 0.0203 0.4675 -0.8837
vn 0.0529 0.8063 -0.5892
vn -0.0195 0.0262 -0.9995
vn 0.0095 0.0258 -0.9996
vn 0.0010 0.0055 -1.0000
vn 0.0000 0.6538 0.7567
vn 0.0000 0.2646 0.9644
vn 0.0000 -0.3180 0.9481
vn 0.0000 -0.6950 0.7190
vn 0.0000 0.9984 -0.0564
vn 0.0000 0.9719 0.2355
vn 0.0000 0.8461 0.5330
vn 0.0000 -0.2358 -0.9718
vn 0.0000 -0.2386 -0.9711
vn 0.0000 -0.2414 -0.9704
vn 0.0000 -0.2441 -0.9697
vn 0.0000 -0.9783 -0.2074
vn 0.0000 -0.9798 -0.1998
vn 0.0000 -0.9813 -0.1922
vn 0.0000 -0.9828 -0.1847
vn -0.1173 0.6491 0.7516
vn -0.9037 0.2892 0.3159
vn -0.8929 0.2873 0.3467
vn -0.9997 0.0030 -0.0253
vn -0.9998 0.0073 0.0182
vn -0.9974 -0.0110 -0.0709
vn -0.9976 -0.0059 -0.0684
vn -0.9947 -0.0185 -0.1011
vn -0.9914 -0.0309 -0.1274
vn 0.0963 -0.6523 -0.7519
vn 0.9112 -0.2712 -0.3101
vn 0.8992 -0.2809 -0.3354
vn 0.9998 0.0081 -0.0201
vn 0.9985 -0.0096 -0.0541
vn 0.9966 -0.0092 -0.0820
vn 0.9996 0.0239 0.0138
vn 0.9982 0.0028 -0.0596
vn 0.9914 -0.0309 -0.1274
vn 0.0000 -0.5003 -0.8659
vn 0.0000 -0.6843 -0.7292
vn 0.0000 -0.8397 -0.5431
vn 0.0000 -0.9819 -0.1897
vn 0.0000 -0.9994 -0.0334
vn 0.0000 -0.9277 0.3733
vn 0.0000 -0.7866 0.6175
vn 0.0000 -0.5995 0.8004
vn 0.0000 0.5229 0.8524
vn 0.0000 0.7122 0.7020
vn 0.0000 0.8679 0.4968
vn 0.0000 0.9907 0.1360
vn 0.0000 1.0000 -0.0075
vn 0.0000 0.9307 -0.3657
vn 0.0000 0.8180 -0.5752
vn 0.0000 0.6684 -0.7438
vn -0.9964 0.0059 0.0846
vn -0.9986 0.0036 0.0521
vn -0.9998 0.0014 0.0195
vn -0.9999 -0.0009 -0.0131
vn 0.9994 0.0024 0.0338
vn 0.9987 0.0035 0.0507
vn 0.9977 0.0047 0.0677
vn 0.9964 0.0059 0.0846
vn 0.1173 0.6491 0.7516
vn 0.8929 0.2873 0.3467
vn 0.9037 0.2892 0.3159
vn 0.9997 0.0030 -0.0253
vn 0.9998 0.0073 0.0182
vn 0.9974 -0.0110 -0.0709
vn 0.9976 -0.0059 -0.0684
vn 0.9947 -0.0185 -0.1011
vn -0.0963 -0.6523 -0.7519
vn -0.8992 -0.2809 -0.3354
vn -0.9112 -0.2712 -0.3101
vn -0.9998 0.0081 -0.0201
vn -0.9985 -0.0096 -0.0541
vn -0.9966 -0.0092 -0.0820
vn -0.9996 0.0239 0.0138
vn -0.9982 0.0028 -0.0596
vn 0.0000 -0.5385 0.8426
vn 0.0000 -0.2144 0.9768
vn 0.0000 0.1926 0.9813
vn 0.0000 0.5196 0.8544
vn 0.0000 0.9484 0.3172
vn 0.0000 0.9727 0.2321
vn 0.0000 0.9895 0.1446
vn 0.0000 0.9984 0.0566
vn 0.0000 -0.3120 -0.9501
vn 0.0000 0.0069 -1.0000
vn -0.0049 0.3652 -0.9309
vn 0.0029 0.4380 -0.8990
vn 0.0028 0.1946 -0.9809
vn 0.0105 -0.0475 -0.9988
vn 0.0000 -0.0419 -0.9991
vn 0.0000 -1.0000 -0.0017
vn 0.0000 -0.9779 0.2092
vn 0.0000 -0.9074 0.4202
vn 0.0000 -0.7984 0.6021
vn 1.0000 0.0000 -0.0000
vn -0.8378 0.1847 -0.5138
vn -0.9932 0.0393 -0.1094
vn -0.9946 0.0353 -0.0981
vn -0.9291 -0.1251 0.3481
vn -0.5010 -0.2927 0.8144
vn -0.0431 -0.3379 0.9402
vn -0.0326 -0.3381 0.9405
vn -0.0074 -0.3383 0.9410
vn 0.0074 -0.3383 0.9410
vn 0.0326 -0.3381 0.9405
vn 0.0431 -0.3379 0.9402
vn 0.5010 -0.2927 0.8144
vn 0.9291 -0.1251 0.3481
vn 0.9946 0.0353 -0.0981
vn 0.9932 0.0393 -0.1094
vn 0.8378 0.1847 -0.5138
vn 0.3808 0.3128 -0.8701
vn -0.0466 0.3379 -0.9400
vn -0.0349 0.3381 -0.9405
vn -0.0077 0.3383 -0.9410
vn 0.0077 0.3383 -0.9410
vn 0.0349 0.3381 -0.9405
vn 0.0466 0.3379 -0.9400
vn -0.3808 0.3128 -0.8701
vn -0.9409 -0.3342 -0.0547
vn -0.9943 0.1070 0.0045
vn -0.9811 0.1680 -0.0962
vn -0.9313 0.3333 -0.1468
vn -0.9995 0.0102 -0.0296
vn -0.2804 -0.9571 -0.0734
vn -0.2804 -0.8174 -0.5032
vn -0.2804 -0.2259 -0.9329
vn -0.2804 0.2259 -0.9329
vn -0.2804 0.8174 -0.5032
vn -0.2804 0.9571 -0.0734
vn -0.2804 0.7311 0.6219
vn -0.2804 0.3656 0.8875
vn -0.2804 -0.3656 0.8875
vn -0.2804 -0.7311 0.6219
vn 0.0000 0.2354 -0.9719
vn -0.0000 -0.2354 -0.9719
vn -0.0000 -0.8516 -0.5242
vn -0.0000 -0.9971 -0.0765
vn 0.0000 -0.7617 0.6479
vn 0.0000 -0.3808 0.9246
vn 0.0000 0.3808 0.9246
vn 0.0000 0.7617 0.6479
vn 0.0000 0.9971 -0.0765
vn 0.0000 0.8516 -0.5242
vn 0.0000 0.6209 0.7839
vn 0.0000 0.4523 0.8919
vn 0.0000 0.2571 0.9664
vn 0.0000 0.0594 0.9982
vn 0.0000 -0.0145 -0.9999
vn 0.0000 -0.2254 -0.9743
vn 0.0000 -0.4356 -0.9001
vn 0.0000 -0.6159 -0.7878
vn 0.0000 -0.9958 0.0918
vn 0.9994 0.0358 0.0000
vn 0.9997 0.0237 -0.0003
vn 0.9994 0.0355 -0.0005
vn 0.9999 0.0117 -0.0003
vn -0.9994 0.0358 0.0000
vn -0.9994 0.0355 -0.0005
vn -0.9997 0.0237 -0.0003
vn -0.9999 0.0117 -0.0003
vn 0.0000 0.1144 0.9934
vn 0.0000 0.9952 -0.0977
vn 0.0000 -0.1341 -0.9910
vn 0.0000 -0.9956 0.0942
vn 0.0000 -0.0442 0.9990
vn 0.0000 -0.0442 -0.9990
vn 0.0000 -1.0000 -0.0000
vn 0.0000 -0.0396 0.9992
vn 0.0000 -0.0396 -0.9992
vn 0.0000 -0.5515 0.8342
vn 0.0000 0.4388 -0.8986
vn 0.0000 -0.9540 -0.2998
vn 0.9999 -0.0009 -0.0131
vn 0.9998 0.0014 0.0195
vn 0.9986 0.0036 0.0521
vn -0.9977 0.0047 0.0677
vn -0.9987 0.0035 0.0507
vn -0.9994 0.0024 0.0338
vn 0.0000 0.0698 0.9976
vn 0.0000 0.9982 -0.0594
vn 0.0000 0.9994 -0.0346
vn 0.0000 1.0000 -0.0097
vn 0.0000 0.9999 0.0151
vn 0.0000 -0.9881 0.1541
vn 0.0000 -0.9916 0.1295
vn 0.0000 -0.9945 0.1048
vn 0.0000 -0.9968 0.0801
vn -0.0066 0.0000 -1.0000
vn -0.0057 0.0005 -1.0000
vn -0.0059 0.0008 -1.0000
vn -0.0052 0.0010 -1.0000
vn -0.0052 0.0004 -1.0000
vn -0.0052 0.0003 -1.0000
vn -0.0053 -0.0001 -1.0000
vn -0.0057 -0.0022 -1.0000
vn -0.0060 -0.0021 -1.0000
vn -0.0066 -0.0070 -1.0000
vn -0.0067 -0.0074 -1.0000
vn -0.0071 -0.0148 -0.9999
vn 0.0287 0.9996 0.0000
vn 0.0286 0.9996 -0.0000
vn 0.0286 0.9996 -0.0004
vn 0.0281 0.9996 -0.0002
vn 0.0279 0.9996 0.0000
vn 0.0287 0.9677 0.2504
vn 0.0284 0.8738 0.4854
vn 0.0040 0.0108 0.9999
vn 0.0050 0.0051 1.0000
vn 0.0048 0.0077 1.0000
vn 0.0053 0.0017 1.0000
vn 0.0052 0.0001 1.0000
vn 0.0054 -0.0005 1.0000
vn 0.0056 -0.0009 1.0000
vn 0.0062 -0.0019 1.0000
vn -0.7916 0.6106 -0.0241
vn -0.8775 0.4786 -0.0306
vn -0.7924 0.6097 -0.0216
vn -0.9113 0.4104 -0.0332
vn -0.7882 0.6152 -0.0178
vn -0.9391 0.3414 -0.0403
vn -0.9821 0.1834 -0.0425
vn -0.9811 0.1878 -0.0476
vn -0.9805 0.1899 -0.0498
vn -0.9997 0.0262 0.0005
vn -0.9889 -0.1472 0.0189
vn -0.9480 -0.3161 0.0367
vn -0.5290 0.8300 0.1765
vn -0.8225 0.5227 0.2243
vn -0.8760 0.4412 0.1950
vn -0.9620 0.2014 0.1846
vn -0.9499 0.2813 0.1365
vn 0.9984 -0.0244 -0.0506
vn 0.0591 -0.1232 -0.9906
vn 0.0589 -0.1226 -0.9907
vn 0.0588 -0.1221 -0.9908
vn -0.0433 0.1222 0.9916
vn -0.0432 0.1226 0.9915
vn -0.0431 0.1230 0.9915
vn -0.0573 0.9959 0.0694
vn -0.1184 0.9865 0.1131
vn -0.1618 0.9527 0.2574
vn -0.1850 0.8984 0.3984
vn -0.1836 0.8402 0.5102
vn -0.1297 0.8609 0.4920
vn -0.9545 0.2920 -0.0604
vn -0.9704 0.2202 -0.0988
vn -0.9873 0.1061 -0.1180
vn -0.9894 0.0040 -0.1451
vn -0.9778 -0.1504 -0.1461
vn -0.9644 -0.1820 -0.1916
vn -0.9819 0.1389 -0.1288
vn -0.9743 -0.1058 -0.1988
vn -0.9279 -0.2703 -0.2569
vn 0.1488 0.9385 0.3115
vn 0.1122 0.9424 0.3150
vn 0.1322 0.9313 0.3395
vn 0.1157 0.9302 0.3482
vn -0.0000 0.9508 0.3097
vn -0.0000 0.9329 0.3603
vn -0.1157 0.9302 0.3482
vn -0.1107 0.9160 0.3855
vn -0.1396 0.9120 0.3857
vn -0.1322 0.9313 0.3395
vn -0.1122 0.9424 0.3150
vn -0.1488 0.9385 0.3115
vn 0.1396 0.9120 0.3857
vn 0.1107 0.9160 0.3855
vn -0.0000 0.9197 0.3925
vn 0.0071 -0.0148 -0.9999
vn 0.0067 -0.0074 -1.0000
vn 0.0066 -0.0070 -1.0000
vn 0.0060 -0.0021 -1.0000
vn 0.0057 -0.0022 -1.0000
vn 0.0053 -0.0001 -1.0000
vn 0.0052 0.0003 -1.0000
vn 0.0052 0.0004 -1.0000
vn 0.0052 0.0010 -1.0000
vn 0.0057 0.0005 -1.0000
vn 0.0059 0.0008 -1.0000
vn 0.0066 0.0000 -1.0000
vn -0.0287 0.9677 0.2504
vn -0.0279 0.9996 0.0000
vn -0.0281 0.9996 -0.0002
vn -0.0286 0.9996 -0.0000
vn -0.0286 0.9996 -0.0004
vn -0.0287 0.9996 0.0000
vn -0.0284 0.8739 0.4853
vn -0.0062 -0.0019 1.0000
vn -0.0056 -0.0009 1.0000
vn -0.0054 -0.0005 1.0000
vn -0.0052 0.0001 1.0000
vn -0.0053 0.0017 1.0000
vn -0.0048 0.0077 1.0000
vn -0.9655 0.0003 -0.2603
vn -0.9272 0.2293 -0.2960
vn -0.9566 0.0729 -0.2823
vn -0.8798 0.4011 -0.2550
vn -0.7881 0.5542 -0.2679
vn -0.9663 0.0269 -0.2559
vn -0.9654 0.0079 -0.2607
vn -0.9018 0.2614 -0.3440
vn -0.7963 0.4708 -0.3798
vn 0.8872 0.3620 0.2860
vn 0.8943 -0.4287 -0.1281
vn 0.4402 -0.8253 -0.3538
vn -0.4515 -0.8204 -0.3509
vn -0.8878 -0.4389 -0.1387
vn -0.8945 0.3511 0.2767
vn -0.4535 0.7461 0.4875
vn 0.4351 0.7548 0.4909
vn -0.9477 0.2141 -0.2366
vn -0.9435 -0.2604 -0.2050
vn -0.8519 -0.4765 -0.2174
vn -0.6946 -0.7050 -0.1434
vn -0.6836 -0.7257 -0.0780
vn -0.6861 -0.7188 0.1118
vn -0.7175 -0.6520 0.2450
vn -0.7823 -0.4217 0.4585
vn -0.8184 -0.2016 0.5382
vn -0.8223 0.1534 0.5479
vn -0.8266 0.3206 0.4626
vn -0.7997 0.5511 0.2385
vn -0.7797 0.6214 0.0763
vn -0.7487 0.6505 -0.1275
vn -0.7313 0.6523 -0.1994
vn -0.8673 0.4257 -0.2580
vn 0.9655 0.0003 -0.2603
vn 0.9566 0.0729 -0.2823
vn 0.9272 0.2293 -0.2960
vn 0.8798 0.4011 -0.2550
vn 0.7881 0.5542 -0.2679
vn 0.9663 0.0269 -0.2559
vn 0.9654 0.0079 -0.2607
vn 0.9018 0.2614 -0.3440
vn 0.7963 0.4708 -0.3798
vn -0.4402 -0.8253 -0.3538
vn -0.8943 -0.4287 -0.1281
vn -0.8872 0.3620 0.2860
vn -0.4351 0.7548 0.4909
vn 0.4535 0.7461 0.4875
vn 0.8945 0.3511 0.2767
vn 0.8878 -0.4389 -0.1387
vn 0.4515 -0.8204 -0.3509
vn 0.8519 -0.4765 -0.2174
vn 0.9435 -0.2604 -0.2050
vn 0.9803 -0.0374 -0.1941
vn 0.7248 0.6335 -0.2708
vn 0.6879 0.6726 -0.2728
vn 0.7313 0.6523 -0.1994
vn 0.7487 0.6505 -0.1275
vn 0.7797 0.6214 0.0763
vn 0.7997 0.5511 0.2385
vn 0.8266 0.3206 0.4626
vn 0.8223 0.1534 0.5479
vn 0.8184 -0.2016 0.5382
vn 0.7823 -0.4217 0.4585
vn 0.7175 -0.6520 0.2450
vn 0.6861 -0.7188 0.1118
vn 0.6836 -0.7257 -0.0780
vn 0.6946 -0.7050 -0.1434
vn -0.6780 -0.0000 0.7351
vn -0.6372 0.0000 -0.7707
vn 0.8726 0.0000 -0.4884
vn 0.6780 0.0000 -0.7351
vn 0.6372 -0.0000 0.7707
vn -0.8726 -0.0000 0.4884
vn 0.7351 -0.0000 0.6780
vn -0.7707 -0.0000 0.6372
vn -0.4884 0.0000 -0.8726
vn -0.7351 0.0000 -0.6780
vn 0.7707 0.0000 -0.6372
vn 0.4884 -0.0000 0.8726
vn -0.9972 -0.0697 0.0261
vn -0.9946 -0.1003 0.0260
vn -0.9911 -0.1308 0.0260
vn -0.9866 -0.1611 0.0258
vn -0.0261 -0.0697 -0.9972
vn -0.0260 -0.1003 -0.9946
vn -0.0260 -0.1155 -0.9930
vn -0.0258 -0.1611 -0.9866
vn -0.0260 -0.1308 -0.9911
vn 0.9972 -0.0697 -0.0261
vn 0.9946 -0.1003 -0.0260
vn 0.9911 -0.1308 -0.0260
vn 0.9866 -0.1611 -0.0258
vn 0.0261 -0.0697 0.9972
vn 0.0260 -0.1003 0.9946
vn 0.0260 -0.1155 0.9930
vn 0.0258 -0.1611 0.9866
vn 0.0260 -0.1308 0.9911
vn 0.6947 0.7193 0.0000
vn 0.0000 0.9906 -0.1368
vn 0.0000 0.9906 0.1368
vn 0.0000 0.7972 0.6037
vn 0.0000 0.6037 0.7972
vn 0.0000 -0.7972 -0.6037
vn 0.0000 -0.6037 -0.7972
vn -0.0019 0.2868 0.9580
vn -0.0035 0.9740 -0.2267
vn -0.1401 0.2965 -0.9447
vn -0.0659 0.4268 0.9019
vn 0.0019 0.2868 0.9580
vn 0.0035 0.9740 -0.2267
vn 0.1401 0.2965 -0.9447
vn 0.0659 0.4268 0.9019
vn 0.0270 -0.9996 0.0010
vn 0.0277 -0.9996 0.0005
vn 0.0000 -1.0000 0.0005
vn -0.0277 -0.9996 0.0005
vn -0.0270 -0.9996 0.0010
vn 0.0000 -0.1760 -0.9844
vn -0.0359 -0.3145 -0.9486
vn -0.0711 -0.4461 -0.8922
vn 0.0000 -0.4472 0.8944
vn -0.0142 -0.3149 0.9490
vn -0.0280 -0.1760 0.9840
vn -0.3691 0.4079 -0.8351
vn -0.3391 0.3670 -0.8662
vn -0.3080 0.3248 -0.8943
vn -0.3006 0.3322 0.8940
vn -0.3406 0.3668 0.8657
vn -0.3794 0.4001 0.8342
vn 0.6710 -0.7415 -0.0000
vn 0.0000 0.0000 -1.0000
vn 0.0000 -0.0000 1.0000
vn 0.0000 0.9937 0.1121
vn -0.0634 -0.9236 -0.3782
vn -0.0585 -0.9317 -0.3585
vn -0.0921 -0.9202 -0.3805
vn -0.0969 -0.9315 -0.3506
vn -0.1400 -0.9119 -0.3858
vn -0.1327 -0.9312 -0.3395
vn -0.0594 -0.9468 -0.3162
vn -0.1125 -0.9424 -0.3149
vn -0.1488 -0.9385 -0.3115
vn 0.9917 -0.0350 0.1240
vn 0.9911 -0.0304 0.1299
vn 0.9928 -0.0287 0.1162
vn 0.9950 -0.0313 0.0952
vn 0.9989 -0.0366 0.0297
vn 0.9998 -0.0207 -0.0026
vn 0.9994 -0.0095 -0.0346
vn 0.9997 0.0224 -0.0081
vn 0.0612 -0.9976 -0.0319
vn 0.0160 -0.9993 -0.0349
vn -0.0282 -0.9993 -0.0254
vn -0.0792 -0.9960 -0.0423
vn -0.1558 -0.9875 -0.0241
vn -0.1634 -0.9848 -0.0598
vn -0.0556 -0.9961 -0.0691
vn -0.0008 -0.9985 -0.0550
vn 0.0034 -0.9983 -0.0583
vn 0.0065 -0.9979 -0.0646
vn 0.0017 -0.9979 -0.0653
vn -0.0033 -0.9979 -0.0653
vn -0.0218 -0.0116 0.9997
vn 0.0047 -0.0103 0.9999
vn -0.0111 -0.0089 0.9999
vn -0.0007 -0.0061 1.0000
vn 0.0205 -0.0117 0.9997
vn 0.0421 -0.0172 0.9990
vn 0.0537 0.3324 -0.9416
vn -0.0415 0.8310 -0.5548
vn 0.0010 0.5692 -0.8222
vn -0.0608 0.8138 -0.5779
vn -0.0207 0.4678 -0.8836
vn -0.0529 0.8074 -0.5876
vn 0.0192 0.0260 -0.9995
vn -0.0095 0.0253 -0.9996
vn -0.0010 0.0055 -1.0000
vn -0.9917 -0.0352 0.1239
vn -0.9928 -0.0288 0.1161
vn -0.9911 -0.0306 0.1298
vn -0.9950 -0.0314 0.0952
vn -0.9989 -0.0367 0.0296
vn -0.9998 -0.0208 -0.0027
vn -0.9994 -0.0096 -0.0346
vn -0.9997 0.0224 -0.0081
vn -0.0612 -0.9976 -0.0319
vn 0.0282 -0.9993 -0.0254
vn -0.0160 -0.9993 -0.0349
vn 0.0792 -0.9960 -0.0423
vn 0.1558 -0.9875 -0.0241
vn 0.1634 -0.9848 -0.0598
vn 0.0556 -0.9961 -0.0691
vn 0.0007 -0.9985 -0.0550
vn 0.0033 -0.9979 -0.0653
vn -0.0018 -0.9979 -0.0653
vn -0.0065 -0.9979 -0.0647
vn 0.0218 -0.0116 0.9997
vn 0.0111 -0.0089 0.9999
vn -0.0047 -0.0103 0.9999
vn 0.0007 -0.0061 1.0000
vn -0.0205 -0.0117 0.9997
vn -0.0421 -0.0172 0.9990
vn 0.0000 -0.4963 0.8681
vn 0.0000 -0.0815 0.9967
vn 0.0000 0.4730 0.8811
vn 0.0000 0.8019 0.5975
vn 0.0000 -0.4963 -0.8681
vn 0.0000 -0.0815 -0.9967
vn 0.0000 0.4730 -0.8811
vn 0.0000 0.8019 -0.5975
vn -0.4856 0.7751 0.4043
vn -0.0828 0.9462 0.3127
vn -0.0393 0.9599 0.2777
vn -0.0205 0.9861 0.1650
vn -0.0091 0.9891 0.1473
vn 0.0060 0.9967 0.0810
vn 0.0135 0.9936 0.1119
vn 0.0031 -0.9985 -0.0552
vn 0.0030 -0.9985 -0.0549
vn 0.0029 -0.9985 -0.0546
vn -0.0139 -0.9925 0.1212
vn -0.0161 -0.9924 0.1222
vn -0.0184 -0.9922 0.1232
vn -0.0107 0.0000 -0.9999
vn -0.0214 0.0000 -0.9998
vn -0.0322 0.0000 -0.9995
vn -0.8930 -0.1687 -0.4171
vn -0.9083 -0.0847 -0.4096
vn -0.9170 0.0000 -0.3990
vn -0.9996 -0.0004 0.0283
vn -0.9989 0.0239 0.0411
vn -0.9979 0.0167 0.0631
vn -0.9988 0.0381 0.0316
vn -0.9977 0.0429 -0.0521
vn -0.9928 0.0298 -0.1162
vn -0.9845 0.0235 -0.1737
vn -0.9809 -0.0012 -0.1943
vn -0.0590 -0.0146 0.9981
vn -0.1023 -0.0146 0.9946
vn -0.1457 -0.0147 0.9892
vn -0.1886 -0.0147 0.9820
vn -0.1888 -0.0151 0.9819
vn -0.0135 0.9936 0.1119
vn -0.0060 0.9967 0.0810
vn 0.0091 0.9891 0.1473
vn 0.0205 0.9861 0.1650
vn 0.0393 0.9599 0.2777
vn -0.0031 -0.9985 -0.0552
vn -0.0030 -0.9985 -0.0549
vn -0.0029 -0.9985 -0.0546
vn 0.9997 0.0262 0.0005
vn 0.9889 -0.1472 0.0189
vn 0.9480 -0.3161 0.0367
vn 0.1834 -0.9778 -0.1014
vn 0.1794 -0.9789 -0.0974
vn 0.2953 -0.9502 -0.0997
vn 0.3869 -0.9170 -0.0966
vn 0.1779 -0.9798 -0.0913
vn 0.4187 -0.9031 -0.0955
vn 0.2366 -0.9665 -0.0992
vn 0.5101 -0.8533 -0.1079
vn 0.3233 -0.8876 -0.3282
vn 0.6441 -0.7179 -0.2640
vn 0.4870 -0.5965 -0.6380
vn 0.9021 -0.3537 -0.2472
vn 0.7540 -0.2186 -0.6194
vn 0.9814 -0.0236 -0.1904
vn 0.8062 -0.0002 -0.5916
vn 0.9524 0.2449 -0.1817
vn 0.8249 0.2148 -0.5229
vn 0.9131 0.3663 -0.1793
vn 0.7784 0.3258 -0.5366
vn 0.6046 0.7536 -0.2579
vn 0.2254 -0.6475 -0.7279
vn 0.4290 -0.2729 -0.8611
vn 0.5740 -0.0301 -0.8183
vn 0.4989 0.2165 -0.8392
vn 0.9036 -0.4157 -0.1032
vn 0.9958 -0.0219 -0.0886
vn 0.9437 0.3244 -0.0654
vn 0.8766 0.4794 -0.0427
vn 0.5838 0.8115 -0.0247
vn 0.1599 0.9871 -0.0059
vn 0.1751 0.9001 -0.3990
vn 0.3838 0.6082 -0.6948
vn 0.1330 0.6609 -0.7386
vn 0.1171 0.9930 -0.0129
vn 0.5064 0.8619 -0.0263
vn 0.8063 0.5904 -0.0359
vn 0.9159 0.3978 -0.0527
vn 0.9970 0.0152 -0.0755
vn 0.1015 0.9948 -0.0040
vn 0.4822 0.8760 -0.0087
vn 0.7884 0.6149 -0.0198
vn 0.9113 0.4104 -0.0332
vn 0.9958 0.0711 -0.0568
vn 0.9810 -0.1794 -0.0740
vn 0.9391 0.3414 -0.0403
vn 0.7835 0.6211 -0.0170
vn 0.5933 0.8050 -0.0058
vn 0.0951 0.9954 0.0140
vn 0.7263 -0.6805 -0.0974
vn 0.8160 -0.5713 -0.0876
vn 0.9513 -0.2996 -0.0724
vn 0.8327 -0.5461 -0.0913
vn 0.9531 -0.2896 -0.0877
vn 0.9499 0.2813 0.1365
vn 0.9620 0.2014 0.1846
vn 0.8760 0.4412 0.1950
vn 0.8225 0.5227 0.2243
vn 0.5290 0.8300 0.1765
vn -0.9984 -0.0244 -0.0506
vn -0.0591 -0.1232 -0.9906
vn -0.0589 -0.1226 -0.9907
vn -0.0588 -0.1221 -0.9908
vn 0.0433 0.1222 0.9916
vn 0.0432 0.1226 0.9915
vn 0.0431 0.1230 0.9915
vn 0.0573 0.9959 0.0694
vn 0.1618 0.9527 0.2574
vn 0.1184 0.9865 0.1131
vn 0.1850 0.8984 0.3984
vn 0.1836 0.8402 0.5102
vn 0.1297 0.8609 0.4920
vn 0.0139 -0.9925 0.1212
vn 0.0161 -0.9924 0.1222
vn 0.0184 -0.9922 0.1232
vn 0.0322 0.0000 -0.9995
vn 0.0214 0.0000 -0.9998
vn 0.0107 0.0000 -0.9999
vn 0.8930 -0.1687 -0.4171
vn 0.9083 -0.0847 -0.4096
vn 0.9170 0.0000 -0.3990
vn 0.9809 -0.0012 -0.1943
vn 0.9845 0.0235 -0.1737
vn 0.9928 0.0298 -0.1162
vn 0.9977 0.0429 -0.0521
vn 0.9988 0.0381 0.0316
vn 0.9989 0.0239 0.0411
vn 0.9979 0.0167 0.0631
vn 0.9996 -0.0004 0.0283
vn 0.1888 -0.0151 0.9819
vn 0.1886 -0.0147 0.9820
vn 0.1457 -0.0147 0.9892
vn 0.1023 -0.0146 0.9946
vn 0.0590 -0.0146 0.9981
# 1042 vertex normals

vt 0.0348 1.1109 0.0000
vt 0.0635 1.1644 0.0000
vt 0.0348 1.1644 0.0000
vt 0.0635 1.1109 0.0000
vt 0.0922 1.1644 0.0000
vt 0.2645 1.1109 0.0000
vt 0.2645 1.1644 0.0000
vt 0.2357 1.1109 0.0000
vt 0.2357 1.1644 0.0000
vt 0.2070 1.1109 0.0000
vt 0.2070 1.1644 0.0000
vt 0.1783 1.1109 0.0000
vt 0.1783 1.1644 0.0000
vt 0.1496 1.1109 0.0000
vt 0.1496 1.1644 0.0000
vt 0.1209 1.1109 0.0000
vt 0.1209 1.1644 0.0000
vt 0.0922 1.1109 0.0000
vt 0.8635 1.7904 0.0000
vt 0.8615 1.8368 0.0000
vt 0.9686 1.8515 0.0000
vt 0.9365 1.8528 0.0000
vt 0.9365 1.8682 0.0000
vt 0.8477 1.8540 0.0000
vt 0.8477 1.8883 0.0000
vt 0.7469 1.8590 0.0000
vt 0.7481 1.9002 0.0000
vt 0.6462 1.8793 0.0000
vt 0.6460 1.9086 0.0000
vt 0.5913 1.8785 0.0000
vt 0.5635 1.9119 0.0000
vt 0.5759 1.8650 0.0000
vt 0.5533 1.8953 0.0000
vt 0.4923 1.8635 0.0000
vt 0.4597 1.8796 0.0000
vt 0.3411 1.8699 0.0000
vt 0.3287 1.9052 0.0000
vt 0.2473 1.8736 0.0000
vt 0.3648 1.8433 0.0000
vt 0.6315 1.8439 0.0000
vt 0.6400 1.8577 0.0000
vt 0.7457 1.8368 0.0000
vt 0.6434 1.9347 0.0000
vt 0.5715 1.9324 0.0000
vt 0.7497 1.9320 0.0000
vt 0.8543 1.9159 0.0000
vt 0.9412 1.8807 0.0000
vt 0.9686 1.8690 0.0000
vt 0.9698 1.8924 0.0000
vt 0.8627 1.9428 0.0000
vt 0.7516 1.9677 0.0000
vt 0.6340 1.9707 0.0000
vt 0.5532 1.9467 0.0000
vt 0.5457 1.9814 0.0000
vt 0.6298 1.9994 0.0000
vt 0.7509 1.9987 0.0000
vt 0.8731 1.9700 0.0000
vt 0.9692 1.9123 0.0000
vt 0.9686 1.8037 0.0000
vt 0.8635 1.7647 0.0000
vt 0.9686 1.8279 0.0000
vt 0.6330 1.6698 0.0000
vt 0.7464 1.7181 0.0000
vt 0.7508 1.6999 0.0000
vt 0.8664 1.7430 0.0000
vt 0.8716 1.7236 0.0000
vt 0.9692 1.7751 0.0000
vt 0.8783 1.7001 0.0000
vt 0.9680 1.7490 0.0000
vt 0.6353 1.6995 0.0000
vt 0.5211 1.6632 0.0000
vt 0.5159 1.6162 0.0000
vt 0.5016 1.6633 0.0000
vt 0.4068 1.6502 0.0000
vt 0.4068 1.6574 0.0000
vt 0.3978 1.6574 0.0000
vt 0.4056 1.6220 0.0000
vt 0.4032 1.5829 0.0000
vt 0.6287 1.6229 0.0000
vt 0.5151 1.5814 0.0000
vt 0.6280 1.5928 0.0000
vt 0.5021 1.6852 0.0000
vt 0.5021 1.6636 0.0000
vt 0.3987 1.6802 0.0000
vt 0.3987 1.6655 0.0000
vt 0.2933 1.6567 0.0000
vt 0.2928 1.6411 0.0000
vt 0.2925 1.6225 0.0000
vt 0.2940 1.5765 0.0000
vt 0.2055 1.5702 0.0000
vt 0.2067 1.6180 0.0000
vt 0.2095 1.6427 0.0000
vt 0.2169 1.6569 0.0000
vt 0.2916 1.6796 0.0000
vt 0.2248 1.6779 0.0000
vt 0.2971 1.7248 0.0000
vt 0.1164 1.6465 0.0000
vt 0.1245 1.6590 0.0000
vt 0.3987 1.8281 0.0000
vt 0.3987 1.7650 0.0000
vt 0.3749 1.8256 0.0000
vt 0.3987 1.7524 0.0000
vt 0.1344 1.6195 0.0000
vt 0.1039 1.6385 0.0000
vt 0.0830 1.6793 0.0000
vt 0.1318 1.6823 0.0000
vt 0.2318 1.7118 0.0000
vt 0.2942 1.8019 0.0000
vt 0.3987 1.8286 0.0000
vt 0.5060 1.8417 0.0000
vt 0.1339 1.7015 0.0000
vt 0.2298 1.7362 0.0000
vt 0.2833 1.8258 0.0000
vt 0.2693 1.8528 0.0000
vt 0.1276 1.5770 0.0000
vt 0.0794 1.6193 0.0000
vt 0.0612 1.6782 0.0000
vt 0.0830 1.6984 0.0000
vt 0.1416 1.7162 0.0000
vt 0.1997 1.7452 0.0000
vt 0.1772 1.7599 0.0000
vt 0.1549 1.7885 0.0000
vt 0.1447 1.8079 0.0000
vt 0.1118 1.7775 0.0000
vt 0.1297 1.7549 0.0000
vt 0.1464 1.7341 0.0000
vt 0.1469 1.7257 0.0000
vt 0.1062 1.7205 0.0000
vt 0.0514 1.7009 0.0000
vt 0.0270 1.6680 0.0000
vt 0.0855 1.7414 0.0000
vt 0.0201 1.7036 0.0000
vt 0.0637 1.7500 0.0000
vt 0.4205 1.9066 0.0000
vt 0.4085 1.9269 0.0000
vt 0.6346 1.7688 0.0000
vt 0.7480 1.7765 0.0000
vt 0.5250 1.7642 0.0000
vt 0.5243 1.6864 0.0000
vt 0.5021 1.8281 0.0000
vt 0.5021 1.7622 0.0000
vt 0.7040 1.4794 0.0000
vt 0.7021 1.4663 0.0000
vt 0.6322 1.4755 0.0000
vt 0.6322 1.4610 0.0000
vt 0.7032 1.4531 0.0000
vt 0.6319 1.4433 0.0000
vt 0.7027 1.4318 0.0000
vt 0.6343 1.4199 0.0000
vt 0.7018 1.4856 0.0000
vt 0.8868 1.4809 0.0000
vt 0.8874 1.4711 0.0000
vt 0.8878 1.4557 0.0000
vt 0.6342 1.4823 0.0000
vt 0.4903 1.4727 0.0000
vt 0.4903 1.4483 0.0000
vt 0.4898 1.4230 0.0000
vt 0.4908 1.4015 0.0000
vt 0.9702 1.5287 0.0000
vt 0.9695 1.5278 0.0000
vt 0.8871 1.5362 0.0000
vt 0.8869 1.5315 0.0000
vt 0.9694 1.5205 0.0000
vt 0.8868 1.5193 0.0000
vt 0.9697 1.5119 0.0000
vt 0.8868 1.5091 0.0000
vt 0.9697 1.5003 0.0000
vt 0.8868 1.4951 0.0000
vt 0.9697 1.4884 0.0000
vt 0.9694 1.4833 0.0000
vt 0.9701 1.4671 0.0000
vt 0.9829 1.4911 0.0000
vt 0.9840 1.4806 0.0000
vt 0.7040 1.5046 0.0000
vt 0.7040 1.5186 0.0000
vt 0.7039 1.5382 0.0000
vt 0.7052 1.5519 0.0000
vt 0.6319 1.5184 0.0000
vt 0.6334 1.5372 0.0000
vt 0.6336 1.5517 0.0000
vt 0.4903 1.5143 0.0000
vt 0.4812 1.5267 0.0000
vt 0.4846 1.5519 0.0000
vt 0.9876 1.4984 0.0000
vt 0.9829 1.4942 0.0000
vt 0.9876 1.5032 0.0000
vt 0.9829 1.5014 0.0000
vt 0.9876 1.5095 0.0000
vt 0.9829 1.5085 0.0000
vt 0.9829 1.5137 0.0000
vt 0.9829 1.5173 0.0000
vt 0.9840 1.5265 0.0000
vt 0.0455 1.8228 0.0000
vt 0.0455 1.8431 0.0000
vt 0.0282 1.8228 0.0000
vt 0.0079 1.8431 0.0000
vt 0.0282 1.7881 0.0000
vt 0.0079 1.7678 0.0000
vt 0.0455 1.7881 0.0000
vt 0.0455 1.7678 0.0000
vt 0.0629 1.7881 0.0000
vt 0.0831 1.7678 0.0000
vt 0.0629 1.8228 0.0000
vt 0.0831 1.8431 0.0000
vt 0.1315 1.5265 0.0000
vt 0.0830 1.5117 0.0000
vt 0.1198 1.5522 0.0000
vt 0.0826 1.5522 0.0000
vt 0.0139 1.5042 0.0000
vt 0.0065 1.5548 0.0000
vt 0.0182 1.4568 0.0000
vt 0.0826 1.4568 0.0000
vt 0.1316 1.4568 0.0000
vt 0.0182 1.3999 0.0000
vt 0.0826 1.3999 0.0000
vt 0.1284 1.3999 0.0000
vt 0.0196 1.3608 0.0000
vt 0.0821 1.3643 0.0000
vt 0.1315 1.3695 0.0000
vt 0.2749 1.5450 0.0000
vt 0.2749 1.5118 0.0000
vt 0.2165 1.5484 0.0000
vt 0.2165 1.5118 0.0000
vt 0.2749 1.4695 0.0000
vt 0.2165 1.4695 0.0000
vt 0.2754 1.4275 0.0000
vt 0.2126 1.4338 0.0000
vt 0.2749 1.3913 0.0000
vt 0.2060 1.3892 0.0000
vt 0.3190 1.5368 0.0000
vt 0.3213 1.5118 0.0000
vt 0.3213 1.4695 0.0000
vt 0.3194 1.4151 0.0000
vt 0.3088 1.3913 0.0000
vt 0.1730 1.3115 0.0000
vt 0.1850 1.2827 0.0000
vt 0.1443 1.2827 0.0000
vt 0.1730 1.2539 0.0000
vt 0.1443 1.2420 0.0000
vt 0.1155 1.3115 0.0000
vt 0.1443 1.3234 0.0000
vt 0.1036 1.2827 0.0000
vt 0.1155 1.2539 0.0000
vt 0.7515 1.6629 0.0000
vt 0.7548 1.6252 0.0000
vt 0.2692 1.3657 0.0000
vt 0.2710 1.3465 0.0000
vt 0.1944 1.3680 0.0000
vt 0.1924 1.3304 0.0000
vt 0.2769 1.2937 0.0000
vt 0.1939 1.2916 0.0000
vt 0.1917 1.3267 0.0000
vt 0.1950 1.2972 0.0000
vt 0.1879 1.3645 0.0000
vt 0.0000 1.0000 0.0000
vt 0.7515 1.2726 0.0000
vt 0.7127 1.2273 0.0000
vt 0.7606 1.1774 0.0000
vt 0.8498 1.3196 0.0000
vt 0.7948 1.3227 0.0000
vt 0.8176 1.1888 0.0000
vt 0.8316 1.2469 0.0000
vt 0.7871 1.1830 0.0000
vt 0.7884 1.2409 0.0000
vt 0.8635 1.2904 0.0000
vt 0.9400 1.2904 0.0000
vt 0.8635 1.3183 0.0000
vt 0.9466 1.3183 0.0000
vt 0.8635 1.3520 0.0000
vt 0.9556 1.3520 0.0000
vt 0.8635 1.3862 0.0000
vt 0.9651 1.3862 0.0000
vt 0.8668 1.4249 0.0000
vt 0.9722 1.4249 0.0000
vt 0.0268 1.8697 0.0000
vt 0.1198 1.8697 0.0000
vt 0.0263 1.8930 0.0000
vt 0.1159 1.8930 0.0000
vt 0.0263 1.9224 0.0000
vt 0.0950 1.9224 0.0000
vt 0.0263 1.9521 0.0000
vt 0.0846 1.9521 0.0000
vt 0.0280 1.9786 0.0000
vt 0.0954 1.9786 0.0000
vt 0.9676 1.5539 0.0000
vt 0.9750 1.5996 0.0000
vt 0.9657 1.6002 0.0000
vt 0.9843 1.7096 0.0000
vt 0.9725 1.7103 0.0000
vt 0.4831 1.1505 0.0000
vt 0.4211 1.1504 0.0000
vt 0.4837 1.1622 0.0000
vt 0.4359 1.2192 0.0000
vt 0.3999 1.2192 0.0000
vt 0.4889 1.3805 0.0000
vt 0.4471 1.3781 0.0000
vt 0.3555 1.1998 0.0000
vt 0.3413 1.2220 0.0000
vt 0.4337 1.3736 0.0000
vt 0.4836 1.1624 0.0000
vt 0.1951 1.3444 0.0000
vt 0.3197 1.3627 0.0000
vt 0.3157 1.3626 0.0000
vt 0.1973 1.3714 0.0000
vt 0.1933 1.3713 0.0000
vt 0.1984 1.3321 0.0000
vt 0.1944 1.3320 0.0000
vt 0.1994 1.2913 0.0000
vt 0.1954 1.2912 0.0000
vt 0.1992 1.3320 0.0000
vt 0.1952 1.3319 0.0000
vt 0.1982 1.3712 0.0000
vt 0.1942 1.3711 0.0000
vt 0.3206 1.3626 0.0000
vt 0.3166 1.3625 0.0000
vt 0.2000 1.3444 0.0000
vt 0.1959 1.3443 0.0000
vt 0.2007 1.3168 0.0000
vt 0.1967 1.3167 0.0000
vt 0.2004 1.2927 0.0000
vt 0.1964 1.2926 0.0000
vt 0.1998 1.3169 0.0000
vt 0.1958 1.3168 0.0000
vt 0.1991 1.3445 0.0000
vt 0.3684 1.3414 0.0000
vt 0.3101 1.3360 0.0000
vt 0.3684 1.3794 0.0000
vt 0.3101 1.3618 0.0000
vt 0.3684 1.2799 0.0000
vt 0.3101 1.2941 0.0000
vt 0.2037 1.2032 0.0000
vt 0.2634 1.1847 0.0000
vt 0.2469 1.2331 0.0000
vt 0.3003 1.2331 0.0000
vt 0.2634 1.2814 0.0000
vt 0.2037 1.2629 0.0000
vt 0.1964 1.3618 0.0000
vt 0.1964 1.3360 0.0000
vt 0.1964 1.2941 0.0000
vt 0.9180 1.0794 0.0000
vt 0.9832 1.0794 0.0000
vt 0.9180 1.1208 0.0000
vt 0.9832 1.1208 0.0000
vt 0.9209 1.2024 0.0000
vt 0.9803 1.2024 0.0000
vt 0.9180 1.1192 0.0000
vt 0.9832 1.1192 0.0000
vt 0.9180 1.0743 0.0000
vt 0.9832 1.0743 0.0000
vt 0.0434 1.3022 0.0000
vt 0.0408 1.2576 0.0000
vt 0.0734 1.3022 0.0000
vt 0.0728 1.2568 0.0000
vt 0.0229 1.2351 0.0000
vt 0.0536 1.2322 0.0000
vt 0.9840 1.0805 0.0000
vt 0.9180 1.0805 0.0000
vt 0.9840 1.0443 0.0000
vt 0.9180 1.0443 0.0000
vt 0.8945 1.0266 0.0000
vt 0.8512 1.0266 0.0000
vt 0.8945 1.1663 0.0000
vt 0.8512 1.1663 0.0000
vt 0.9840 1.0250 0.0000
vt 0.9180 1.0250 0.0000
vt 0.9840 1.0605 0.0000
vt 0.9180 1.0605 0.0000
vt 0.8945 1.1691 0.0000
vt 0.8512 1.1691 0.0000
vt 0.8945 1.0299 0.0000
vt 0.8512 1.0299 0.0000
vt 0.0191 1.2357 0.0000
vt 0.0168 1.2159 0.0000
vt 0.1307 1.2247 0.0000
vt 0.1281 1.2054 0.0000
vt 0.9900 1.7218 0.0000
vt 0.9751 1.7218 0.0000
vt 0.9900 1.5966 0.0000
vt 0.9751 1.5966 0.0000
vt 0.9900 1.5501 0.0000
vt 0.9751 1.5501 0.0000
vt 0.6929 1.1536 0.0000
vt 0.6973 1.0521 0.0000
vt 0.7231 1.1536 0.0000
vt 0.7186 1.0521 0.0000
vt 0.9937 1.7542 0.0000
vt 0.9690 1.7542 0.0000
vt 0.9937 1.5449 0.0000
vt 0.9690 1.5449 0.0000
vt 0.9999 1.6753 0.0000
vt 0.9950 1.5522 0.0000
vt 0.9645 1.6753 0.0000
vt 0.9693 1.5522 0.0000
vt 0.3645 1.1051 0.0000
vt 0.5160 1.1130 0.0000
vt 0.5197 1.1288 0.0000
vt 0.3615 1.1412 0.0000
vt 0.9664 1.5540 0.0000
vt 0.8281 1.1481 0.0000
vt 0.8281 1.0960 0.0000
vt 0.7607 1.1500 0.0000
vt 0.7448 1.0979 0.0000
vt 0.8281 1.0857 0.0000
vt 0.7420 1.0876 0.0000
vt 0.8281 1.0261 0.0000
vt 0.7458 1.0280 0.0000
vt 0.8281 1.0140 0.0000
vt 0.7577 1.0159 0.0000
vt 0.8281 1.0123 0.0000
vt 0.7615 1.0141 0.0000
vt 0.5170 1.2567 0.0000
vt 0.5170 1.2674 0.0000
vt 0.6098 1.2560 0.0000
vt 0.6100 1.2667 0.0000
vt 0.5170 1.3794 0.0000
vt 0.6085 1.3788 0.0000
vt 0.6099 1.3794 0.0000
vt 0.5170 1.3800 0.0000
vt 0.7543 1.0154 0.0000
vt 0.7542 1.0326 0.0000
vt 0.8186 1.0172 0.0000
vt 0.8330 1.0345 0.0000
vt 0.7542 1.0941 0.0000
vt 0.8384 1.0959 0.0000
vt 0.7545 1.1467 0.0000
vt 0.8225 1.1485 0.0000
vt 0.4401 1.9868 0.0000
vt 0.4401 1.9760 0.0000
vt 0.3840 1.9867 0.0000
vt 0.3848 1.9748 0.0000
vt 0.2741 1.9835 0.0000
vt 0.2741 1.9698 0.0000
vt 0.4383 1.9612 0.0000
vt 0.3859 1.9586 0.0000
vt 0.2741 1.9512 0.0000
vt 0.4961 1.9271 0.0000
vt 0.2092 1.6464 0.0000
vt 0.1429 1.6488 0.0000
vt 0.1420 1.6474 0.0000
vt 0.2077 1.6460 0.0000
vt 0.4762 1.9619 0.0000
vt 0.9248 1.6819 0.0000
vt 0.8336 1.6439 0.0000
vt 0.9434 1.6197 0.0000
vt 0.8486 1.5941 0.0000
vt 0.9623 1.5628 0.0000
vt 0.8663 1.5468 0.0000
vt 0.7389 1.6113 0.0000
vt 0.7503 1.5729 0.0000
vt 0.7576 1.5519 0.0000
vt 0.3166 1.3278 0.0000
vt 0.3175 1.2944 0.0000
vt 0.3175 1.3277 0.0000
vt 0.2052 1.8968 0.0000
vt 0.2051 1.9410 0.0000
vt 0.2608 1.9175 0.0000
vt 0.2791 1.9505 0.0000
vt 0.2542 1.9793 0.0000
vt 0.1232 1.9394 0.0000
vt 0.1488 1.9039 0.0000
vt 0.1422 1.9716 0.0000
vt 0.1978 1.9880 0.0000
vt 0.9607 1.7293 0.0000
vt 0.9686 1.7422 0.0000
vt 0.1519 1.4812 0.0000
vt 0.1625 1.5268 0.0000
vt 0.1696 1.4799 0.0000
vt 0.1938 1.4473 0.0000
vt 0.1768 1.4471 0.0000
vt 0.1871 1.3833 0.0000
vt 0.1787 1.4017 0.0000
vt 0.1416 1.3407 0.0000
vt 0.1648 1.3843 0.0000
vt 0.1495 1.3934 0.0000
vt 0.1513 1.4132 0.0000
vt 0.1494 1.4517 0.0000
vt 0.8656 1.2650 0.0000
vt 0.8657 1.2257 0.0000
vt 0.9756 1.2638 0.0000
vt 0.9757 1.2246 0.0000
vt 0.6871 1.9069 0.0000
vt 0.6871 1.8177 0.0000
vt 0.7786 1.9069 0.0000
vt 0.7786 1.8177 0.0000
vt 0.9758 1.2656 0.0000
vt 0.9759 1.2263 0.0000
vt 0.8682 1.2700 0.0000
vt 0.8683 1.2308 0.0000
vt 0.0121 1.7890 0.0000
vt 0.0213 1.7773 0.0000
vt 0.0743 1.8583 0.0000
vt 0.1003 1.8223 0.0000
vt 0.3399 1.1922 0.0000
vt 0.3358 1.1317 0.0000
vt 0.2930 1.1922 0.0000
vt 0.2971 1.1317 0.0000
vt 0.3321 1.1079 0.0000
vt 0.3008 1.1079 0.0000
vt 0.3379 1.1921 0.0000
vt 0.3337 1.1284 0.0000
vt 0.3138 1.1921 0.0000
vt 0.3138 1.1284 0.0000
vt 0.3299 1.1033 0.0000
vt 0.3138 1.1033 0.0000
vt 0.2896 1.1921 0.0000
vt 0.2938 1.1284 0.0000
vt 0.2976 1.1033 0.0000
vt 0.2657 1.1677 0.0000
vt 0.2657 1.1490 0.0000
vt 0.2540 1.1229 0.0000
vt 0.2529 1.1442 0.0000
vt 0.4980 1.1644 0.0000
vt 0.4999 1.1665 0.0000
vt 0.6722 1.1645 0.0000
vt 0.6721 1.2393 0.0000
vt 0.6732 1.2112 0.0000
vt 0.4941 1.2398 0.0000
vt 0.4961 1.2374 0.0000
vt 0.6126 1.3830 0.0000
vt 0.6126 1.2564 0.0000
vt 0.5159 1.3833 0.0000
vt 0.5159 1.2565 0.0000
vt 0.0251 1.1677 0.0000
vt 0.0251 1.1463 0.0000
vt 0.0321 1.1262 0.0000
vt 0.0346 1.1424 0.0000
vt 0.8226 1.0520 0.0000
vt 0.8226 1.0139 0.0000
vt 0.7624 1.0502 0.0000
vt 0.7624 1.0139 0.0000
vt 0.7624 1.0466 0.0000
vt 0.7624 1.0147 0.0000
vt 0.8241 1.0466 0.0000
vt 0.8241 1.0147 0.0000
vt 0.7631 1.0982 0.0000
vt 0.7631 1.0488 0.0000
vt 0.8220 1.0982 0.0000
vt 0.8220 1.0488 0.0000
vt 0.2676 1.3696 0.0000
vt 0.3685 1.3707 0.0000
vt 0.2164 1.2900 0.0000
vt 0.3651 1.2915 0.0000
vt 0.1909 1.3683 0.0000
vt 0.3675 1.3709 0.0000
vt 0.2656 1.2884 0.0000
vt 0.3563 1.2903 0.0000
vt 0.1963 1.3710 0.0000
vt 0.1955 1.2893 0.0000
vt 0.2257 1.3718 0.0000
vt 0.2302 1.2894 0.0000
vt 0.2489 1.3707 0.0000
vt 0.2650 1.2900 0.0000
vt 0.2698 1.3715 0.0000
vt 0.2324 1.3708 0.0000
vt 0.1956 1.3708 0.0000
vt 0.1958 1.2900 0.0000
vt 0.2298 1.2906 0.0000
vt 0.2719 1.2903 0.0000
vt 0.3214 1.3600 0.0000
vt 0.3196 1.3288 0.0000
vt 0.1947 1.3596 0.0000
vt 0.2013 1.3316 0.0000
vt 0.2068 1.2998 0.0000
vt 0.3232 1.3037 0.0000
vt 0.9900 1.5793 0.0000
vt 0.9751 1.5793 0.0000
vt 0.7239 1.0144 0.0000
vt 0.6920 1.0144 0.0000
vt 0.7374 1.0380 0.0000
vt 0.6785 1.0380 0.0000
vt 0.6720 1.1950 0.0000
vt 0.0196 1.3350 0.0000
vt 0.0830 1.3378 0.0000
vt 0.6329 1.5031 0.0000
vt 0.4903 1.4967 0.0000
# 575 texture coords

o Bone03_mesh
g Bone03_mesh
usemtl Animal_Control_Chopper_Material_000001
s 1
f 1/1/1 2/2/2 3/3/1 
f 1/1/1 4/4/2 2/2/2 
f 4/4/2 5/5/3 2/2/2 
f 1/6/4 3/7/4 6/8/5 
f 3/7/4 7/9/6 6/8/5 
f 6/8/5 7/9/6 8/10/7 
f 7/9/6 9/11/8 8/10/7 
f 8/10/8 9/11/8 10/12/9 
f 9/11/8 11/13/10 10/12/9 
f 10/12/9 11/13/10 12/14/11 
f 11/13/10 13/15/12 12/14/11 
f 12/14/11 13/15/12 14/16/13 
f 13/15/12 15/17/14 14/16/13 
f 14/16/13 15/17/14 16/18/15 
f 15/17/14 5/5/3 16/18/15 
f 16/18/16 5/5/16 4/4/16 
f 17/19/17 18/20/18 19/21/19 
f 18/20/18 20/22/20 19/21/19 
f 19/21/19 20/22/20 21/23/21 
f 20/22/20 22/24/22 21/23/21 
f 21/23/21 22/24/22 23/25/23 
f 22/24/22 24/26/24 23/25/23 
f 23/25/23 24/26/24 25/27/25 
f 24/26/24 26/28/26 25/27/25 
f 25/27/25 26/28/26 27/29/27 
f 26/28/26 28/30/28 27/29/27 
f 27/29/27 28/30/28 29/31/29 
f 28/30/28 30/32/30 29/31/29 
f 29/31/29 30/32/30 31/33/31 
f 30/32/30 32/34/32 31/33/31 
f 31/33/31 32/34/32 33/35/33 
f 32/34/32 34/36/34 33/35/33 
f 33/35/33 34/36/34 35/37/35 
f 34/36/34 36/38/36 35/37/35 
f 37/39/37 34/36/34 32/34/32 
f 38/40/38 28/30/28 39/41/39 
f 28/30/28 26/28/26 39/41/39 
f 39/41/39 26/28/26 24/26/24 
f 20/22/20 18/20/18 22/24/22 
f 18/20/18 40/42/40 22/24/22 
f 22/24/22 40/42/40 24/26/24 
f 40/42/40 38/40/38 24/26/24 
f 24/26/24 38/40/38 39/41/39 
f 41/43/41 27/29/27 42/44/42 
f 27/29/27 29/31/29 42/44/42 
f 43/45/43 25/27/25 41/43/41 
f 25/27/25 27/29/27 41/43/41 
f 44/46/44 23/25/23 43/45/43 
f 23/25/23 25/27/25 43/45/43 
f 23/25/23 44/46/44 21/23/21 
f 44/46/44 45/47/45 21/23/21 
f 19/21/19 21/23/21 46/48/46 
f 21/23/21 45/47/45 46/48/46 
f 46/48/46 45/47/45 47/49/47 
f 45/47/45 44/46/44 47/49/47 
f 47/49/47 44/46/44 48/50/48 
f 44/46/44 43/45/43 48/50/49 
f 48/50/49 43/45/43 49/51/50 
f 43/45/43 41/43/41 49/51/50 
f 49/51/50 41/43/41 50/52/51 
f 41/43/41 42/44/42 50/52/52 
f 50/52/52 42/44/42 51/53/53 
f 42/44/42 31/33/31 51/53/53 
f 51/53/54 52/54/55 50/52/52 
f 52/54/55 53/55/56 50/52/52 
f 50/52/52 53/55/56 49/51/50 
f 53/55/56 54/56/57 49/51/50 
f 49/51/50 54/56/57 48/50/49 
f 54/56/57 55/57/58 48/50/49 
f 48/50/49 55/57/58 47/49/47 
f 55/57/58 56/58/59 47/49/47 
f 57/59/60 58/60/61 59/61/62 
f 58/60/61 17/19/17 59/61/62 
f 59/61/62 17/19/17 19/21/19 
f 60/62/63 61/63/64 62/64/65 
f 61/63/64 58/60/61 62/64/65 
f 62/64/65 58/60/61 63/65/66 
f 58/60/61 57/59/60 63/65/66 
f 63/65/66 57/59/60 64/66/67 
f 57/59/60 65/67/68 64/66/67 
f 64/66/67 65/67/68 66/68/69 
f 65/67/68 67/69/70 66/68/69 
f 61/63/64 60/62/63 68/70/71 
f 68/70/71 60/62/63 69/71/72 
f 60/62/63 70/72/73 69/71/72 
f 69/71/72 70/72/73 71/73/74 
f 70/72/73 72/74/75 71/73/74 
f 71/73/74 72/74/75 73/75/76 
f 72/74/75 74/76/77 73/75/76 
f 72/74/75 70/72/73 75/77/78 
f 70/72/73 76/78/79 75/77/78 
f 60/62/63 77/79/80 70/72/73 
f 77/79/80 78/80/81 70/72/73 
f 70/72/73 78/80/81 76/78/79 
f 79/81/82 78/80/81 77/79/80 
f 80/82/83 69/71/72 81/83/84 
f 81/83/84 69/71/72 71/73/74 
f 82/84/85 83/85/86 84/86/87 
f 83/85/86 74/76/77 84/86/87 
f 84/86/87 74/76/77 85/87/88 
f 74/76/77 72/74/75 85/87/88 
f 85/87/88 72/74/75 86/88/89 
f 72/74/75 75/77/78 86/88/89 
f 86/88/89 75/77/78 87/89/90 
f 75/77/78 76/78/79 87/89/90 
f 87/89/90 88/90/91 86/88/89 
f 88/90/91 89/91/92 86/88/89 
f 86/88/89 89/91/92 85/87/88 
f 89/91/92 90/92/93 85/87/88 
f 85/87/88 90/92/93 84/86/87 
f 90/92/93 91/93/94 84/86/87 
f 84/86/87 91/93/94 92/94/95 
f 91/93/94 93/95/96 92/94/95 
f 92/94/95 93/95/96 94/96/97 
f 90/92/93 95/97/98 91/93/94 
f 95/97/98 96/98/99 91/93/94 
f 91/93/94 96/98/100 93/95/96 
f 97/99/101 98/100/102 99/101/103 
f 98/100/102 100/102/104 99/101/103 
f 99/101/103 100/102/104 94/96/105 
f 100/102/104 82/84/85 94/96/97 
f 94/96/97 82/84/85 92/94/95 
f 82/84/85 84/86/87 92/94/95 
f 89/91/92 101/103/106 90/92/93 
f 101/103/106 102/104/107 90/92/93 
f 90/92/93 102/104/107 95/97/98 
f 102/104/107 103/105/108 95/97/98 
f 95/97/109 103/105/108 96/98/100 
f 103/105/108 104/106/110 96/98/100 
f 96/98/100 104/106/110 93/95/96 
f 104/106/110 105/107/111 93/95/96 
f 93/95/96 105/107/111 94/96/97 
f 105/107/111 106/108/112 94/96/97 
f 94/96/97 106/108/112 99/101/103 
f 106/108/112 37/39/37 99/101/103 
f 99/101/103 37/39/37 97/109/113 
f 37/39/37 32/34/32 97/109/113 
f 97/109/113 32/34/32 107/110/114 
f 32/34/32 30/32/30 107/110/114 
f 107/110/114 30/32/30 38/40/38 
f 30/32/30 28/30/28 38/40/38 
f 103/105/108 108/111/115 104/106/110 
f 104/106/110 108/111/115 105/107/111 
f 108/111/115 109/112/116 105/107/111 
f 105/107/111 109/112/116 106/108/112 
f 109/112/116 110/113/117 106/108/112 
f 106/108/112 110/113/117 37/39/37 
f 110/113/117 111/114/118 37/39/37 
f 37/39/37 111/114/118 34/36/34 
f 111/114/118 36/38/36 34/36/34 
f 112/115/119 113/116/120 101/103/106 
f 101/103/106 113/116/120 102/104/107 
f 113/116/120 114/117/121 102/104/107 
f 102/104/107 114/117/121 103/105/108 
f 114/117/121 115/118/122 103/105/108 
f 103/105/108 115/118/122 108/111/115 
f 115/118/122 116/119/123 108/111/115 
f 108/111/115 116/119/123 109/112/116 
f 116/119/123 117/120/124 109/112/116 
f 109/112/116 117/120/124 110/113/117 
f 117/120/124 118/121/125 110/113/117 
f 110/113/117 118/121/125 111/114/118 
f 118/121/125 119/122/126 111/114/118 
f 111/114/118 119/122/126 36/38/36 
f 119/122/126 120/123/127 36/38/36 
f 120/123/127 119/122/126 121/124/128 
f 121/124/128 119/122/126 122/125/129 
f 119/122/126 118/121/125 122/125/129 
f 122/125/129 118/121/125 123/126/130 
f 118/121/125 117/120/124 123/126/130 
f 123/126/130 117/120/124 124/127/131 
f 117/120/124 116/119/123 124/127/131 
f 124/127/131 116/119/123 125/128/132 
f 116/119/123 115/118/122 125/128/132 
f 125/128/132 115/118/122 126/129/133 
f 115/118/122 114/117/121 126/129/133 
f 126/129/133 114/117/121 127/130/134 
f 114/117/121 113/116/120 127/130/134 
f 124/127/131 125/128/132 123/126/130 
f 123/126/130 125/128/132 128/131/135 
f 125/128/132 126/129/133 128/131/135 
f 128/131/135 126/129/133 129/132/136 
f 126/129/133 127/130/134 129/132/136 
f 123/126/130 128/131/135 122/125/129 
f 122/125/129 128/131/135 130/133/137 
f 128/131/135 129/132/136 130/133/137 
f 121/124/128 122/125/129 130/133/137 
f 131/76/138 132/85/139 133/86/140 
f 132/85/139 134/84/141 133/86/140 
f 133/86/140 134/84/141 135/94/142 
f 134/84/141 136/96/143 135/94/142 
f 135/94/142 136/96/143 137/95/144 
f 136/96/143 138/107/145 137/95/144 
f 137/95/144 138/107/145 139/106/146 
f 138/107/145 140/111/147 139/106/146 
f 139/106/146 140/111/147 141/105/148 
f 140/111/147 142/118/149 141/105/148 
f 141/105/148 142/118/149 143/117/150 
f 142/118/149 144/129/151 143/117/150 
f 143/117/150 144/129/151 127/130/152 
f 144/129/151 129/132/153 127/130/152 
f 145/102/154 136/96/143 134/84/141 
f 141/105/148 146/98/155 139/106/146 
f 139/106/146 146/98/155 137/95/144 
f 146/98/155 147/93/156 137/95/144 
f 137/95/144 147/93/156 135/94/142 
f 147/93/156 133/86/140 135/94/142 
f 133/86/140 147/93/156 148/92/157 
f 147/93/156 146/98/155 149/97/158 
f 146/98/155 141/105/148 149/97/158 
f 149/97/158 141/105/148 150/104/159 
f 141/105/148 143/117/150 150/104/159 
f 150/104/159 143/117/150 113/116/160 
f 143/117/150 127/130/152 113/116/160 
f 147/93/156 149/97/158 148/92/157 
f 149/97/158 150/104/159 148/92/157 
f 148/92/157 150/104/159 151/103/161 
f 150/104/159 113/116/160 151/103/161 
f 151/103/161 113/116/160 112/115/162 
f 152/100/163 153/101/164 145/102/154 
f 145/102/154 153/101/164 136/96/143 
f 153/101/164 154/108/165 136/96/143 
f 136/96/143 154/108/165 138/107/145 
f 154/108/165 155/112/166 138/107/145 
f 138/107/145 155/112/166 140/111/147 
f 155/112/166 156/119/167 140/111/147 
f 140/111/147 156/119/167 142/118/149 
f 156/119/167 157/128/168 142/118/149 
f 142/118/149 157/128/168 144/129/151 
f 157/128/168 158/131/169 144/129/151 
f 144/129/151 158/131/169 129/132/153 
f 158/131/169 130/133/170 129/132/153 
f 159/99/171 153/101/164 152/100/163 
f 159/109/172 160/39/173 153/101/164 
f 153/101/164 160/39/173 154/108/165 
f 160/39/173 161/113/174 154/108/165 
f 154/108/165 161/113/174 155/112/166 
f 161/113/174 162/120/175 155/112/166 
f 155/112/166 162/120/175 156/119/167 
f 162/120/175 163/127/176 156/119/167 
f 156/119/167 163/127/176 157/128/168 
f 163/127/176 164/126/177 157/128/168 
f 157/128/168 164/126/177 158/131/169 
f 164/126/177 165/125/178 158/131/169 
f 158/131/169 165/125/179 130/133/170 
f 165/125/178 121/124/180 130/133/170 
f 166/33/181 167/35/182 168/34/183 
f 167/35/182 169/36/184 168/34/183 
f 168/34/183 169/36/185 160/39/173 
f 169/36/185 170/114/186 160/39/173 
f 160/39/173 170/114/186 161/113/174 
f 170/114/186 171/121/187 161/113/174 
f 161/113/174 171/121/188 162/120/175 
f 171/121/188 164/126/177 162/120/175 
f 162/120/175 164/126/177 163/127/176 
f 164/126/189 171/121/188 165/125/179 
f 165/125/179 171/121/188 172/122/190 
f 171/121/188 170/114/186 172/122/190 
f 172/122/190 170/114/186 36/38/191 
f 170/114/186 169/36/185 36/38/191 
f 36/38/191 169/36/185 35/37/192 
f 169/36/185 167/35/182 35/37/192 
f 35/37/192 167/35/182 173/134/193 
f 165/125/179 172/122/190 121/124/180 
f 121/124/180 172/122/190 120/123/194 
f 172/122/190 36/38/191 120/123/194 
f 173/134/193 174/135/195 35/37/192 
f 168/34/183 175/32/196 166/33/181 
f 166/33/181 175/32/196 176/31/197 
f 175/32/196 177/30/198 176/31/197 
f 177/30/198 178/29/199 176/31/197 
f 176/31/197 178/29/199 179/44/200 
f 178/29/199 180/43/201 179/44/200 
f 179/44/200 180/43/201 181/52/202 
f 180/43/201 182/51/203 181/52/202 
f 181/52/202 182/51/203 53/55/204 
f 182/51/203 54/56/205 53/55/204 
f 177/30/198 183/28/206 178/29/199 
f 183/28/206 184/27/207 178/29/199 
f 178/29/199 184/27/207 180/43/201 
f 184/27/207 185/45/208 180/43/201 
f 180/43/201 185/45/208 182/51/203 
f 185/45/208 186/50/209 182/51/203 
f 182/51/203 186/50/209 54/56/205 
f 186/50/209 55/57/210 54/56/205 
f 53/55/204 52/54/211 181/52/202 
f 52/54/211 187/53/212 181/52/202 
f 181/52/202 187/53/212 179/44/200 
f 187/53/212 166/33/181 179/44/200 
f 160/39/173 159/109/172 168/34/183 
f 159/109/172 188/110/213 168/34/183 
f 168/34/183 188/110/213 175/32/196 
f 188/110/213 189/40/214 175/32/196 
f 175/32/196 189/40/214 177/30/198 
f 189/40/214 190/41/215 177/30/198 
f 177/30/198 190/41/215 183/28/206 
f 190/41/215 191/26/216 183/28/206 
f 183/28/206 191/26/216 184/27/207 
f 191/26/216 192/25/217 184/27/207 
f 184/27/207 192/25/217 185/45/208 
f 192/25/217 193/46/218 185/45/208 
f 185/45/208 193/46/218 186/50/209 
f 193/46/218 194/49/219 186/50/209 
f 186/50/209 194/49/219 55/57/210 
f 194/49/219 56/58/220 55/57/210 
f 191/26/216 195/24/221 192/25/217 
f 195/24/221 196/23/222 192/25/217 
f 192/25/217 196/23/222 193/46/218 
f 196/23/222 197/47/223 193/46/218 
f 195/24/221 198/22/224 196/23/222 
f 190/41/215 189/40/214 191/26/216 
f 189/40/214 199/42/225 191/26/216 
f 191/26/216 199/42/225 195/24/221 
f 199/42/225 200/20/226 195/24/221 
f 195/24/221 200/20/226 198/22/224 
f 200/20/226 201/21/227 198/22/224 
f 198/22/224 201/21/227 196/23/222 
f 201/21/227 202/48/228 196/23/222 
f 196/23/222 202/48/228 197/47/223 
f 202/48/228 194/49/219 197/47/223 
f 197/47/223 194/49/219 193/46/218 
f 189/40/214 203/136/229 199/42/225 
f 203/136/229 204/137/230 199/42/225 
f 199/42/225 204/137/230 200/20/226 
f 204/137/230 205/19/231 200/20/226 
f 200/20/226 205/19/231 201/21/227 
f 205/19/231 206/61/232 201/21/227 
f 203/136/229 207/70/233 204/137/230 
f 207/70/233 208/63/234 204/137/230 
f 204/137/230 208/63/234 205/19/231 
f 208/63/234 209/60/235 205/19/231 
f 205/19/231 209/60/235 206/61/232 
f 209/60/235 210/59/236 206/61/232 
f 207/70/233 211/62/237 208/63/234 
f 211/62/237 212/64/238 208/63/234 
f 208/63/234 212/64/238 209/60/235 
f 212/64/238 213/65/239 209/60/235 
f 209/60/235 213/65/239 210/59/236 
f 213/65/239 214/66/240 210/59/236 
f 210/59/236 214/66/240 215/67/241 
f 214/66/240 66/68/242 215/67/241 
f 215/67/241 66/68/242 67/69/243 
f 188/110/213 216/138/244 189/40/214 
f 189/40/214 216/138/244 203/136/229 
f 216/138/244 217/139/245 203/136/229 
f 203/136/229 217/139/245 207/70/233 
f 217/139/245 218/71/246 207/70/233 
f 207/70/233 218/71/246 211/62/237 
f 218/71/246 219/72/247 211/62/237 
f 211/62/237 219/72/247 220/79/248 
f 219/72/247 78/80/249 220/79/248 
f 220/79/248 78/80/249 79/81/250 
f 159/99/171 221/140/251 188/110/213 
f 221/140/251 222/141/252 188/110/213 
f 188/110/213 222/141/252 216/138/244 
f 222/141/252 223/82/253 216/138/244 
f 216/138/244 223/82/253 217/139/245 
f 223/82/253 218/71/246 217/139/245 
f 78/80/249 219/72/247 76/78/254 
f 219/72/247 224/77/255 76/78/254 
f 76/78/254 224/77/255 87/89/256 
f 88/90/257 87/89/256 225/88/258 
f 87/89/256 224/77/255 225/88/258 
f 225/88/258 224/77/255 226/74/259 
f 224/77/255 219/72/247 226/74/259 
f 226/74/259 219/72/247 227/73/260 
f 219/72/247 218/71/246 227/73/260 
f 227/73/260 218/71/246 228/83/261 
f 218/71/246 223/82/253 228/83/261 
f 226/74/259 227/73/260 229/75/262 
f 229/75/262 131/76/138 226/74/259 
f 131/76/138 230/87/263 226/74/259 
f 226/74/259 230/87/263 225/88/258 
f 230/87/263 231/91/264 225/88/258 
f 225/88/258 231/91/264 88/90/257 
f 131/76/138 133/86/140 230/87/263 
f 133/86/140 148/92/157 230/87/263 
f 230/87/263 148/92/157 231/91/264 
f 148/92/157 151/103/161 231/91/264 
f 232/142/265 233/143/266 234/144/267 
f 234/144/267 233/143/266 235/145/268 
f 233/143/266 236/146/269 235/145/268 
f 235/145/268 236/146/269 237/147/270 
f 236/146/269 238/148/271 237/147/270 
f 237/147/270 238/148/271 239/149/272 
f 240/150/273 241/151/274 232/142/265 
f 232/142/265 241/151/274 233/143/266 
f 241/151/274 242/152/275 233/143/266 
f 233/143/266 242/152/275 236/146/269 
f 242/152/275 243/153/276 236/146/269 
f 236/146/269 243/153/276 238/148/271 
f 244/154/277 234/144/267 59/155/278 
f 234/144/267 235/145/268 59/155/278 
f 59/155/278 235/145/268 57/156/279 
f 235/145/268 237/147/270 57/156/279 
f 57/156/279 237/147/270 65/157/280 
f 237/147/270 239/149/272 65/157/280 
f 65/157/280 239/149/272 67/158/281 
f 245/159/282 246/160/283 247/161/284 
f 247/161/284 246/160/283 248/162/285 
f 246/160/283 249/163/286 248/162/285 
f 248/162/285 249/163/286 250/164/287 
f 249/163/286 251/165/288 250/164/287 
f 250/164/287 251/165/288 252/166/289 
f 251/165/288 253/167/290 252/166/289 
f 252/166/289 253/167/290 254/168/291 
f 253/167/290 255/169/292 254/168/291 
f 254/168/291 255/169/292 241/151/274 
f 255/169/292 256/170/293 241/151/274 
f 241/151/274 256/170/293 242/152/275 
f 256/170/293 257/171/294 242/152/275 
f 242/152/275 257/171/294 243/153/276 
f 255/169/292 258/172/295 256/170/293 
f 256/170/293 258/172/295 257/171/294 
f 258/172/295 259/173/296 257/171/294 
f 241/151/274 240/150/273 254/168/291 
f 240/150/273 260/174/297 254/168/291 
f 254/168/291 260/174/297 252/166/289 
f 260/174/297 261/175/298 252/166/289 
f 252/166/289 261/175/298 250/164/287 
f 261/175/298 262/176/299 250/164/287 
f 250/164/287 262/176/299 248/162/285 
f 262/176/299 263/177/300 248/162/285 
f 248/162/285 263/177/300 247/161/284 
f 264/178/301 265/179/302 261/175/298 
f 261/175/298 265/179/302 262/176/299 
f 265/179/302 266/180/303 262/176/299 
f 262/176/299 266/180/303 263/177/300 
f 46/181/304 47/182/305 264/178/301 
f 264/178/301 47/182/305 265/179/302 
f 47/182/305 56/183/306 265/179/302 
f 265/179/302 56/183/306 266/180/303 
f 259/173/296 258/172/295 267/184/307 
f 258/172/295 268/185/308 267/184/307 
f 267/184/307 268/185/308 269/186/309 
f 268/185/308 270/187/310 269/186/309 
f 269/186/309 270/187/310 271/188/311 
f 270/187/310 272/189/312 271/188/311 
f 271/188/311 272/189/312 273/190/313 
f 273/190/313 274/191/314 271/188/311 
f 271/188/311 274/191/314 275/192/315 
f 275/192/315 274/191/314 245/159/282 
f 245/159/282 274/191/314 246/160/283 
f 274/191/314 273/190/313 246/160/283 
f 246/160/283 273/190/313 249/163/286 
f 273/190/313 272/189/312 249/163/286 
f 249/163/286 272/189/312 251/165/288 
f 272/189/312 270/187/310 251/165/288 
f 251/165/288 270/187/310 253/167/290 
f 270/187/310 268/185/308 253/167/290 
f 253/167/290 268/185/308 255/169/292 
f 268/185/308 258/172/295 255/169/292 
f 276/193/316 277/194/316 278/195/317 
f 277/194/316 279/196/318 278/195/317 
f 278/195/317 279/196/318 280/197/319 
f 279/196/318 281/198/320 280/197/319 
f 280/197/319 281/198/320 282/199/321 
f 281/198/320 283/200/321 282/199/321 
f 282/199/321 283/200/321 284/201/322 
f 283/200/321 285/202/323 284/201/322 
f 284/201/322 285/202/323 286/203/324 
f 285/202/323 287/204/325 286/203/324 
f 277/194/316 276/193/316 287/204/325 
f 287/204/325 276/193/316 286/203/324 
f 288/205/326 289/206/327 290/207/328 
f 290/207/328 289/206/327 291/208/329 
f 289/206/327 292/209/330 291/208/329 
f 291/208/329 292/209/330 293/210/331 
f 292/209/330 289/206/327 294/211/332 
f 294/211/332 289/206/327 295/212/333 
f 289/206/327 288/205/326 295/212/333 
f 295/212/333 288/205/326 296/213/334 
f 294/211/332 295/212/333 297/214/335 
f 297/214/335 295/212/333 298/215/336 
f 295/212/333 296/213/334 298/215/336 
f 298/215/336 296/213/334 299/216/337 
f 297/214/335 298/215/336 300/217/338 
f 300/217/338 298/215/336 301/218/339 
f 298/215/336 299/216/337 301/218/339 
f 301/218/339 299/216/337 302/219/340 
f 303/220/341 304/221/342 305/222/343 
f 305/222/343 304/221/342 306/223/344 
f 304/221/342 307/224/345 306/223/344 
f 306/223/344 307/224/345 308/225/346 
f 307/224/345 309/226/347 308/225/346 
f 308/225/346 309/226/347 310/227/348 
f 309/226/347 311/228/349 310/227/348 
f 310/227/348 311/228/349 312/229/350 
f 313/230/351 314/231/352 303/220/341 
f 303/220/341 314/231/352 304/221/342 
f 314/231/352 315/232/353 304/221/342 
f 304/221/342 315/232/353 307/224/345 
f 315/232/353 316/233/354 307/224/345 
f 307/224/345 316/233/354 309/226/347 
f 316/233/354 317/234/355 309/226/347 
f 309/226/347 317/234/355 311/228/349 
f 318/208/356 319/206/357 320/207/358 
f 320/207/358 319/206/357 321/205/359 
f 319/206/357 322/212/360 321/205/359 
f 321/205/359 322/212/360 323/213/361 
f 322/212/360 324/215/362 323/213/361 
f 323/213/361 324/215/362 325/216/363 
f 324/215/362 326/218/364 325/216/363 
f 325/216/363 326/218/364 327/219/365 
f 328/210/366 329/209/367 318/208/356 
f 318/208/356 329/209/367 319/206/357 
f 329/209/367 330/211/368 319/206/357 
f 319/206/357 330/211/368 322/212/360 
f 330/211/368 331/214/369 322/212/360 
f 322/212/360 331/214/369 324/215/362 
f 331/214/369 332/217/370 324/215/362 
f 324/215/371 332/217/371 326/218/371 
f 333/229/372 334/228/373 335/227/374 
f 334/228/373 336/226/375 335/227/374 
f 335/227/374 336/226/375 337/225/376 
f 336/226/375 338/224/377 337/225/376 
f 337/225/376 338/224/377 339/223/344 
f 338/224/377 340/221/378 339/223/344 
f 339/223/344 340/221/378 341/222/379 
f 340/221/378 342/220/380 341/222/379 
f 334/228/373 343/234/381 336/226/375 
f 343/234/381 344/233/382 336/226/375 
f 336/226/375 344/233/382 338/224/377 
f 344/233/382 345/232/383 338/224/377 
f 338/224/377 345/232/383 340/221/378 
f 345/232/383 346/231/384 340/221/378 
f 340/221/378 346/231/384 342/220/380 
f 346/231/384 347/230/385 342/220/380 
f 348/235/386 349/236/386 350/237/386 
f 349/236/386 351/238/386 350/237/386 
f 350/237/386 351/238/386 352/239/386 
f 353/240/386 354/241/386 350/237/386 
f 350/237/386 354/241/386 348/235/386 
f 353/240/386 350/237/386 355/242/386 
f 355/242/386 350/237/386 356/243/386 
f 350/237/386 352/239/386 356/243/386 
f 357/62/387 358/79/388 359/64/389 
f 359/64/389 358/79/388 360/244/390 
f 358/79/388 361/81/391 360/244/390 
f 360/244/390 361/81/391 362/245/392 
f 363/68/393 364/66/394 362/245/392 
f 362/245/392 364/66/394 360/244/390 
f 364/66/394 365/65/395 360/244/390 
f 360/244/390 365/65/395 359/64/389 
f 366/246/396 367/247/397 60/248/398 
f 60/248/398 367/247/397 77/249/399 
f 367/247/397 368/250/400 77/249/399 
f 77/249/399 368/250/400 79/251/401 
f 366/246/396 369/252/402 367/247/397 
f 367/247/397 369/252/402 368/250/400 
f 369/252/402 370/253/403 368/250/400 
f 371/254/404 369/252/402 366/246/396 
f 372/255/386 373/255/386 374/255/386 
f 374/255/386 373/255/386 375/255/386 
f 373/255/386 376/255/386 375/255/386 
f 375/255/386 376/255/386 377/255/386 
f 378/256/405 379/257/406 380/256/405 
f 380/256/405 379/257/406 381/257/407 
f 379/257/406 382/258/408 381/257/407 
f 381/257/407 382/258/408 383/258/408 
f 384/259/409 385/260/410 386/259/409 
f 386/259/409 385/260/410 387/260/411 
f 385/260/410 378/256/405 387/260/411 
f 387/260/411 378/256/405 380/256/405 
f 388/261/412 389/262/413 390/261/412 
f 390/261/412 389/262/413 391/262/414 
f 389/262/413 384/259/415 391/262/414 
f 391/262/414 384/259/415 386/259/415 
f 382/258/416 392/263/417 383/258/416 
f 383/258/416 392/263/417 393/263/418 
f 392/263/417 388/261/419 393/263/418 
f 393/263/418 388/261/419 390/261/419 
f 378/256/420 385/260/421 379/257/422 
f 385/260/421 394/264/423 379/257/422 
f 379/257/422 394/264/423 382/258/424 
f 394/264/423 392/263/425 382/258/424 
f 385/260/421 384/259/426 394/264/423 
f 384/259/426 389/262/427 394/264/423 
f 394/264/423 389/262/427 392/263/425 
f 389/262/427 388/261/428 392/263/425 
f 380/256/429 381/257/430 387/260/431 
f 381/257/430 395/264/432 387/260/431 
f 387/260/431 395/264/432 386/259/433 
f 395/264/432 391/262/434 386/259/433 
f 381/257/430 383/258/435 395/264/432 
f 383/258/435 393/263/436 395/264/432 
f 395/264/432 393/263/436 391/262/434 
f 393/263/436 390/261/437 391/262/434 
f 396/265/438 397/266/438 398/267/439 
f 397/266/438 399/268/440 398/267/439 
f 398/267/439 399/268/440 400/269/441 
f 399/268/440 401/270/442 400/269/441 
f 400/269/441 401/270/442 402/271/443 
f 401/270/442 403/272/444 402/271/443 
f 402/271/443 403/272/444 404/273/445 
f 403/272/444 405/274/445 404/273/445 
f 404/275/446 405/276/446 406/277/447 
f 405/276/446 407/278/448 406/277/447 
f 406/277/447 407/278/448 408/279/449 
f 407/278/448 409/280/450 408/279/449 
f 408/279/449 409/280/450 410/281/451 
f 409/280/450 411/282/452 410/281/451 
f 410/281/451 411/282/452 396/283/453 
f 411/282/452 397/284/453 396/283/453 
f 412/285/454 412/285/454 413/286/455 
f 412/285/454 414/287/456 413/286/455 
f 413/286/455 414/287/456 415/288/457 
f 414/287/456 416/289/457 415/288/457 
f 417/288/458 418/289/458 419/286/459 
f 418/289/458 420/287/460 419/286/459 
f 419/286/459 420/287/460 421/285/461 
f 420/287/460 421/285/461 421/285/461 
f 422/258/408 423/258/408 424/257/407 
f 423/258/408 425/257/406 424/257/407 
f 424/257/407 425/257/406 426/256/405 
f 425/257/406 427/256/405 426/256/405 
f 426/256/405 427/256/405 428/260/411 
f 427/256/405 429/260/410 428/260/411 
f 428/260/411 429/260/410 430/259/409 
f 429/260/410 431/259/409 430/259/409 
f 430/259/415 431/259/415 432/262/414 
f 431/259/415 433/262/413 432/262/414 
f 432/262/414 433/262/413 434/261/412 
f 433/262/413 435/261/412 434/261/412 
f 434/261/419 435/261/419 436/263/418 
f 435/261/419 437/263/417 436/263/418 
f 436/263/418 437/263/417 422/258/416 
f 437/263/417 423/258/416 422/258/416 
f 427/256/462 425/257/463 429/260/464 
f 429/260/464 425/257/463 438/264/465 
f 425/257/463 423/258/466 438/264/465 
f 438/264/465 423/258/466 437/263/467 
f 429/260/464 438/264/465 431/259/468 
f 431/259/468 438/264/465 433/262/469 
f 438/264/465 437/263/467 433/262/469 
f 433/262/469 437/263/467 435/261/437 
f 426/256/470 428/260/471 424/257/472 
f 424/257/472 428/260/471 439/264/473 
f 428/260/471 430/259/474 439/264/473 
f 439/264/473 430/259/474 432/262/475 
f 424/257/472 439/264/473 422/258/476 
f 422/258/476 439/264/473 436/263/477 
f 439/264/473 432/262/475 436/263/477 
f 436/263/477 432/262/475 434/261/428 
f 440/290/386 441/291/386 442/292/386 
f 442/292/386 441/291/386 443/293/386 
f 441/291/386 444/294/386 443/293/386 
f 443/293/386 444/294/386 445/295/386 
f 444/294/386 446/296/386 445/295/386 
f 441/291/386 447/297/386 444/294/386 
f 447/297/386 448/298/386 444/294/386 
f 444/294/386 448/298/386 446/296/386 
f 448/298/386 449/299/386 446/296/386 
f 447/297/478 450/297/478 448/298/479 
f 450/297/478 451/298/480 448/298/479 
f 448/298/479 451/298/480 449/299/481 
f 451/298/480 452/299/481 449/299/481 
f 449/299/482 452/299/482 446/296/483 
f 452/299/482 453/296/484 446/296/483 
f 446/296/483 453/296/484 445/295/485 
f 453/296/484 454/295/485 445/295/485 
f 445/295/486 454/295/486 443/293/487 
f 454/295/486 455/293/488 443/293/487 
f 443/293/487 455/293/488 442/292/489 
f 455/293/488 456/300/490 442/292/489 
f 442/292/489 456/300/490 440/290/491 
f 456/300/490 457/290/492 440/290/491 
f 440/290/493 457/290/493 441/291/494 
f 457/290/493 458/291/495 441/291/494 
f 441/291/494 458/291/495 447/297/496 
f 458/291/495 450/297/496 447/297/496 
f 452/299/497 451/298/497 453/296/497 
f 453/296/497 451/298/497 459/294/497 
f 451/298/497 450/297/497 459/294/497 
f 459/294/497 450/297/497 458/291/497 
f 453/296/497 459/294/497 454/295/497 
f 454/295/497 459/294/497 455/293/497 
f 459/294/497 458/291/497 455/293/497 
f 455/293/497 458/291/497 456/300/497 
f 458/291/497 457/290/497 456/300/497 
f 460/301/498 461/302/499 462/303/500 
f 461/302/499 463/304/501 462/303/500 
f 462/303/500 463/304/501 464/305/502 
f 463/304/501 465/306/503 464/305/502 
f 464/305/502 465/306/503 466/307/504 
f 465/306/503 361/308/505 466/307/504 
f 466/307/504 361/308/505 467/309/506 
f 361/308/505 358/310/507 467/309/506 
f 467/309/506 358/310/507 468/311/508 
f 358/310/507 357/312/509 468/311/508 
f 468/311/508 357/312/509 469/313/510 
f 357/312/509 359/314/511 469/313/510 
f 469/313/510 359/314/511 470/315/512 
f 359/314/511 365/316/513 470/315/512 
f 470/315/512 365/316/513 471/317/514 
f 365/316/513 364/318/515 471/317/514 
f 471/317/514 364/318/515 472/319/516 
f 364/318/515 363/320/517 472/319/516 
f 472/319/516 363/320/517 473/321/518 
f 363/320/517 474/322/519 473/321/518 
f 473/321/518 474/322/519 475/323/520 
f 474/322/519 476/324/521 475/323/520 
f 461/302/499 460/301/498 476/324/521 
f 476/324/521 460/301/498 475/323/520 
f 68/70/71 69/71/72 477/139/522 
f 69/71/72 80/82/83 477/139/522 
f 477/139/522 80/82/83 478/138/523 
f 80/82/83 479/141/524 478/138/523 
f 478/138/523 479/141/524 107/110/114 
f 479/141/524 480/140/525 107/110/114 
f 107/110/114 480/140/525 97/99/101 
f 107/110/114 38/40/38 478/138/523 
f 38/40/38 481/136/526 478/138/523 
f 478/138/523 481/136/526 477/139/522 
f 481/136/526 68/70/71 477/139/522 
f 482/325/527 483/326/528 484/327/529 
f 483/326/528 485/328/530 484/327/529 
f 484/327/529 485/328/530 486/325/531 
f 485/328/530 487/326/532 486/325/531 
f 486/325/531 487/326/532 488/329/533 
f 487/326/532 489/330/534 488/329/533 
f 488/329/533 489/330/534 490/329/535 
f 489/330/534 491/330/536 490/329/535 
f 483/326/528 482/325/527 491/330/536 
f 491/330/536 482/325/527 490/329/535 
f 490/331/497 482/332/497 492/333/497 
f 482/332/497 484/334/497 492/333/497 
f 492/333/497 484/334/497 486/335/497 
f 490/331/497 492/333/497 488/336/497 
f 488/336/497 492/333/497 486/335/497 
f 493/337/537 485/328/538 494/338/539 
f 485/328/538 483/326/540 494/338/539 
f 494/338/539 483/326/540 495/339/541 
f 483/326/540 491/330/542 495/339/541 
f 495/339/541 491/330/542 496/339/543 
f 491/330/542 489/330/544 496/339/543 
f 496/339/543 489/330/544 497/338/545 
f 489/330/544 487/326/546 497/338/545 
f 497/338/545 487/326/546 493/337/537 
f 493/337/537 487/326/546 485/328/538 
f 498/340/547 499/341/547 500/342/548 
f 499/341/547 501/343/549 500/342/548 
f 500/342/548 501/343/549 502/344/550 
f 501/343/549 503/345/550 502/344/550 
f 504/344/551 505/345/551 506/346/552 
f 505/345/551 507/347/553 506/346/552 
f 506/346/552 507/347/553 508/348/554 
f 507/347/553 509/349/554 508/348/554 
f 499/255/555 498/255/555 509/255/555 
f 509/255/555 498/255/555 508/255/555 
f 503/350/556 501/351/557 505/352/558 
f 505/352/558 501/351/557 507/353/559 
f 501/351/557 499/354/497 507/353/559 
f 507/353/559 499/354/497 509/355/497 
f 502/350/560 504/352/561 500/351/562 
f 504/352/561 506/353/563 500/351/562 
f 500/351/562 506/353/563 498/354/386 
f 506/353/563 508/355/386 498/354/386 
f 510/356/564 511/357/564 512/358/564 
f 512/358/564 511/357/564 513/359/564 
f 514/360/565 515/361/565 510/362/565 
f 510/362/565 515/361/565 511/363/565 
f 516/364/566 517/365/566 514/366/566 
f 514/366/566 517/365/566 515/367/566 
f 512/368/567 513/369/567 516/370/567 
f 516/370/567 513/369/567 517/371/567 
f 510/372/497 512/373/497 514/374/497 
f 514/374/497 512/373/497 516/375/497 
f 517/375/386 513/373/386 515/374/386 
f 515/374/386 513/373/386 511/372/386 
f 11/239/497 9/238/497 518/237/497 
f 9/238/497 7/236/497 518/237/497 
f 518/237/497 7/236/497 3/235/497 
f 15/242/497 13/243/497 518/237/497 
f 518/237/497 13/243/497 11/239/497 
f 15/242/497 518/237/497 5/240/497 
f 5/240/497 518/237/497 2/241/497 
f 518/237/497 3/235/497 2/241/497 
f 1/235/386 6/236/386 519/237/386 
f 6/236/386 8/238/386 519/237/386 
f 519/237/386 8/238/386 10/239/386 
f 16/240/386 4/241/386 519/237/386 
f 519/237/386 4/241/386 1/235/386 
f 16/240/386 519/237/386 14/242/386 
f 14/242/386 519/237/386 12/243/386 
f 519/237/386 10/239/386 12/243/386 
f 520/376/568 521/377/568 522/378/568 
f 522/378/568 521/377/568 374/379/568 
f 523/378/569 372/379/569 524/376/569 
f 524/376/569 372/379/569 525/377/569 
f 526/380/570 377/381/570 527/380/570 
f 527/380/570 377/381/570 376/381/570 
f 520/382/497 522/383/497 524/384/497 
f 524/384/497 522/383/497 523/385/497 
f 372/255/386 374/255/386 525/255/386 
f 525/255/386 374/255/386 521/255/386 
f 528/386/571 529/387/571 530/388/571 
f 530/388/571 529/387/571 531/389/571 
f 532/388/572 533/389/572 534/386/572 
f 534/386/572 533/389/572 535/387/572 
f 530/255/570 531/255/570 532/255/570 
f 532/255/570 531/255/570 533/255/570 
f 528/390/497 530/391/497 534/392/497 
f 534/392/497 530/391/497 532/393/497 
f 533/393/386 531/391/386 535/392/386 
f 535/392/386 531/391/386 529/390/386 
f 536/394/573 537/394/573 538/395/573 
f 538/395/573 537/394/573 539/395/573 
f 540/396/574 541/396/574 542/397/574 
f 542/397/574 541/396/574 543/397/574 
f 538/395/575 539/395/575 540/396/575 
f 540/396/575 539/395/575 541/396/575 
f 536/394/497 538/395/497 542/397/497 
f 542/397/497 538/395/497 540/396/497 
f 541/396/386 539/395/386 543/397/386 
f 543/397/386 539/395/386 537/394/386 
f 544/274/445 545/272/444 546/273/445 
f 546/273/445 545/272/444 547/271/443 
f 545/272/444 548/270/442 547/271/443 
f 547/271/443 548/270/442 549/269/441 
f 548/270/442 550/268/440 549/269/441 
f 549/269/441 550/268/440 551/267/439 
f 550/268/440 552/266/438 551/267/439 
f 551/267/439 552/266/438 553/265/438 
f 552/284/453 554/282/452 553/283/453 
f 553/283/453 554/282/452 555/281/451 
f 554/282/452 556/280/450 555/281/451 
f 555/281/451 556/280/450 557/279/449 
f 556/280/450 558/278/448 557/279/449 
f 557/279/449 558/278/448 559/277/447 
f 558/278/448 544/276/446 559/277/447 
f 559/277/447 544/276/446 546/275/446 
f 560/289/576 561/287/577 562/288/576 
f 562/288/576 561/287/577 563/286/578 
f 561/287/577 564/398/461 563/286/578 
f 563/286/578 564/398/461 564/398/461 
f 565/398/454 566/287/579 565/398/454 
f 565/398/454 566/287/579 567/286/580 
f 566/287/579 568/289/581 567/286/580 
f 567/286/580 568/289/581 569/288/581 
f 564/398/582 564/398/582 564/398/582 
f 564/398/582 564/398/582 564/398/582 
f 560/289/583 568/289/583 561/287/584 
f 568/289/583 566/287/585 561/287/584 
f 561/287/584 566/287/585 564/398/586 
f 566/287/585 564/398/586 564/398/586 
f 570/285/587 567/286/588 570/285/587 
f 570/285/587 567/286/588 563/286/589 
f 567/286/588 569/288/590 563/286/589 
f 563/286/589 569/288/590 562/288/590 
f 571/399/591 572/400/592 97/401/593 
f 97/401/593 572/400/592 98/402/594 
f 572/400/592 573/403/595 98/402/594 
f 98/402/594 573/403/595 100/404/596 
f 573/403/595 574/405/597 100/404/596 
f 100/404/596 574/405/597 82/406/598 
f 574/405/597 575/407/599 82/406/598 
f 82/406/598 575/407/599 83/408/600 
f 575/407/599 576/409/601 83/408/600 
f 83/408/600 576/409/601 74/410/602 
f 576/411/603 577/412/604 74/413/605 
f 74/413/605 577/412/604 73/414/606 
f 577/412/604 578/415/607 73/414/606 
f 73/414/606 578/415/607 71/416/608 
f 81/417/609 71/416/608 578/418/609 
f 578/419/610 579/420/611 81/421/612 
f 81/421/612 579/420/611 80/422/613 
f 579/420/611 580/423/614 80/422/613 
f 80/422/613 580/423/614 479/424/615 
f 580/423/614 581/425/616 479/424/615 
f 479/424/615 581/425/616 480/426/617 
f 261/427/618 260/428/619 264/429/620 
f 260/428/619 582/430/621 264/429/620 
f 264/429/620 582/430/621 46/431/622 
f 582/430/621 19/432/623 46/431/622 
f 260/428/619 240/433/624 582/430/621 
f 240/433/624 244/434/625 582/430/621 
f 582/430/621 244/434/625 19/432/623 
f 244/434/625 59/435/626 19/432/623 
f 583/255/627 584/255/628 585/255/628 
f 585/255/628 584/255/628 586/255/629 
f 33/35/630 587/134/631 31/33/632 
f 587/134/631 588/436/633 31/33/632 
f 31/33/632 588/436/633 51/53/634 
f 589/437/635 590/438/635 89/91/635 
f 590/438/635 101/103/635 89/91/635 
f 590/438/636 591/439/637 101/103/637 
f 591/439/637 112/115/638 101/103/637 
f 592/440/639 589/437/640 88/90/640 
f 589/437/640 89/91/641 88/90/640 
f 52/54/642 51/53/643 593/441/644 
f 51/53/643 588/436/645 593/441/644 
f 593/441/644 588/436/645 174/135/646 
f 588/436/645 587/134/647 174/135/646 
f 38/442/648 40/443/649 481/444/650 
f 40/443/649 594/445/651 481/444/650 
f 481/444/650 594/445/651 68/446/652 
f 594/445/651 61/447/653 68/446/652 
f 40/443/649 18/448/654 594/445/651 
f 18/448/654 17/449/655 594/445/651 
f 594/445/651 17/449/655 61/447/653 
f 17/449/655 58/450/656 61/447/653 
f 464/305/657 466/307/658 462/303/659 
f 462/303/659 466/307/658 595/451/660 
f 466/307/658 467/309/661 595/451/660 
f 595/451/660 467/309/661 596/452/662 
f 467/309/661 597/453/663 596/452/662 
f 596/452/662 597/453/663 472/319/664 
f 597/453/663 471/317/665 472/319/664 
f 471/317/665 597/453/663 470/315/666 
f 470/315/666 597/453/663 468/311/667 
f 597/453/663 467/309/661 468/311/667 
f 469/313/668 470/315/666 468/311/667 
f 462/303/659 595/451/660 460/301/669 
f 460/301/669 595/451/660 475/323/670 
f 595/451/660 596/452/662 475/323/670 
f 475/323/670 596/452/662 473/321/671 
f 596/452/662 472/319/664 473/321/671 
f 598/398/582 598/398/582 598/398/582 
f 598/398/582 598/398/582 598/398/582 
f 416/289/583 414/287/584 418/289/583 
f 418/289/583 414/287/584 420/287/585 
f 414/287/584 598/398/586 420/287/585 
f 420/287/585 598/398/586 598/398/586 
f 415/288/590 417/288/590 413/286/589 
f 417/288/590 419/286/588 413/286/589 
f 413/286/589 419/286/588 412/285/587 
f 419/286/588 412/285/587 412/285/587 
f 131/410/672 576/409/673 132/408/674 
f 576/409/673 575/407/675 132/408/674 
f 132/408/674 575/407/675 134/406/676 
f 575/407/675 574/405/677 134/406/676 
f 134/406/676 574/405/677 145/404/678 
f 574/405/677 573/403/679 145/404/678 
f 145/404/678 573/403/679 152/402/680 
f 573/403/679 572/400/681 152/402/680 
f 152/402/680 572/400/681 159/401/682 
f 572/400/681 571/399/683 159/401/682 
f 227/416/684 578/415/685 229/414/686 
f 578/415/685 577/412/687 229/414/686 
f 229/414/686 577/412/687 131/413/688 
f 577/412/687 576/411/689 131/413/688 
f 227/416/684 228/417/690 578/418/690 
f 221/426/691 581/425/692 222/424/693 
f 581/425/692 580/423/694 222/424/693 
f 222/424/693 580/423/694 223/422/695 
f 580/423/694 579/420/611 223/422/695 
f 223/422/695 579/420/611 228/421/696 
f 579/420/611 578/419/610 228/421/696 
f 599/239/386 600/237/386 601/238/386 
f 601/238/386 600/237/386 602/236/386 
f 600/237/386 603/235/386 602/236/386 
f 604/242/386 600/237/386 605/243/386 
f 600/237/386 599/239/386 605/243/386 
f 604/242/386 606/240/386 600/237/386 
f 606/240/386 607/241/386 600/237/386 
f 600/237/386 607/241/386 603/235/386 
f 608/235/497 609/237/497 610/236/497 
f 610/236/497 609/237/497 611/238/497 
f 609/237/497 612/239/497 611/238/497 
f 613/240/497 609/237/497 614/241/497 
f 609/237/497 608/235/497 614/241/497 
f 613/240/497 615/242/497 609/237/497 
f 615/242/497 616/243/497 609/237/497 
f 609/237/497 616/243/497 612/239/497 
f 617/239/497 618/238/497 619/237/497 
f 618/238/497 620/236/497 619/237/497 
f 619/237/497 620/236/497 621/235/497 
f 622/242/497 623/243/497 619/237/497 
f 619/237/497 623/243/497 617/239/497 
f 622/242/497 619/237/497 624/240/497 
f 624/240/497 619/237/497 625/241/497 
f 619/237/497 621/235/497 625/241/497 
f 548/454/697 626/455/698 550/456/699 
f 550/456/699 626/455/698 552/457/700 
f 626/455/698 554/458/701 552/457/700 
f 544/459/702 626/455/698 545/460/703 
f 626/455/698 548/454/697 545/460/703 
f 544/459/702 558/461/704 626/455/698 
f 558/461/704 556/462/705 626/455/698 
f 626/455/698 556/462/705 554/458/701 
f 627/463/706 562/288/707 628/464/708 
f 562/288/707 569/288/709 628/464/708 
f 628/464/708 569/288/709 629/464/710 
f 569/288/709 568/289/711 629/464/710 
f 629/464/710 568/289/711 630/463/712 
f 568/289/711 560/289/713 630/463/712 
f 562/288/707 627/463/706 560/289/713 
f 560/289/713 627/463/706 630/463/712 
f 631/465/714 316/466/715 632/467/716 
f 316/466/715 315/468/717 632/467/716 
f 632/467/716 315/468/717 633/469/718 
f 315/468/717 314/470/719 633/469/718 
f 633/469/718 314/470/719 634/471/720 
f 314/470/719 313/472/721 634/471/720 
f 634/471/720 313/472/721 635/473/722 
f 313/472/721 302/219/723 635/473/722 
f 635/473/722 302/219/723 636/474/724 
f 302/219/723 299/216/725 636/474/724 
f 636/474/724 299/216/725 637/475/726 
f 299/216/725 296/213/727 637/475/726 
f 637/475/726 296/213/727 638/476/728 
f 296/213/727 288/205/729 638/476/728 
f 316/466/715 631/465/714 288/205/729 
f 288/205/729 631/465/714 638/476/728 
f 401/454/730 399/456/731 639/455/732 
f 399/456/731 397/457/733 639/455/732 
f 639/455/732 397/457/733 411/458/734 
f 405/459/735 403/460/736 639/455/732 
f 639/455/732 403/460/736 401/454/730 
f 405/459/735 639/455/732 407/461/737 
f 407/461/737 639/455/732 409/462/738 
f 639/455/732 411/458/734 409/462/738 
f 640/464/739 415/288/740 641/463/741 
f 415/288/740 416/289/742 641/463/741 
f 641/463/741 416/289/742 642/463/743 
f 416/289/742 418/289/744 642/463/743 
f 642/463/743 418/289/744 643/464/745 
f 418/289/744 417/288/746 643/464/745 
f 415/288/740 640/464/739 417/288/746 
f 417/288/746 640/464/739 643/464/745 
f 644/467/747 344/466/748 645/465/749 
f 344/466/748 321/205/750 645/465/749 
f 645/465/751 321/205/750 646/476/752 
f 321/205/750 323/213/753 646/476/752 
f 646/476/752 323/213/753 647/475/754 
f 323/213/753 325/216/755 647/475/754 
f 647/475/754 325/216/755 648/474/756 
f 325/216/755 327/219/757 648/474/756 
f 648/474/756 327/219/757 649/473/758 
f 327/219/757 347/472/759 649/473/758 
f 649/473/758 347/472/759 650/471/760 
f 347/472/759 346/470/761 650/471/760 
f 650/471/760 346/470/761 651/469/762 
f 346/470/761 345/468/763 651/469/762 
f 344/466/748 644/467/747 345/468/763 
f 345/468/763 644/467/747 651/469/762 
f 652/477/764 653/478/764 654/479/764 
f 654/479/764 653/478/764 655/480/764 
f 656/481/765 657/482/765 652/483/765 
f 652/483/765 657/482/765 653/484/765 
f 658/485/766 659/486/766 656/487/766 
f 656/487/766 659/486/766 657/488/766 
f 654/489/2 658/490/2 652/491/2 
f 652/491/2 658/490/2 656/492/2 
f 660/477/767 661/478/767 662/479/767 
f 662/479/767 661/478/767 663/480/767 
f 664/481/768 665/482/768 660/483/768 
f 660/483/768 665/482/768 661/484/768 
f 666/485/769 667/486/769 664/487/769 
f 664/487/769 667/486/769 665/488/769 
f 662/489/2 666/490/2 660/491/2 
f 660/491/2 666/490/2 664/492/2 
f 668/477/770 669/478/770 670/479/770 
f 670/479/770 669/478/770 671/480/770 
f 672/481/771 673/482/771 668/483/771 
f 668/483/771 673/482/771 669/484/771 
f 674/485/772 675/486/772 672/487/772 
f 672/487/772 675/486/772 673/488/772 
f 670/489/2 674/490/2 668/491/2 
f 668/491/2 674/490/2 672/492/2 
f 676/477/773 677/478/773 678/479/773 
f 678/479/773 677/478/773 679/480/773 
f 680/481/774 681/482/774 676/483/774 
f 676/483/774 681/482/774 677/484/774 
f 682/485/775 683/486/775 680/487/775 
f 680/487/775 683/486/775 681/488/775 
f 678/489/2 682/490/2 676/491/2 
f 676/491/2 682/490/2 680/492/2 
f 279/493/776 684/494/777 281/495/776 
f 281/495/776 684/494/777 685/496/778 
f 684/494/777 686/497/779 685/496/778 
f 685/496/778 686/497/779 687/498/779 
f 287/499/780 688/500/781 277/501/780 
f 277/501/780 688/500/781 689/502/782 
f 688/500/781 690/503/783 689/502/782 
f 689/502/782 690/503/783 691/504/783 
f 277/501/780 689/502/782 279/505/780 
f 279/505/780 689/502/782 684/506/784 
f 689/502/782 691/504/783 684/506/784 
f 684/506/784 691/504/783 686/507/783 
f 285/495/785 692/496/786 287/493/785 
f 287/493/785 692/496/786 688/494/787 
f 692/496/786 693/498/788 688/494/787 
f 688/494/787 693/498/788 690/497/788 
f 281/505/789 685/506/790 283/501/789 
f 283/501/789 685/506/790 694/502/791 
f 685/506/790 687/507/792 694/502/791 
f 694/502/791 687/507/792 695/504/792 
f 283/501/789 694/502/791 285/499/789 
f 285/499/789 694/502/791 692/500/793 
f 694/502/791 695/504/792 692/500/793 
f 692/500/793 695/504/792 693/503/792 
f 284/201/2 286/203/2 282/199/2 
f 286/203/2 276/193/2 282/199/2 
f 282/199/2 276/193/2 280/197/2 
f 276/193/2 278/195/2 280/197/2 
f 696/508/497 697/508/497 698/509/497 
f 699/510/794 700/510/794 701/511/794 
f 607/2/795 608/1/1 603/3/1 
f 608/1/1 607/2/795 614/4/796 
f 614/4/796 607/2/795 606/5/797 
f 614/4/796 606/5/797 613/18/798 
f 606/5/797 604/17/14 613/18/798 
f 613/18/798 604/17/14 615/16/13 
f 604/17/14 605/15/12 615/16/13 
f 615/16/13 605/15/12 616/14/11 
f 605/15/12 599/13/10 616/14/11 
f 616/14/11 599/13/10 612/12/9 
f 599/13/10 601/11/799 612/12/9 
f 612/12/9 601/11/799 611/10/800 
f 601/11/799 602/9/6 611/10/800 
f 611/10/800 602/9/6 610/8/5 
f 602/9/6 603/7/4 610/8/5 
f 610/8/5 603/7/4 608/6/4 
f 348/1/1 625/2/795 621/3/1 
f 348/1/1 354/4/796 625/2/795 
f 354/4/796 624/5/797 625/2/795 
f 348/6/4 621/7/4 349/8/5 
f 621/7/4 620/9/6 349/8/5 
f 349/8/5 620/9/6 351/10/800 
f 620/9/6 618/11/799 351/10/800 
f 351/10/800 618/11/799 352/12/9 
f 618/11/799 617/13/10 352/12/9 
f 352/12/9 617/13/10 356/14/11 
f 617/13/10 623/15/12 356/14/11 
f 356/14/11 623/15/12 355/16/13 
f 623/15/12 622/17/14 355/16/13 
f 355/16/13 622/17/14 353/18/798 
f 622/17/14 624/5/797 353/18/798 
f 353/18/798 624/5/797 354/4/796 
f 234/512/801 244/513/801 583/514/801 
f 585/515/802 586/516/802 232/517/802 
f 240/518/803 232/517/803 586/516/803 
f 31/33/804 42/44/804 29/31/804 
f 702/513/805 703/512/805 704/514/805 
f 705/516/806 706/515/806 707/517/806 
f 707/517/807 708/518/807 705/516/807 
f 179/44/808 166/33/808 176/31/808 
f 221/519/809 159/520/810 581/521/811 
f 581/521/811 159/520/810 571/522/570 
f 571/522/570 97/520/812 581/521/811 
f 581/521/811 97/520/812 480/519/813 
f 696/508/814 698/509/815 709/523/815 
f 709/523/815 698/509/815 710/524/816 
f 711/523/817 710/524/818 697/508/818 
f 697/508/818 710/524/818 698/509/819 
f 709/523/2 711/523/2 696/508/2 
f 696/508/2 711/523/2 697/508/2 
f 712/525/820 713/526/821 700/510/821 
f 700/510/821 713/526/821 701/511/822 
f 699/510/823 701/511/824 714/525/824 
f 714/525/824 701/511/824 713/526/825 
f 700/510/826 699/510/826 712/525/826 
f 712/525/826 699/510/826 714/525/826 
f 715/527/386 716/528/386 717/529/386 
f 717/529/386 716/528/386 718/530/386 
f 719/8/827 720/8/827 715/8/827 
f 715/8/827 720/8/827 716/8/827 
f 721/529/497 722/530/497 719/527/497 
f 719/527/497 722/530/497 720/528/497 
f 717/531/828 718/532/828 721/533/828 
f 721/533/828 718/532/828 722/534/828 
f 715/535/829 717/536/829 719/537/829 
f 719/537/829 717/536/829 721/538/829 
f 363/68/830 362/245/831 474/66/832 
f 362/245/831 723/244/833 474/66/832 
f 474/66/832 723/244/833 476/65/834 
f 723/244/833 461/64/835 476/65/834 
f 362/245/831 361/81/836 723/244/833 
f 361/81/836 465/79/837 723/244/833 
f 723/244/833 465/79/837 461/64/835 
f 465/79/837 463/62/838 461/64/835 
f 63/539/839 724/540/840 62/541/841 
f 724/540/840 725/542/842 62/541/841 
f 62/541/841 725/542/842 60/543/843 
f 725/542/842 726/544/844 60/543/843 
f 60/543/843 726/544/844 366/545/845 
f 726/544/844 371/546/846 366/545/845 
f 727/547/847 728/548/848 729/549/849 
f 728/548/848 730/550/850 729/549/849 
f 729/549/849 730/550/850 724/551/851 
f 730/550/850 725/552/852 724/551/851 
f 725/552/852 730/550/850 726/553/853 
f 726/553/853 730/550/850 731/554/854 
f 730/550/850 728/548/848 731/554/854 
f 731/554/854 728/548/848 732/555/855 
f 370/556/856 369/557/857 732/555/855 
f 732/555/855 369/557/857 731/554/854 
f 369/557/857 371/558/858 731/554/854 
f 731/554/854 371/558/858 726/553/853 
f 727/559/859 729/560/860 66/561/861 
f 729/560/860 64/562/862 66/561/861 
f 64/562/862 729/560/860 63/563/863 
f 729/560/860 724/564/864 63/563/863 
f 733/246/865 211/248/866 734/247/867 
f 211/248/866 220/249/868 734/247/867 
f 734/247/867 220/249/868 368/250/869 
f 220/249/868 79/251/870 368/250/869 
f 733/246/865 734/247/867 735/252/871 
f 734/247/867 368/250/869 735/252/871 
f 735/252/871 368/250/869 370/253/872 
f 735/252/871 736/254/873 733/246/865 
f 213/539/874 212/541/875 737/540/876 
f 737/540/876 212/541/875 738/542/877 
f 212/541/875 211/543/878 738/542/877 
f 738/542/877 211/543/878 739/544/879 
f 211/543/878 733/545/880 739/544/879 
f 739/544/879 733/545/880 736/546/881 
f 727/547/882 740/549/883 728/548/884 
f 728/548/884 740/549/883 741/550/885 
f 740/549/883 737/551/886 741/550/885 
f 741/550/885 737/551/886 738/552/887 
f 738/552/887 739/553/888 741/550/885 
f 739/553/888 742/554/889 741/550/885 
f 741/550/885 742/554/889 728/548/884 
f 742/554/889 732/555/855 728/548/884 
f 739/553/888 736/558/890 742/554/889 
f 736/558/890 735/557/891 742/554/889 
f 742/554/889 735/557/891 732/555/855 
f 735/557/891 370/556/892 732/555/855 
f 727/559/893 66/561/894 740/560/895 
f 740/560/895 66/561/894 214/562/896 
f 214/562/896 213/563/897 740/560/895 
f 740/560/895 213/563/897 737/564/898 
f 743/380/899 744/381/899 745/565/900 
f 744/381/899 746/566/901 745/565/900 
f 745/565/900 746/566/901 747/378/902 
f 746/566/901 748/379/902 747/378/902 
f 749/567/386 743/568/386 750/569/386 
f 743/568/386 745/570/386 750/569/386 
f 750/569/386 745/570/386 751/385/386 
f 745/570/386 747/383/386 751/385/386 
f 752/381/903 749/380/903 753/566/904 
f 749/380/903 750/565/905 753/566/904 
f 753/566/904 750/565/905 754/379/906 
f 750/565/905 751/378/906 754/379/906 
f 744/255/497 752/255/497 746/255/497 
f 752/255/497 753/255/497 746/255/497 
f 746/255/497 753/255/497 748/255/497 
f 753/255/497 754/255/497 748/255/497 
f 755/376/568 747/378/568 756/377/568 
f 747/378/568 748/379/568 756/377/568 
f 751/378/569 757/376/569 754/379/569 
f 757/376/569 758/377/569 754/379/569 
f 743/380/570 749/380/570 744/381/570 
f 749/380/570 752/381/570 744/381/570 
f 755/382/386 757/384/386 747/383/386 
f 757/384/386 751/385/386 747/383/386 
f 754/255/497 758/255/497 748/255/497 
f 758/255/497 756/255/497 748/255/497 
f 759/386/571 760/388/571 761/387/571 
f 760/388/571 762/389/571 761/387/571 
f 763/388/572 764/386/572 765/389/572 
f 764/386/572 766/387/572 765/389/572 
f 760/255/570 763/255/570 762/255/570 
f 763/255/570 765/255/570 762/255/570 
f 759/390/386 764/392/386 760/391/386 
f 764/392/386 763/393/386 760/391/386 
f 765/393/497 766/392/497 762/391/497 
f 766/392/497 761/390/497 762/391/497 
f 526/380/899 767/565/900 377/381/899 
f 377/381/899 767/565/900 375/566/901 
f 767/565/900 522/378/902 375/566/901 
f 375/566/901 522/378/902 374/379/902 
f 527/567/497 768/569/497 526/568/497 
f 526/568/497 768/569/497 767/570/497 
f 768/569/497 523/385/497 767/570/497 
f 767/570/497 523/385/497 522/383/497 
f 376/381/903 373/566/904 527/380/903 
f 527/380/903 373/566/904 768/565/905 
f 373/566/904 372/379/906 768/565/905 
f 768/565/905 372/379/906 523/378/906 
f 33/35/33 35/37/35 587/134/907 
f 587/134/907 35/37/35 174/135/908 
f 583/514/909 244/513/910 584/571/911 
f 244/513/910 240/518/912 584/571/911 
f 584/571/911 240/518/912 586/516/913 
f 583/514/914 585/515/915 234/512/915 
f 585/515/915 232/517/916 234/512/915 
f 590/438/917 589/437/918 591/439/918 
f 591/439/918 589/437/918 592/440/919 
f 290/207/827 291/208/920 317/207/827 
f 317/207/827 291/208/920 311/208/921 
f 291/208/920 293/210/922 311/208/921 
f 311/208/921 293/210/922 312/210/922 
f 288/205/923 290/207/924 316/466/924 
f 290/207/924 317/207/925 316/466/924 
f 636/474/926 637/475/927 635/473/928 
f 635/473/928 637/475/927 634/471/929 
f 637/475/927 638/476/930 634/471/929 
f 634/471/929 638/476/930 633/469/931 
f 638/476/930 631/465/932 633/469/931 
f 633/469/931 631/465/932 632/467/933 
f 300/217/934 301/218/935 305/572/934 
f 305/572/934 301/218/935 303/573/936 
f 301/218/935 302/219/937 303/573/936 
f 303/573/936 302/219/937 313/472/938 
f 705/516/939 708/518/940 769/571/941 
f 708/518/940 702/513/942 769/571/941 
f 769/571/941 702/513/942 704/514/943 
f 704/514/944 703/512/945 706/515/945 
f 706/515/945 703/512/945 707/517/946 
f 704/255/947 706/255/948 769/255/948 
f 706/255/948 705/255/949 769/255/948 
f 67/158/950 239/149/951 215/157/952 
f 215/157/952 239/149/951 770/147/953 
f 239/149/951 238/148/954 770/147/953 
f 770/147/953 238/148/954 771/146/955 
f 238/148/954 243/153/956 771/146/955 
f 771/146/955 243/153/956 772/152/957 
f 243/153/956 257/171/958 772/152/957 
f 772/152/957 257/171/958 773/170/959 
f 257/171/958 774/172/960 773/170/959 
f 773/170/959 774/172/960 775/169/961 
f 774/172/960 776/185/962 775/169/961 
f 775/169/961 776/185/962 777/167/963 
f 776/185/962 778/187/964 777/167/963 
f 777/167/963 778/187/964 779/165/965 
f 778/187/964 780/189/966 779/165/965 
f 779/165/965 780/189/966 781/163/967 
f 780/189/966 782/190/968 781/163/967 
f 781/163/967 782/190/968 783/160/969 
f 257/171/958 259/173/970 774/172/960 
f 259/173/970 267/184/971 774/172/960 
f 774/172/960 267/184/971 776/185/962 
f 267/184/971 269/186/972 776/185/962 
f 776/185/962 269/186/972 778/187/964 
f 269/186/972 271/188/973 778/187/964 
f 778/187/964 271/188/973 780/189/966 
f 271/188/973 782/190/968 780/189/966 
f 772/152/957 773/170/959 784/151/974 
f 773/170/959 775/169/961 784/151/974 
f 784/151/974 775/169/961 785/168/975 
f 775/169/961 777/167/963 785/168/975 
f 785/168/975 777/167/963 786/166/976 
f 777/167/963 779/165/965 786/166/976 
f 786/166/976 779/165/965 787/164/977 
f 779/165/965 781/163/967 787/164/977 
f 787/164/977 781/163/967 788/162/978 
f 781/163/967 783/160/969 788/162/978 
f 788/162/978 783/160/969 247/161/979 
f 783/160/969 245/159/980 247/161/979 
f 782/190/968 789/191/981 783/160/969 
f 783/160/969 789/191/981 245/159/980 
f 789/191/981 275/192/982 245/159/980 
f 782/190/968 271/188/973 789/191/981 
f 271/188/973 275/192/982 789/191/981 
f 247/161/979 263/177/983 788/162/978 
f 263/177/983 790/176/984 788/162/978 
f 788/162/978 790/176/984 787/164/977 
f 790/176/984 791/175/985 787/164/977 
f 787/164/977 791/175/985 786/166/976 
f 791/175/985 792/174/986 786/166/976 
f 786/166/976 792/174/986 785/168/975 
f 792/174/986 708/150/987 785/168/975 
f 785/168/975 708/150/987 784/151/974 
f 263/177/983 266/180/988 790/176/984 
f 266/180/988 793/179/989 790/176/984 
f 790/176/984 793/179/989 791/175/985 
f 793/179/989 794/178/990 791/175/985 
f 791/175/985 794/178/990 792/174/986 
f 794/178/990 795/574/991 792/174/986 
f 792/174/986 795/574/991 708/150/987 
f 795/574/991 702/154/992 708/150/987 
f 206/155/993 702/154/992 201/575/994 
f 702/154/992 795/574/991 201/575/994 
f 201/575/994 795/574/991 202/181/995 
f 795/574/991 794/178/990 202/181/995 
f 202/181/995 794/178/990 194/182/996 
f 794/178/990 793/179/989 194/182/996 
f 194/182/996 793/179/989 56/183/997 
f 793/179/989 266/180/988 56/183/997 
f 215/157/952 770/147/953 210/156/998 
f 770/147/953 796/145/999 210/156/998 
f 210/156/998 796/145/999 206/155/993 
f 796/145/999 703/144/1000 206/155/993 
f 206/155/993 703/144/1000 702/154/992 
f 770/147/953 771/146/955 796/145/999 
f 771/146/955 797/143/1001 796/145/999 
f 796/145/999 797/143/1001 703/144/1000 
f 797/143/1001 707/142/1002 703/144/1000 
f 771/146/955 772/152/957 797/143/1001 
f 772/152/957 784/151/974 797/143/1001 
f 797/143/1001 784/151/974 707/142/1002 
f 784/151/974 708/150/987 707/142/1002 
f 187/53/1003 798/436/1004 166/33/1005 
f 798/436/1004 173/134/1006 166/33/1005 
f 166/33/1005 173/134/1006 167/35/1007 
f 799/437/1008 231/91/1008 800/438/1008 
f 800/438/1008 231/91/1008 151/103/1008 
f 800/438/1009 151/103/1010 591/439/1010 
f 591/439/1010 151/103/1010 112/115/1011 
f 592/440/1012 88/90/1013 799/437/1013 
f 799/437/1013 88/90/1013 231/91/1014 
f 52/54/1015 593/441/1016 187/53/1017 
f 187/53/1017 593/441/1016 798/436/1018 
f 593/441/1016 174/135/1019 798/436/1018 
f 798/436/1018 174/135/1019 173/134/1020 
f 800/438/1021 591/439/1022 799/437/1022 
f 591/439/1022 592/440/1023 799/437/1022 
f 333/210/1024 328/210/1024 334/208/1025 
f 328/210/1024 318/208/1026 334/208/1025 
f 334/208/1025 318/208/1026 343/207/827 
f 318/208/1026 320/207/827 343/207/827 
f 321/205/1027 344/466/1028 320/207/1028 
f 320/207/1028 344/466/1028 343/207/1029 
f 644/467/1030 645/465/1031 651/469/1032 
f 645/465/1031 646/476/1033 651/469/1032 
f 651/469/1032 646/476/1033 650/471/1034 
f 646/476/1033 647/475/1035 650/471/1034 
f 650/471/1034 647/475/1035 649/473/1036 
f 647/475/1035 648/474/1037 649/473/1036 
f 347/472/1038 327/219/1039 342/573/1040 
f 327/219/1039 326/218/1041 342/573/1040 
f 342/573/1040 326/218/1041 341/572/1042 
f 326/218/1041 332/217/1042 341/572/1042 
# 1417 faces

